TEMPLATE_ID,CURRENCY_CODE,CREATED_BY
300000004159272,USD,System.Administrator
300000004159329,USD,System.Administrator
300000004159387,USD,System.Administrator
300000004159442,USD,System.Administrator
300000004159460,USD,System.Administrator
300000004159484,EUR,System.Administrator
300000004159502,EUR,System.Administrator
300000004159508,EUR,System.Administrator
300000004159517,EUR,System.Administrator
300000004159547,EUR,System.Administrator
300000004159628,GBP,System.Administrator
300000004159646,GBP,System.Administrator
300000004159653,GBP,System.Administrator
300000004159656,GBP,System.Administrator
300000003272298,AUD,System.Administrator
300000003272301,AUD,System.Administrator
300000003272319,AUD,System.Administrator
300000003272324,AUD,System.Administrator
300000003272336,AUD,System.Administrator
300000003272339,AUD,System.Administrator
300000004159687,CHF,System.Administrator
300000004159753,SGD,System.Administrator
300000004159768,SGD,System.Administrator
300000004159804,SGD,System.Administrator
300000004159810,SGD,System.Administrator
300000004159819,SGD,System.Administrator
300000004159825,HKD,System.Administrator
300000004159834,HKD,System.Administrator
300000004159840,HKD,System.Administrator
300000004159864,HKD,System.Administrator
300000004159873,HKD,System.Administrator
300000004159876,HKD,System.Administrator
300000004159888,HKD,System.Administrator
300000004159900,NZD,System.Administrator
300000004159933,NZD,System.Administrator
300000004159939,NZD,System.Administrator
300000004159942,NZD,System.Administrator
300000004159945,NZD,System.Administrator
300000004159948,NZD,System.Administrator
300000004159969,AED,System.Administrator
300000004159987,AED,System.Administrator
300000010354168,AED,System.Administrator
300000011542401,CNY,System.Administrator
300000011542407,SGD,System.Administrator
300000011542410,CAD,System.Administrator
300000011542413,NZD,System.Administrator
300000031260568,KRW,Naqeeb.Ullah@adia.ae
300000010354195,GBP,System.Administrator
300000010354216,AED,System.Administrator
300000039619588,USD,Naqeeb.Ullah@adia.ae
300000039619593,EUR,Naqeeb.Ullah@adia.ae
300000039619595,GBP,Naqeeb.Ullah@adia.ae
300000039619599,AUD,Naqeeb.Ullah@adia.ae
300000039619604,CHF,Naqeeb.Ullah@adia.ae
300000039619607,NZD,Naqeeb.Ullah@adia.ae
300000004159439,USD,System.Administrator
300000004159457,USD,System.Administrator
300000004159505,EUR,System.Administrator
300000004159523,EUR,System.Administrator
300000004159529,EUR,System.Administrator
300000004159532,EUR,System.Administrator
300000004159541,EUR,System.Administrator
300000004159553,EUR,System.Administrator
300000004159574,GBP,System.Administrator
300000004159612,GBP,System.Administrator
300000004159617,GBP,System.Administrator
300000004159633,GBP,System.Administrator
300000004159639,GBP,System.Administrator
300000004159659,GBP,System.Administrator
300000003272316,AUD,System.Administrator
300000003272322,AUD,System.Administrator
300000003272333,AUD,System.Administrator
300000004159690,CHF,System.Administrator
300000004159693,CHF,System.Administrator
300000004159705,CHF,System.Administrator
300000004159711,CHF,System.Administrator
300000004159717,CHF,System.Administrator
300000004159738,CHF,System.Administrator
300000004159744,CHF,System.Administrator
300000004159747,CHF,System.Administrator
300000004159750,SGD,System.Administrator
300000004159762,SGD,System.Administrator
300000004159783,SGD,System.Administrator
300000004159798,SGD,System.Administrator
300000004159837,HKD,System.Administrator
300000004159870,HKD,System.Administrator
300000004159882,HKD,System.Administrator
300000004159897,NZD,System.Administrator
300000004159912,NZD,System.Administrator
300000004159915,NZD,System.Administrator
300000004159966,AED,System.Administrator
300000004168014,AED,System.Administrator
300000004168026,AED,System.Administrator
300000004168035,AED,System.Administrator
300000010354192,USD,System.Administrator
300000010354201,CHF,System.Administrator
300000010354207,JPY,System.Administrator
300000010354210,AUD,System.Administrator
300000011542398,RUB,System.Administrator
300000011542404,INR,System.Administrator
300000039619591,AED,Naqeeb.Ullah@adia.ae
300000039619597,HKD,Naqeeb.Ullah@adia.ae
300000039619610,SGD,Naqeeb.Ullah@adia.ae
300000004159245,USD,System.Administrator
300000004159255,USD,System.Administrator
300000004159451,USD,System.Administrator
300000004159454,USD,System.Administrator
300000004159489,EUR,System.Administrator
300000004159568,GBP,System.Administrator
300000004159598,GBP,System.Administrator
300000004159623,GBP,System.Administrator
300000004159665,GBP,System.Administrator
300000003272278,AUD,System.Administrator
300000003272284,AUD,System.Administrator
300000003272304,AUD,System.Administrator
300000003272307,AUD,System.Administrator
300000003272313,AUD,System.Administrator
300000003272330,AUD,System.Administrator
300000004159720,CHF,System.Administrator
300000004159723,CHF,System.Administrator
300000004159726,CHF,System.Administrator
300000004159729,CHF,System.Administrator
300000004159771,SGD,System.Administrator
300000004159816,SGD,System.Administrator
300000004159843,HKD,System.Administrator
300000004159852,HKD,System.Administrator
300000004159861,HKD,System.Administrator
300000004159867,HKD,System.Administrator
300000004159885,HKD,System.Administrator
300000004159906,NZD,System.Administrator
300000004159924,NZD,System.Administrator
300000004159930,NZD,System.Administrator
300000004159936,NZD,System.Administrator
300000004159954,NZD,System.Administrator
300000004159960,NZD,System.Administrator
300000004159978,AED,System.Administrator
300000004159990,AED,System.Administrator
300000004159993,AED,System.Administrator
300000004168005,AED,System.Administrator
300000004168023,AED,System.Administrator
300000004168032,AED,System.Administrator
300000010354204,HKD,System.Administrator
300000010354213,EUR,System.Administrator
300000010354219,USD,System.Administrator
300000004159207,USD,System.Administrator
300000004159269,USD,System.Administrator
300000004159275,USD,System.Administrator
300000004159446,USD,System.Administrator
300000004159463,USD,System.Administrator
300000004159466,USD,System.Administrator
300000004159492,EUR,System.Administrator
300000004159511,EUR,System.Administrator
300000004159526,EUR,System.Administrator
300000004159535,EUR,System.Administrator
300000004159538,EUR,System.Administrator
300000004159550,EUR,System.Administrator
300000004159559,GBP,System.Administrator
300000004159565,GBP,System.Administrator
300000004159571,GBP,System.Administrator
300000004159577,GBP,System.Administrator
300000004159586,GBP,System.Administrator
300000004159662,GBP,System.Administrator
300000003272281,AUD,System.Administrator
300000003272287,AUD,System.Administrator
300000004159675,AUD,System.Administrator
300000004159678,CHF,System.Administrator
300000004159684,CHF,System.Administrator
300000004159708,CHF,System.Administrator
300000004159735,CHF,System.Administrator
300000004159741,CHF,System.Administrator
300000004159756,SGD,System.Administrator
300000004159774,SGD,System.Administrator
300000004159777,SGD,System.Administrator
300000004159780,SGD,System.Administrator
300000004159786,SGD,System.Administrator
300000004159792,SGD,System.Administrator
300000004159795,SGD,System.Administrator
300000004159801,SGD,System.Administrator
300000004159807,SGD,System.Administrator
300000004159849,HKD,System.Administrator
300000004159855,HKD,System.Administrator
300000004159909,NZD,System.Administrator
300000004159918,NZD,System.Administrator
300000004159921,NZD,System.Administrator
300000004159927,NZD,System.Administrator
300000004159999,AED,System.Administrator
300000004168029,AED,System.Administrator
300000010354198,EUR,System.Administrator
300000010354232,GBP,System.Administrator
300000031689056,JPY,Naqeeb.Ullah@adia.ae
300000004159137,USD,System.Administrator
300000004159179,USD,System.Administrator
300000004159192,USD,System.Administrator
300000004159221,USD,System.Administrator
300000004159235,USD,System.Administrator
300000004159469,USD,System.Administrator
300000004159473,USD,System.Administrator
300000004159495,EUR,System.Administrator
300000004159499,EUR,System.Administrator
300000004159514,EUR,System.Administrator
300000004159520,EUR,System.Administrator
300000004159544,EUR,System.Administrator
300000004159556,EUR,System.Administrator
300000004159562,GBP,System.Administrator
300000004159582,GBP,System.Administrator
300000004159591,GBP,System.Administrator
300000004159620,GBP,System.Administrator
300000003272290,AUD,System.Administrator
300000003272295,AUD,System.Administrator
300000003272310,AUD,System.Administrator
300000003272327,AUD,System.Administrator
300000003272342,AUD,System.Administrator
300000004159672,AUD,System.Administrator
300000004159681,CHF,System.Administrator
300000004159696,CHF,System.Administrator
300000004159699,CHF,System.Administrator
300000004159702,CHF,System.Administrator
300000004159714,CHF,System.Administrator
300000004159732,CHF,System.Administrator
300000004159759,SGD,System.Administrator
300000004159765,SGD,System.Administrator
300000004159789,SGD,System.Administrator
300000004159813,SGD,System.Administrator
300000004159822,HKD,System.Administrator
300000004159828,HKD,System.Administrator
300000004159831,HKD,System.Administrator
300000004159846,HKD,System.Administrator
300000004159858,HKD,System.Administrator
300000004159879,HKD,System.Administrator
300000004159891,HKD,System.Administrator
300000004159894,NZD,System.Administrator
300000004159903,NZD,System.Administrator
300000004159951,NZD,System.Administrator
300000004159957,NZD,System.Administrator
300000004159963,NZD,System.Administrator
300000004159972,AED,System.Administrator
300000004159975,AED,System.Administrator
300000004159981,AED,System.Administrator
300000004159984,AED,System.Administrator
300000004159996,AED,System.Administrator
300000004168002,AED,System.Administrator
300000004168008,AED,System.Administrator
300000004168011,AED,System.Administrator
300000004168017,AED,System.Administrator
300000004168020,AED,System.Administrator
