ORG_ID,DISTRIBUTION_SET_ID,PERCENT_DISTRIBUTION,DIST_CODE_COMBINATION_ID,CREATED_BY
300000009013059,300000009978606,100,711088,System.Administrator
300000009013059,300000009978607,100,711089,System.Administrator
300000009013059,300000009978608,100,711090,System.Administrator
300000009013059,300000009978609,100,746981,System.Administrator
300000009013059,300000009978610,100,746651,System.Administrator
300000009013059,300000009978611,100,748675,System.Administrator
300000009013059,300000009978612,100,746944,System.Administrator
300000009013059,300000009978613,100,711091,System.Administrator
300000009013059,300000009978614,100,711091,System.Administrator
300000009013059,300000009978615,100,711091,System.Administrator
300000009013059,300000009978616,100,711091,System.Administrator
300000009013059,300000009978617,100,711091,System.Administrator
300000009013059,300000009978618,100,711092,System.Administrator
300000009013059,300000029779413,100,756401,svcERPProdServiceAdm@adia.ae
