ORG_ID,DISTRIBUTION_SET_ID,DISTRIBUTION_SET_NAME,TOTAL_PERCENT_DISTRIBUTION
300000009013059,300000009978606,Court Order Payment,100
300000009013059,300000009978607,Employees on Overseas Scholarship,100
300000009013059,300000009978608,Scholarship Program North America - Tuition fee,100
300000009013059,300000009978609,Scholarship Program UK - Tuition fee,100
300000009013059,300000009978610,Scholarship Program Singapore - Tuition fee,100
300000009013059,300000009978611,Scholarship Program Japan - Tuition fee,100
300000009013059,300000009978612,Scholarship Program North China - Tuition fee,100
300000009013059,300000009978613,Scholarship Program North America - Insurance,100
300000009013059,300000009978614,Scholarship Program UK - Insurance,100
300000009013059,300000009978615,Scholarship Program Singapore - Insurance,100
300000009013059,300000009978616,Scholarship Program Japan - Insurance,100
300000009013059,300000009978617,Scholarship Program North China - Insurance,100
300000009013059,300000009978618,HR Visa cost,100
300000009013059,300000029779413,Scholarship Program UAE - Tuition fee,100
