CALENDAR_NAME,APPLICATION_ID,CALENDAR_TYPE,PERIOD_NAME,START_DATE,PERIOD_YEAR
OPEX REC CAL,200,GENERAL,Mar-23,2023-03-01T00:00:00.000+00:00,2023
OPEX REC CAL,200,GENERAL,Apr-23,2023-04-01T00:00:00.000+00:00,2023
OPEX REC CAL,200,GENERAL,May-23,2023-05-01T00:00:00.000+00:00,2023
OPEX REC CAL,200,GENERAL,Jun-23,2023-06-01T00:00:00.000+00:00,2023
OPEX REC CAL,200,GENERAL,Jul-23,2023-07-01T00:00:00.000+00:00,2023
OPEX REC CAL,200,GENERAL,Aug-23,2023-08-01T00:00:00.000+00:00,2023
OPEX REC CAL,200,GENERAL,Sep-23,2023-09-01T00:00:00.000+00:00,2023
OPEX REC CAL,200,GENERAL,Oct-23,2023-10-01T00:00:00.000+00:00,2023
OPEX REC CAL,200,GENERAL,Nov-23,2023-11-01T00:00:00.000+00:00,2023
OPEX REC CAL,200,GENERAL,Dec-23,2023-12-01T00:00:00.000+00:00,2023
OPEX REC CAL,200,GENERAL,Jan-24,2024-01-01T00:00:00.000+00:00,2024
OPEX REC CAL,200,GENERAL,Feb-24,2024-02-01T00:00:00.000+00:00,2024
OPEX REC CAL,200,GENERAL,Mar-24,2024-03-01T00:00:00.000+00:00,2024
OPEX REC CAL,200,GENERAL,Apr-24,2024-04-01T00:00:00.000+00:00,2024
OPEX REC CAL,200,GENERAL,May-24,2024-05-01T00:00:00.000+00:00,2024
OPEX REC CAL,200,GENERAL,Jun-24,2024-06-01T00:00:00.000+00:00,2024
OPEX REC CAL,200,GENERAL,Jul-24,2024-07-01T00:00:00.000+00:00,2024
OPEX REC CAL,200,GENERAL,Aug-24,2024-08-01T00:00:00.000+00:00,2024
OPEX REC CAL,200,GENERAL,Sep-24,2024-09-01T00:00:00.000+00:00,2024
OPEX REC CAL,200,GENERAL,Oct-24,2024-10-01T00:00:00.000+00:00,2024
OPEX REC CAL,200,GENERAL,Nov-24,2024-11-01T00:00:00.000+00:00,2024
OPEX REC CAL,200,GENERAL,Dec-24,2024-12-01T00:00:00.000+00:00,2024
OPEX REC CAL,200,GENERAL,Jan-25,2025-01-01T00:00:00.000+00:00,2025
OPEX REC CAL,200,GENERAL,Feb-25,2025-02-01T00:00:00.000+00:00,2025
OPEX REC CAL,200,GENERAL,Mar-25,2025-03-01T00:00:00.000+00:00,2025
OPEX REC CAL,200,GENERAL,Apr-25,2025-04-01T00:00:00.000+00:00,2025
OPEX REC CAL,200,GENERAL,May-25,2025-05-01T00:00:00.000+00:00,2025
OPEX REC CAL,200,GENERAL,Jun-25,2025-06-01T00:00:00.000+00:00,2025
OPEX REC CAL,200,GENERAL,Jul-25,2025-07-01T00:00:00.000+00:00,2025
OPEX REC CAL,200,GENERAL,Aug-25,2025-08-01T00:00:00.000+00:00,2025
OPEX REC CAL,200,GENERAL,Sep-25,2025-09-01T00:00:00.000+00:00,2025
OPEX REC CAL,200,GENERAL,Oct-25,2025-10-01T00:00:00.000+00:00,2025
OPEX REC CAL,200,GENERAL,Nov-25,2025-11-01T00:00:00.000+00:00,2025
OPEX REC CAL,200,GENERAL,Dec-25,2025-12-01T00:00:00.000+00:00,2025
OPEX REC CAL,200,GENERAL,Jan-26,2026-01-01T00:00:00.000+00:00,2026
OPEX REC CAL,200,GENERAL,Feb-26,2026-02-01T00:00:00.000+00:00,2026
OPEX REC CAL,200,GENERAL,Mar-26,2026-03-01T00:00:00.000+00:00,2026
OPEX REC CAL,200,GENERAL,Apr-26,2026-04-01T00:00:00.000+00:00,2026
OPEX REC CAL,200,GENERAL,May-26,2026-05-01T00:00:00.000+00:00,2026
OPEX REC CAL,200,GENERAL,Jun-26,2026-06-01T00:00:00.000+00:00,2026
OPEX REC CAL,200,GENERAL,Jul-26,2026-07-01T00:00:00.000+00:00,2026
OPEX REC CAL,200,GENERAL,Aug-26,2026-08-01T00:00:00.000+00:00,2026
OPEX REC CAL,200,GENERAL,Sep-26,2026-09-01T00:00:00.000+00:00,2026
OPEX REC CAL,200,GENERAL,Oct-26,2026-10-01T00:00:00.000+00:00,2026
OPEX REC CAL,200,GENERAL,Nov-26,2026-11-01T00:00:00.000+00:00,2026
OPEX REC CAL,200,GENERAL,Dec-26,2026-12-01T00:00:00.000+00:00,2026
ADIA REC CAL Q,200,GENERAL,Quarter3-24,2024-07-01T00:00:00.000+00:00,2024
ADIA REC CAL Q,200,GENERAL,Quarter4-24,2024-10-01T00:00:00.000+00:00,2024
ADIA REC CAL Q,200,GENERAL,Quarter1-25,2025-01-01T00:00:00.000+00:00,2025
ADIA REC CAL Q,200,GENERAL,Quarter2-25,2025-04-01T00:00:00.000+00:00,2025
ADIA REC CAL Q,200,GENERAL,Quarter1-24,2024-01-01T00:00:00.000+00:00,2024
ADIA REC CAL Q,200,GENERAL,Quarter2-24,2024-04-01T00:00:00.000+00:00,2024
ADIA REC CAL Q,200,GENERAL,Quarter3-25,2025-07-01T00:00:00.000+00:00,2025
ADIA REC CAL Q,200,GENERAL,Quarter4-25,2025-10-01T00:00:00.000+00:00,2025
ADIA REC CAL Q,200,GENERAL,Quarter1-26,2026-01-01T00:00:00.000+00:00,2026
ADIA REC CAL Q,200,GENERAL,Quarter2-26,2026-04-01T00:00:00.000+00:00,2026
ADIA REC CAL Q,200,GENERAL,Quarter3-26,2026-07-01T00:00:00.000+00:00,2026
ADIA REC CAL Q,200,GENERAL,Quarter4-26,2026-10-01T00:00:00.000+00:00,2026
ADIA REC CAL Q,200,GENERAL,Quarter1-27,2027-01-01T00:00:00.000+00:00,2027
ADIA REC CAL Q,200,GENERAL,Quarter2-27,2027-04-01T00:00:00.000+00:00,2027
ADIA REC CAL Q,200,GENERAL,Quarter3-27,2027-07-01T00:00:00.000+00:00,2027
ADIA REC CAL Q,200,GENERAL,Quarter4-27,2027-10-01T00:00:00.000+00:00,2027
OPEX REC CAL,200,GENERAL,Jan-16,2016-01-01T00:00:00.000+00:00,2016
OPEX REC CAL,200,GENERAL,Feb-16,2016-02-01T00:00:00.000+00:00,2016
OPEX REC CAL,200,GENERAL,Mar-16,2016-03-01T00:00:00.000+00:00,2016
OPEX REC CAL,200,GENERAL,Apr-16,2016-04-01T00:00:00.000+00:00,2016
OPEX REC CAL,200,GENERAL,May-16,2016-05-01T00:00:00.000+00:00,2016
OPEX REC CAL,200,GENERAL,Jun-16,2016-06-01T00:00:00.000+00:00,2016
OPEX REC CAL,200,GENERAL,Jul-16,2016-07-01T00:00:00.000+00:00,2016
OPEX REC CAL,200,GENERAL,Aug-16,2016-08-01T00:00:00.000+00:00,2016
OPEX REC CAL,200,GENERAL,Sep-16,2016-09-01T00:00:00.000+00:00,2016
OPEX REC CAL,200,GENERAL,Oct-16,2016-10-01T00:00:00.000+00:00,2016
OPEX REC CAL,200,GENERAL,Nov-16,2016-11-01T00:00:00.000+00:00,2016
OPEX REC CAL,200,GENERAL,Dec-16,2016-12-01T00:00:00.000+00:00,2016
OPEX REC CAL,200,GENERAL,Feb-20,2020-02-01T00:00:00.000+00:00,2020
OPEX REC CAL,200,GENERAL,Mar-20,2020-03-01T00:00:00.000+00:00,2020
OPEX REC CAL,200,GENERAL,Apr-20,2020-04-01T00:00:00.000+00:00,2020
OPEX REC CAL,200,GENERAL,May-20,2020-05-01T00:00:00.000+00:00,2020
OPEX REC CAL,200,GENERAL,Jun-20,2020-06-01T00:00:00.000+00:00,2020
OPEX REC CAL,200,GENERAL,Jul-20,2020-07-01T00:00:00.000+00:00,2020
OPEX REC CAL,200,GENERAL,Aug-20,2020-08-01T00:00:00.000+00:00,2020
OPEX REC CAL,200,GENERAL,Sep-20,2020-09-01T00:00:00.000+00:00,2020
OPEX REC CAL,200,GENERAL,Oct-20,2020-10-01T00:00:00.000+00:00,2020
OPEX REC CAL,200,GENERAL,Nov-20,2020-11-01T00:00:00.000+00:00,2020
OPEX REC CAL,200,GENERAL,Dec-20,2020-12-01T00:00:00.000+00:00,2020
OPEX REC CAL,200,GENERAL,Jan-21,2021-01-01T00:00:00.000+00:00,2021
OPEX REC CAL,200,GENERAL,Feb-21,2021-02-01T00:00:00.000+00:00,2021
OPEX REC CAL,200,GENERAL,Mar-21,2021-03-01T00:00:00.000+00:00,2021
OPEX REC CAL,200,GENERAL,Apr-21,2021-04-01T00:00:00.000+00:00,2021
OPEX REC CAL,200,GENERAL,May-21,2021-05-01T00:00:00.000+00:00,2021
OPEX REC CAL,200,GENERAL,Jun-21,2021-06-01T00:00:00.000+00:00,2021
OPEX REC CAL,200,GENERAL,Jul-21,2021-07-01T00:00:00.000+00:00,2021
OPEX REC CAL,200,GENERAL,Aug-21,2021-08-01T00:00:00.000+00:00,2021
OPEX REC CAL,200,GENERAL,Sep-21,2021-09-01T00:00:00.000+00:00,2021
OPEX REC CAL,200,GENERAL,Oct-21,2021-10-01T00:00:00.000+00:00,2021
OPEX REC CAL,200,GENERAL,Nov-21,2021-11-01T00:00:00.000+00:00,2021
OPEX REC CAL,200,GENERAL,Dec-21,2021-12-01T00:00:00.000+00:00,2021
OPEX REC CAL,200,GENERAL,Jan-22,2022-01-01T00:00:00.000+00:00,2022
OPEX REC CAL,200,GENERAL,Feb-22,2022-02-01T00:00:00.000+00:00,2022
OPEX REC CAL,200,GENERAL,Mar-22,2022-03-01T00:00:00.000+00:00,2022
OPEX REC CAL,200,GENERAL,Apr-22,2022-04-01T00:00:00.000+00:00,2022
OPEX REC CAL,200,GENERAL,May-22,2022-05-01T00:00:00.000+00:00,2022
OPEX REC CAL,200,GENERAL,Jun-22,2022-06-01T00:00:00.000+00:00,2022
OPEX REC CAL,200,GENERAL,Jul-22,2022-07-01T00:00:00.000+00:00,2022
OPEX REC CAL,200,GENERAL,Aug-22,2022-08-01T00:00:00.000+00:00,2022
OPEX REC CAL,200,GENERAL,Sep-22,2022-09-01T00:00:00.000+00:00,2022
OPEX REC CAL,200,GENERAL,Oct-22,2022-10-01T00:00:00.000+00:00,2022
OPEX REC CAL,200,GENERAL,Nov-22,2022-11-01T00:00:00.000+00:00,2022
OPEX REC CAL,200,GENERAL,Dec-22,2022-12-01T00:00:00.000+00:00,2022
OPEX REC CAL,200,GENERAL,Jan-23,2023-01-01T00:00:00.000+00:00,2023
OPEX REC CAL,200,GENERAL,Feb-23,2023-02-01T00:00:00.000+00:00,2023
OPEX REC CAL,200,GENERAL,Jan-17,2017-01-01T00:00:00.000+00:00,2017
OPEX REC CAL,200,GENERAL,Feb-17,2017-02-01T00:00:00.000+00:00,2017
OPEX REC CAL,200,GENERAL,Mar-17,2017-03-01T00:00:00.000+00:00,2017
OPEX REC CAL,200,GENERAL,Apr-17,2017-04-01T00:00:00.000+00:00,2017
OPEX REC CAL,200,GENERAL,May-17,2017-05-01T00:00:00.000+00:00,2017
OPEX REC CAL,200,GENERAL,Jun-17,2017-06-01T00:00:00.000+00:00,2017
OPEX REC CAL,200,GENERAL,Jul-17,2017-07-01T00:00:00.000+00:00,2017
OPEX REC CAL,200,GENERAL,Aug-17,2017-08-01T00:00:00.000+00:00,2017
OPEX REC CAL,200,GENERAL,Sep-17,2017-09-01T00:00:00.000+00:00,2017
OPEX REC CAL,200,GENERAL,Oct-17,2017-10-01T00:00:00.000+00:00,2017
OPEX REC CAL,200,GENERAL,Nov-17,2017-11-01T00:00:00.000+00:00,2017
OPEX REC CAL,200,GENERAL,Dec-17,2017-12-01T00:00:00.000+00:00,2017
OPEX REC CAL,200,GENERAL,Jan-18,2018-01-01T00:00:00.000+00:00,2018
OPEX REC CAL,200,GENERAL,Feb-18,2018-02-01T00:00:00.000+00:00,2018
OPEX REC CAL,200,GENERAL,Mar-18,2018-03-01T00:00:00.000+00:00,2018
OPEX REC CAL,200,GENERAL,Apr-18,2018-04-01T00:00:00.000+00:00,2018
OPEX REC CAL,200,GENERAL,May-18,2018-05-01T00:00:00.000+00:00,2018
OPEX REC CAL,200,GENERAL,Jun-18,2018-06-01T00:00:00.000+00:00,2018
OPEX REC CAL,200,GENERAL,Jul-18,2018-07-01T00:00:00.000+00:00,2018
OPEX REC CAL,200,GENERAL,Aug-18,2018-08-01T00:00:00.000+00:00,2018
OPEX REC CAL,200,GENERAL,Sep-18,2018-09-01T00:00:00.000+00:00,2018
OPEX REC CAL,200,GENERAL,Oct-18,2018-10-01T00:00:00.000+00:00,2018
OPEX REC CAL,200,GENERAL,Nov-18,2018-11-01T00:00:00.000+00:00,2018
OPEX REC CAL,200,GENERAL,Dec-18,2018-12-01T00:00:00.000+00:00,2018
OPEX REC CAL,200,GENERAL,Jan-19,2019-01-01T00:00:00.000+00:00,2019
OPEX REC CAL,200,GENERAL,Feb-19,2019-02-01T00:00:00.000+00:00,2019
OPEX REC CAL,200,GENERAL,Mar-19,2019-03-01T00:00:00.000+00:00,2019
OPEX REC CAL,200,GENERAL,Apr-19,2019-04-01T00:00:00.000+00:00,2019
OPEX REC CAL,200,GENERAL,May-19,2019-05-01T00:00:00.000+00:00,2019
OPEX REC CAL,200,GENERAL,Jun-19,2019-06-01T00:00:00.000+00:00,2019
OPEX REC CAL,200,GENERAL,Jul-19,2019-07-01T00:00:00.000+00:00,2019
OPEX REC CAL,200,GENERAL,Aug-19,2019-08-01T00:00:00.000+00:00,2019
OPEX REC CAL,200,GENERAL,Sep-19,2019-09-01T00:00:00.000+00:00,2019
OPEX REC CAL,200,GENERAL,Oct-19,2019-10-01T00:00:00.000+00:00,2019
OPEX REC CAL,200,GENERAL,Nov-19,2019-11-01T00:00:00.000+00:00,2019
OPEX REC CAL,200,GENERAL,Dec-19,2019-12-01T00:00:00.000+00:00,2019
OPEX REC CAL,200,GENERAL,Jan-20,2020-01-01T00:00:00.000+00:00,2020
