TEMPLATE_ID,ORG_ID,CREATED_BY
300000004159272,300000003738410,System.Administrator
300000004159329,300000003738358,System.Administrator
300000004159387,300000003738345,System.Administrator
300000004159442,300000003738553,System.Administrator
300000004159460,300000003738501,System.Administrator
300000004159463,300000003738514,System.Administrator
300000004159484,300000003738289,System.Administrator
300000004159502,300000003738250,System.Administrator
300000004159508,300000003738384,System.Administrator
300000004159517,300000003738423,System.Administrator
300000004159586,300000003738397,System.Administrator
300000004159628,300000003738449,System.Administrator
300000004159646,300000003738488,System.Administrator
300000004159653,300000003738501,System.Administrator
300000004159656,300000003738514,System.Administrator
300000003272298,300000003738371,System.Administrator
300000003272301,300000003738384,System.Administrator
300000003272319,300000003738436,System.Administrator
300000003272324,300000003738449,System.Administrator
300000003272336,300000003738501,System.Administrator
300000003272339,300000003738514,System.Administrator
300000004159687,300000003738263,System.Administrator
300000004159753,300000003738302,System.Administrator
300000004159768,300000003738371,System.Administrator
300000004159804,300000003738488,System.Administrator
300000004159810,300000003738514,System.Administrator
300000004159819,300000003738332,System.Administrator
300000004159825,300000003738302,System.Administrator
300000004159834,300000003738315,System.Administrator
300000004159840,300000003738371,System.Administrator
300000004159864,300000003738553,System.Administrator
300000004159873,300000003738475,System.Administrator
300000004159876,300000003738488,System.Administrator
300000004159888,300000003738540,System.Administrator
300000004159900,300000003738276,System.Administrator
300000004159933,300000003738436,System.Administrator
300000004159939,300000003738449,System.Administrator
300000004159942,300000003738462,System.Administrator
300000004159945,300000003738475,System.Administrator
300000004159948,300000003738488,System.Administrator
300000004159957,300000003738527,System.Administrator
300000004159969,300000003738302,System.Administrator
300000004159987,300000003738384,System.Administrator
300000004168002,300000003738345,System.Administrator
300000010354216,300000009013059,System.Administrator
300000010354235,300000009013059,System.Administrator
300000011542407,300000009013059,System.Administrator
300000011542410,300000009013059,System.Administrator
300000011542413,300000009013059,System.Administrator
300000031260568,300000009013059,Naqeeb.Ullah@adia.ae
300000004159439,300000003738436,System.Administrator
300000004159454,300000003738475,System.Administrator
300000004159457,300000003738488,System.Administrator
300000004159505,300000003738371,System.Administrator
300000004159523,300000003738345,System.Administrator
300000004159529,300000003738553,System.Administrator
300000004159532,300000003738449,System.Administrator
300000004159541,300000003738488,System.Administrator
300000004159544,300000003738501,System.Administrator
300000004159547,300000003738514,System.Administrator
300000004159553,300000003738540,System.Administrator
300000004159574,300000003738250,System.Administrator
300000004159612,300000003738358,System.Administrator
300000004159617,300000003738345,System.Administrator
300000004159633,300000003738462,System.Administrator
300000003272316,300000003738345,System.Administrator
300000003272330,300000003738475,System.Administrator
300000003272333,300000003738488,System.Administrator
300000004159690,300000003738315,System.Administrator
300000004159693,300000003738250,System.Administrator
300000004159705,300000003738410,System.Administrator
300000004159711,300000003738358,System.Administrator
300000004159717,300000003738436,System.Administrator
300000004159738,300000003738514,System.Administrator
300000004159744,300000003738540,System.Administrator
300000004159747,300000003738332,System.Administrator
300000004159750,300000003738289,System.Administrator
300000004159762,300000003738315,System.Administrator
300000004159783,300000003738358,System.Administrator
300000004159798,300000003738462,System.Administrator
300000004159837,300000003738250,System.Administrator
300000004159846,300000003738397,System.Administrator
300000004159870,300000003738462,System.Administrator
300000004159882,300000003738514,System.Administrator
300000004159897,300000003738302,System.Administrator
300000004159912,300000003738371,System.Administrator
300000004159915,300000003738384,System.Administrator
300000004159966,300000003738289,System.Administrator
300000004168014,300000003738462,System.Administrator
300000004168017,300000003738475,System.Administrator
300000004168026,300000003738514,System.Administrator
300000004168035,300000003738332,System.Administrator
300000010354168,300000009013059,System.Administrator
300000010354192,300000009013059,System.Administrator
300000010354201,300000009013059,System.Administrator
300000010354207,300000009013059,System.Administrator
300000010354210,300000009013059,System.Administrator
300000011542398,300000009013059,System.Administrator
300000011542404,300000009013059,System.Administrator
300000039619599,300000039651768,Naqeeb.Ullah@adia.ae
300000039619604,300000039651768,Naqeeb.Ullah@adia.ae
300000039619593,300000039651768,Naqeeb.Ullah@adia.ae
300000004159245,300000003738371,System.Administrator
300000004159255,300000003738384,System.Administrator
300000004159451,300000003738462,System.Administrator
300000004159489,300000003738302,System.Administrator
300000004159598,300000003738423,System.Administrator
300000004159623,300000003738553,System.Administrator
300000004159639,300000003738475,System.Administrator
300000004159665,300000003738332,System.Administrator
300000003272278,300000003738289,System.Administrator
300000003272284,300000003738276,System.Administrator
300000003272307,300000003738410,System.Administrator
300000003272313,300000003738358,System.Administrator
300000004159672,300000003738540,System.Administrator
300000004159675,300000003738332,System.Administrator
300000004159720,300000003738553,System.Administrator
300000004159723,300000003738449,System.Administrator
300000004159726,300000003738462,System.Administrator
300000004159729,300000003738475,System.Administrator
300000004159771,300000003738384,System.Administrator
300000004159801,300000003738475,System.Administrator
300000004159816,300000003738540,System.Administrator
300000004159843,300000003738384,System.Administrator
300000004159852,300000003738423,System.Administrator
300000004159861,300000003738436,System.Administrator
300000004159867,300000003738449,System.Administrator
300000004159885,300000003738527,System.Administrator
300000004159906,300000003738315,System.Administrator
300000004159930,300000003738345,System.Administrator
300000004159954,300000003738514,System.Administrator
300000004159960,300000003738540,System.Administrator
300000004159978,300000003738315,System.Administrator
300000004159990,300000003738397,System.Administrator
300000004159993,300000003738410,System.Administrator
300000004168005,300000003738436,System.Administrator
300000004168023,300000003738501,System.Administrator
300000004168032,300000003738540,System.Administrator
300000010354198,300000009013059,System.Administrator
300000010354204,300000009013059,System.Administrator
300000010354213,300000009013059,System.Administrator
300000010354219,300000009013059,System.Administrator
300000039619595,300000039651768,Naqeeb.Ullah@adia.ae
300000039619597,300000039651768,Naqeeb.Ullah@adia.ae
300000039619607,300000039651768,Naqeeb.Ullah@adia.ae
300000039619588,300000039651768,Naqeeb.Ullah@adia.ae
300000004159207,300000003738263,System.Administrator
300000004159269,300000003738397,System.Administrator
300000004159275,300000003738423,System.Administrator
300000004159446,300000003738449,System.Administrator
300000004159466,300000003738527,System.Administrator
300000004159492,300000003738276,System.Administrator
300000004159511,300000003738397,System.Administrator
300000004159526,300000003738436,System.Administrator
300000004159535,300000003738462,System.Administrator
300000004159538,300000003738475,System.Administrator
300000004159550,300000003738527,System.Administrator
300000004159559,300000003738289,System.Administrator
300000004159565,300000003738276,System.Administrator
300000004159571,300000003738315,System.Administrator
300000004159577,300000003738371,System.Administrator
300000004159659,300000003738527,System.Administrator
300000004159662,300000003738540,System.Administrator
300000003272281,300000003738302,System.Administrator
300000003272287,300000003738263,System.Administrator
300000003272290,300000003738315,System.Administrator
300000004159678,300000003738289,System.Administrator
300000004159684,300000003738276,System.Administrator
300000004159708,300000003738423,System.Administrator
300000004159735,300000003738501,System.Administrator
300000004159741,300000003738527,System.Administrator
300000004159756,300000003738276,System.Administrator
300000004159774,300000003738397,System.Administrator
300000004159777,300000003738410,System.Administrator
300000004159780,300000003738423,System.Administrator
300000004159786,300000003738345,System.Administrator
300000004159792,300000003738553,System.Administrator
300000004159795,300000003738449,System.Administrator
300000004159807,300000003738501,System.Administrator
300000004159849,300000003738410,System.Administrator
300000004159855,300000003738358,System.Administrator
300000004159909,300000003738250,System.Administrator
300000004159918,300000003738397,System.Administrator
300000004159921,300000003738410,System.Administrator
300000004159927,300000003738358,System.Administrator
300000004159975,300000003738263,System.Administrator
300000004159996,300000003738423,System.Administrator
300000004159999,300000003738358,System.Administrator
300000004168029,300000003738527,System.Administrator
300000011542401,300000009013059,System.Administrator
300000031689056,300000003738332,Naqeeb.Ullah@adia.ae
300000039619591,300000039651768,Naqeeb.Ullah@adia.ae
300000039619610,300000039651768,Naqeeb.Ullah@adia.ae
300000004159137,300000003738289,System.Administrator
300000004159179,300000003738302,System.Administrator
300000004159192,300000003738276,System.Administrator
300000004159221,300000003738315,System.Administrator
300000004159235,300000003738250,System.Administrator
300000004159469,300000003738540,System.Administrator
300000004159473,300000003738332,System.Administrator
300000004159495,300000003738263,System.Administrator
300000004159499,300000003738315,System.Administrator
300000004159514,300000003738410,System.Administrator
300000004159520,300000003738358,System.Administrator
300000004159556,300000003738332,System.Administrator
300000004159562,300000003738302,System.Administrator
300000004159568,300000003738263,System.Administrator
300000004159582,300000003738384,System.Administrator
300000004159591,300000003738410,System.Administrator
300000004159620,300000003738436,System.Administrator
300000003272295,300000003738250,System.Administrator
300000003272304,300000003738397,System.Administrator
300000003272310,300000003738423,System.Administrator
300000003272327,300000003738462,System.Administrator
300000003272342,300000003738527,System.Administrator
300000004159681,300000003738302,System.Administrator
300000004159696,300000003738371,System.Administrator
300000004159699,300000003738384,System.Administrator
300000004159702,300000003738397,System.Administrator
300000004159714,300000003738345,System.Administrator
300000004159732,300000003738488,System.Administrator
300000004159759,300000003738263,System.Administrator
300000004159765,300000003738250,System.Administrator
300000004159789,300000003738436,System.Administrator
300000004159813,300000003738527,System.Administrator
300000004159822,300000003738289,System.Administrator
300000004159828,300000003738276,System.Administrator
300000004159831,300000003738263,System.Administrator
300000004159858,300000003738345,System.Administrator
300000004159879,300000003738501,System.Administrator
300000004159891,300000003738332,System.Administrator
300000004159894,300000003738289,System.Administrator
300000004159903,300000003738263,System.Administrator
300000004159924,300000003738423,System.Administrator
300000004159936,300000003738553,System.Administrator
300000004159951,300000003738501,System.Administrator
300000004159963,300000003738332,System.Administrator
300000004159972,300000003738276,System.Administrator
300000004159981,300000003738250,System.Administrator
300000004159984,300000003738371,System.Administrator
300000004168008,300000003738553,System.Administrator
300000004168011,300000003738449,System.Administrator
300000004168020,300000003738488,System.Administrator
300000010354195,300000009013059,System.Administrator
300000010354232,300000009013059,System.Administrator
