PAYMENT_PROFILE_ID,TEMPLATE_NAME,PAYMENT_METHOD_CODE,TEMPLATE_ID,BANK_ACCOUNT_ID,PAYMENT_DOCUMENT_ID,PAY_GROUP_OPTION,CURRENCY_GROUP_OPTION,OU_GROUP_OPTION,LE_GROUP_OPTION,SOURCE_GROUP_OPTION,ZERO_AMOUNTS_ALLOWED,PAYABLES_REVIEW_SETTINGS,PAYMENTS_REVIEW_SETTINGS,CREATE_INSTRS_FLAG,CREATED_BY
300000003782054,P2P_RE CLP BU_USD,EFT,300000004159272,300000003548887,300000003782266,ALL,PAYMENT,INVOICE,ALL,ALL,Y,Y,Y,Y,System.Administrator
300000003782054,P2P_RE EUR BU_USD,EFT,300000004159329,300000003548889,300000003782270,ALL,PAYMENT,INVOICE,ALL,ALL,Y,Y,Y,Y,System.Administrator
300000003782054,P2P_RE GBP BU_USD,EFT,300000004159387,300000003548890,300000003782272,ALL,PAYMENT,INVOICE,ALL,ALL,Y,Y,Y,Y,System.Administrator
300000003782054,P2P_RE INR BU_USD,EFT,300000004159442,300000003548892,300000003782276,ALL,PAYMENT,INVOICE,ALL,ALL,Y,Y,Y,Y,System.Administrator
300000003782054,P2P_RE RUB BU_USD,EFT,300000004159460,300000003548896,300000003782286,ALL,PAYMENT,INVOICE,ALL,ALL,Y,Y,Y,Y,System.Administrator
300000003782054,P2P_RE SEK BU_USD,EFT,300000004159463,300000003548897,300000003782288,ALL,PAYMENT,INVOICE,ALL,ALL,Y,Y,Y,Y,System.Administrator
300000003782054,P2P_RE CNY BU_EUR,EFT,300000004159517,300000003548911,300000003782316,ALL,PAYMENT,INVOICE,ALL,ALL,Y,Y,Y,Y,System.Administrator
300000003782054,P2P_RE SEK BU_EUR,EFT,300000004159547,300000003548920,300000003782336,ALL,PAYMENT,INVOICE,ALL,ALL,Y,Y,Y,Y,System.Administrator
300000003782054,P2P_RE KRW BU_GBP,EFT,300000004159628,300000003548939,300000003782374,ALL,PAYMENT,INVOICE,ALL,ALL,Y,Y,Y,Y,System.Administrator
300000003782054,P2P_RE NZD BU_GBP,EFT,300000004159646,300000003548941,300000003782380,ALL,PAYMENT,INVOICE,ALL,ALL,Y,Y,Y,Y,System.Administrator
300000003782054,P2P_RE RUB BU_GBP,EFT,300000004159653,300000003548942,300000003782381,ALL,PAYMENT,INVOICE,ALL,ALL,Y,Y,Y,Y,System.Administrator
300000003782054,P2P_RE SEK BU_GBP,EFT,300000004159656,300000003548943,300000003782383,ALL,PAYMENT,INVOICE,ALL,ALL,Y,Y,Y,Y,System.Administrator
300000003782054,P2P_RE BRL BU_AUD,EFT,300000003272301,300000003548954,300000003782406,ALL,PAYMENT,INVOICE,ALL,ALL,Y,Y,Y,Y,System.Administrator
300000003782054,P2P_RE CHF BU_AUD,EFT,300000003272304,300000003548955,300000003782408,ALL,PAYMENT,INVOICE,ALL,ALL,Y,Y,Y,Y,System.Administrator
300000003782054,P2P_RE HKD BU_AUD,EFT,300000003272319,300000003548960,300000003782418,ALL,PAYMENT,INVOICE,ALL,ALL,Y,Y,Y,Y,System.Administrator
300000003782054,P2P_RE KRW BU_AUD,EFT,300000003272324,300000003548962,300000003782422,ALL,PAYMENT,INVOICE,ALL,ALL,Y,Y,Y,Y,System.Administrator
300000003782054,P2P_RE RUB BU_AUD,EFT,300000003272336,300000003548965,300000003782430,ALL,PAYMENT,INVOICE,ALL,ALL,Y,Y,Y,Y,System.Administrator
300000003782054,P2P_RE SEK BU_AUD,EFT,300000003272339,300000003548966,300000003782432,ALL,PAYMENT,INVOICE,ALL,ALL,Y,Y,Y,Y,System.Administrator
300000003782054,P2P_LE AED BU_CHF,EFT,300000004159678,300000003548970,300000003782440,ALL,PAYMENT,INVOICE,ALL,ALL,Y,Y,Y,Y,System.Administrator
300000003782054,P2P_LE AUD BU_CHF,EFT,300000004159681,300000003548971,300000003782442,ALL,PAYMENT,INVOICE,ALL,ALL,Y,Y,Y,Y,System.Administrator
300000003782054,P2P_LE EUR BU_CHF,EFT,300000004159684,300000003548972,300000003782444,ALL,PAYMENT,INVOICE,ALL,ALL,Y,Y,Y,Y,System.Administrator
300000003782054,P2P_LE GBP BU_CHF,EFT,300000004159687,300000003548973,300000003782446,ALL,PAYMENT,INVOICE,ALL,ALL,Y,Y,Y,Y,System.Administrator
300000003782054,P2P_LE HKD BU_CHF,EFT,300000004159690,300000003548974,300000003782448,ALL,PAYMENT,INVOICE,ALL,ALL,Y,Y,Y,Y,System.Administrator
300000003782054,P2P_RE HKD BU_USD,EFT,300000004159439,300000003548891,300000003782274,ALL,PAYMENT,INVOICE,ALL,ALL,Y,Y,Y,Y,System.Administrator
300000003782054,P2P_RE NOK BU_USD,EFT,300000004159454,300000003823043,300000003782282,ALL,PAYMENT,INVOICE,ALL,ALL,Y,Y,Y,Y,System.Administrator
300000003782054,P2P_RE NZD BU_USD,EFT,300000004159457,300000003548895,300000003782284,ALL,PAYMENT,INVOICE,ALL,ALL,Y,Y,Y,Y,System.Administrator
300000003782054,P2P_RE SGD BU_USD,EFT,300000004159466,300000003548898,300000003782290,ALL,PAYMENT,INVOICE,ALL,ALL,Y,Y,Y,Y,System.Administrator
300000003782054,P2P_LE AED BU_EUR,EFT,300000004159484,300000003548901,300000003782296,ALL,PAYMENT,INVOICE,ALL,ALL,Y,Y,Y,Y,System.Administrator
300000003782054,P2P_RE AUD BU_EUR,EFT,300000004159505,300000003548907,300000003782308,ALL,PAYMENT,INVOICE,ALL,ALL,Y,Y,Y,Y,System.Administrator
300000003782054,P2P_RE BRL BU_EUR,EFT,300000004159508,300000003548908,300000003782310,ALL,PAYMENT,INVOICE,ALL,ALL,Y,Y,Y,Y,System.Administrator
300000003782054,P2P_RE INR BU_EUR,EFT,300000004159529,300000003548915,300000003782324,ALL,PAYMENT,INVOICE,ALL,ALL,Y,Y,Y,Y,System.Administrator
300000003782054,P2P_RE KRW BU_EUR,EFT,300000004159532,300000003548916,300000003782326,ALL,PAYMENT,INVOICE,ALL,ALL,Y,Y,Y,Y,System.Administrator
300000003782054,P2P_RE NZD BU_EUR,EFT,300000004159541,300000003548918,300000003782332,ALL,PAYMENT,INVOICE,ALL,ALL,Y,Y,Y,Y,System.Administrator
300000003782054,P2P_RE TRY BU_EUR,EFT,300000004159553,300000003548922,300000003782340,ALL,PAYMENT,INVOICE,ALL,ALL,Y,Y,Y,Y,System.Administrator
300000003782054,P2P_LE USD BU_GBP,EFT,300000004159574,300000003548929,300000003782354,ALL,PAYMENT,INVOICE,ALL,ALL,Y,Y,Y,Y,System.Administrator
300000003782054,P2P_RE GBP BU_GBP,EFT,300000004159617,300000003548936,300000003782368,ALL,PAYMENT,INVOICE,ALL,ALL,Y,Y,Y,Y,System.Administrator
300000003782054,P2P_RE MXN BU_GBP,EFT,300000004159633,300000003548940,300000003782376,ALL,PAYMENT,INVOICE,ALL,ALL,Y,Y,Y,Y,System.Administrator
300000003782054,P2P_RE NOK BU_GBP,EFT,300000004159639,300000003823050,300000003782378,ALL,PAYMENT,INVOICE,ALL,ALL,Y,Y,Y,Y,System.Administrator
300000003782054,P2P_RE SGD BU_GBP,EFT,300000004159659,300000003548944,300000003782385,ALL,PAYMENT,INVOICE,ALL,ALL,Y,Y,Y,Y,System.Administrator
300000003782054,P2P_RE GBP BU_AUD,EFT,300000003272316,300000003548959,300000003782416,ALL,PAYMENT,INVOICE,ALL,ALL,Y,Y,Y,Y,System.Administrator
300000003782054,P2P_RE NOK BU_AUD,EFT,300000003272330,300000003823054,300000003782426,ALL,PAYMENT,INVOICE,ALL,ALL,Y,Y,Y,Y,System.Administrator
300000003782054,P2P_RE NZD BU_AUD,EFT,300000003272333,300000003548964,300000003782428,ALL,PAYMENT,INVOICE,ALL,ALL,Y,Y,Y,Y,System.Administrator
300000003782054,P2P_LE USD BU_CHF,EFT,300000004159693,300000003548975,300000003782450,ALL,PAYMENT,INVOICE,ALL,ALL,Y,Y,Y,Y,System.Administrator
300000003782054,P2P_RE AUD BU_CHF,EFT,300000004159696,300000003548976,300000003782452,ALL,PAYMENT,INVOICE,ALL,ALL,Y,Y,Y,Y,System.Administrator
300000003782054,P2P_RE CLP BU_CHF,EFT,300000004159705,300000003577715,300000003782458,ALL,PAYMENT,INVOICE,ALL,ALL,Y,Y,Y,Y,System.Administrator
300000003782054,P2P_RE CNY BU_CHF,EFT,300000004159708,300000003577716,300000003782460,ALL,PAYMENT,INVOICE,ALL,ALL,Y,Y,Y,Y,System.Administrator
300000003782054,P2P_RE BRL BU_USD,EFT,300000004159255,300000003548885,300000003782262,ALL,PAYMENT,INVOICE,ALL,ALL,Y,Y,Y,Y,System.Administrator
300000003782054,P2P_RE MXN BU_USD,EFT,300000004159451,300000003548894,300000003782280,ALL,PAYMENT,INVOICE,ALL,ALL,Y,Y,Y,Y,System.Administrator
300000003782054,P2P_LE AUD BU_EUR,EFT,300000004159489,300000003548902,300000003782298,ALL,PAYMENT,INVOICE,ALL,ALL,Y,Y,Y,Y,System.Administrator
300000003782054,P2P_LE GBP BU_GBP,EFT,300000004159568,300000003548927,300000003782350,ALL,PAYMENT,INVOICE,ALL,ALL,Y,Y,Y,Y,System.Administrator
300000003782054,P2P_RE AUD BU_GBP,EFT,300000004159577,300000003548930,300000003782356,ALL,PAYMENT,INVOICE,ALL,ALL,Y,Y,Y,Y,System.Administrator
300000003782054,P2P_RE CNY BU_GBP,EFT,300000004159598,300000003548934,300000003782364,ALL,PAYMENT,INVOICE,ALL,ALL,Y,Y,Y,Y,System.Administrator
300000003782054,P2P_RE INR BU_GBP,EFT,300000004159623,300000003548938,300000003782372,ALL,PAYMENT,INVOICE,ALL,ALL,Y,Y,Y,Y,System.Administrator
300000003782054,P2P_RE USD BU_GBP,EFT,300000004159665,300000003548946,300000003782389,ALL,PAYMENT,INVOICE,ALL,ALL,Y,Y,Y,Y,System.Administrator
300000003782054,P2P_LE AED BU_AUD,EFT,300000003272278,300000003548947,300000003782391,ALL,PAYMENT,INVOICE,ALL,ALL,Y,Y,Y,Y,System.Administrator
300000003782054,P2P_LE EUR BU_AUD,EFT,300000003272284,300000003548949,300000003782396,ALL,PAYMENT,INVOICE,ALL,ALL,Y,Y,Y,Y,System.Administrator
300000003782054,P2P_RE AUD BU_AUD,EFT,300000003272298,300000003548953,300000003782404,ALL,PAYMENT,INVOICE,ALL,ALL,Y,Y,Y,Y,System.Administrator
300000003782054,P2P_RE CLP BU_AUD,EFT,300000003272307,300000003548956,300000003782410,ALL,PAYMENT,INVOICE,ALL,ALL,Y,Y,Y,Y,System.Administrator
300000003782054,P2P_RE EUR BU_AUD,EFT,300000003272313,300000003548958,300000003782414,ALL,PAYMENT,INVOICE,ALL,ALL,Y,Y,Y,Y,System.Administrator
300000003782054,P2P_RE BRL BU_CHF,EFT,300000004159699,300000003548977,300000003782454,ALL,PAYMENT,INVOICE,ALL,ALL,Y,Y,Y,Y,System.Administrator
300000003782054,P2P_RE CHF BU_CHF,EFT,300000004159702,300000003577714,300000003782456,ALL,PAYMENT,INVOICE,ALL,ALL,Y,Y,Y,Y,System.Administrator
300000003782054,P2P_RE EUR BU_CHF,EFT,300000004159711,300000003577717,300000003782462,ALL,PAYMENT,INVOICE,ALL,ALL,Y,Y,Y,Y,System.Administrator
300000003782054,P2P_RE GBP BU_CHF,EFT,300000004159714,300000003577718,300000003782464,ALL,PAYMENT,INVOICE,ALL,ALL,Y,Y,Y,Y,System.Administrator
300000003782054,P2P_RE HKD BU_CHF,EFT,300000004159717,300000003577719,300000003782466,ALL,PAYMENT,INVOICE,ALL,ALL,Y,Y,Y,Y,System.Administrator
300000003782054,P2P_RE INR BU_CHF,EFT,300000004159720,300000003577720,300000003782469,ALL,PAYMENT,INVOICE,ALL,ALL,Y,Y,Y,Y,System.Administrator
300000003782054,P2P_RE KRW BU_CHF,EFT,300000004159723,300000003577721,300000003782471,ALL,PAYMENT,INVOICE,ALL,ALL,Y,Y,Y,Y,System.Administrator
300000003782054,P2P_RE MXN BU_CHF,EFT,300000004159726,300000003577722,300000003782473,ALL,PAYMENT,INVOICE,ALL,ALL,Y,Y,Y,Y,System.Administrator
300000003782054,P2P_RE NOK BU_CHF,EFT,300000004159729,300000003823057,300000003782475,ALL,PAYMENT,INVOICE,ALL,ALL,Y,Y,Y,Y,System.Administrator
300000003782054,P2P_RE NZD BU_CHF,EFT,300000004159732,300000003577723,300000003782477,ALL,PAYMENT,INVOICE,ALL,ALL,Y,Y,Y,Y,System.Administrator
300000003782054,P2P_LE GBP BU_USD,EFT,300000004159207,300000003548881,300000003782254,ALL,PAYMENT,INVOICE,ALL,ALL,Y,Y,Y,Y,System.Administrator
300000003782054,P2P_RE AUD BU_USD,EFT,300000004159245,300000003548884,300000003782260,ALL,PAYMENT,INVOICE,ALL,ALL,Y,Y,Y,Y,System.Administrator
300000003782054,P2P_RE CHF BU_USD,EFT,300000004159269,300000003548886,300000003782264,ALL,PAYMENT,INVOICE,ALL,ALL,Y,Y,Y,Y,System.Administrator
300000003782054,P2P_RE CNY BU_USD,EFT,300000004159275,300000003548888,300000003782268,ALL,PAYMENT,INVOICE,ALL,ALL,Y,Y,Y,Y,System.Administrator
300000003782054,P2P_RE KRW BU_USD,EFT,300000004159446,300000003548893,300000003782278,ALL,PAYMENT,INVOICE,ALL,ALL,Y,Y,Y,Y,System.Administrator
300000003782054,P2P_LE EUR BU_EUR,EFT,300000004159492,300000003548903,300000003782300,ALL,PAYMENT,INVOICE,ALL,ALL,Y,Y,Y,Y,System.Administrator
300000003782054,P2P_RE CHF BU_EUR,EFT,300000004159511,300000003548909,300000003782312,ALL,PAYMENT,INVOICE,ALL,ALL,Y,Y,Y,Y,System.Administrator
300000003782054,P2P_RE HKD BU_EUR,EFT,300000004159526,300000003548914,300000003782322,ALL,PAYMENT,INVOICE,ALL,ALL,Y,Y,Y,Y,System.Administrator
300000003782054,P2P_RE MXN BU_EUR,EFT,300000004159535,300000003548917,300000003782328,ALL,PAYMENT,INVOICE,ALL,ALL,Y,Y,Y,Y,System.Administrator
300000003782054,P2P_RE NOK BU_EUR,EFT,300000004159538,300000003823047,300000003782330,ALL,PAYMENT,INVOICE,ALL,ALL,Y,Y,Y,Y,System.Administrator
300000003782054,P2P_RE SGD BU_EUR,EFT,300000004159550,300000003548921,300000003782338,ALL,PAYMENT,INVOICE,ALL,ALL,Y,Y,Y,Y,System.Administrator
300000003782054,P2P_LE AED BU_GBP,EFT,300000004159559,300000003548924,300000003782344,ALL,PAYMENT,INVOICE,ALL,ALL,Y,Y,Y,Y,System.Administrator
300000003782054,P2P_LE EUR BU_GBP,EFT,300000004159565,300000003548926,300000003782348,ALL,PAYMENT,INVOICE,ALL,ALL,Y,Y,Y,Y,System.Administrator
300000003782054,P2P_LE HKD BU_GBP,EFT,300000004159571,300000003548928,300000003782352,ALL,PAYMENT,INVOICE,ALL,ALL,Y,Y,Y,Y,System.Administrator
300000003782054,P2P_RE BRL BU_GBP,EFT,300000004159582,300000003548931,300000003782358,ALL,PAYMENT,INVOICE,ALL,ALL,Y,Y,Y,Y,System.Administrator
300000003782054,P2P_RE CHF BU_GBP,EFT,300000004159586,300000003548932,300000003782360,ALL,PAYMENT,INVOICE,ALL,ALL,Y,Y,Y,Y,System.Administrator
300000003782054,P2P_RE EUR BU_GBP,EFT,300000004159612,300000003548935,300000003782366,ALL,PAYMENT,INVOICE,ALL,ALL,Y,Y,Y,Y,System.Administrator
300000003782054,P2P_RE TRY BU_GBP,EFT,300000004159662,300000003548945,300000003782387,ALL,PAYMENT,INVOICE,ALL,ALL,Y,Y,Y,Y,System.Administrator
300000003782054,P2P_LE AUD BU_AUD,EFT,300000003272281,300000003548948,300000003782394,ALL,PAYMENT,INVOICE,ALL,ALL,Y,Y,Y,Y,System.Administrator
300000003782054,P2P_LE GBP BU_AUD,EFT,300000003272287,300000003548950,300000003782398,ALL,PAYMENT,INVOICE,ALL,ALL,Y,N,Y,Y,System.Administrator
300000003782054,P2P_RE INR BU_AUD,EFT,300000003272322,300000003548961,300000003782420,ALL,PAYMENT,ALL,ALL,ALL,Y,Y,Y,Y,System.Administrator
300000003782054,P2P_RE MXN BU_AUD,EFT,300000003272327,300000003548963,300000003782424,ALL,PAYMENT,INVOICE,ALL,ALL,Y,Y,Y,Y,System.Administrator
300000003782054,P2P_RE USD BU_AUD,EFT,300000004159675,300000003548969,300000003782438,ALL,PAYMENT,INVOICE,ALL,ALL,Y,Y,Y,Y,System.Administrator
300000003782054,P2P_LE AED BU_USD,EFT,300000004159137,300000003548878,300000003782249,ALL,PAYMENT,INVOICE,ALL,ALL,Y,Y,Y,Y,System.Administrator
300000003782054,P2P_LE AUD BU_USD,EFT,300000004159179,300000003548879,300000003782250,ALL,PAYMENT,INVOICE,ALL,ALL,Y,Y,Y,Y,System.Administrator
300000003782054,P2P_LE EUR BU_USD,EFT,300000004159192,300000003548880,300000003782252,ALL,PAYMENT,INVOICE,ALL,ALL,Y,Y,Y,Y,System.Administrator
300000003782054,P2P_LE HKD BU_USD,EFT,300000004159221,300000003548882,300000003782256,ALL,PAYMENT,INVOICE,ALL,ALL,Y,Y,Y,Y,System.Administrator
300000003782054,P2P_LE USD BU_USD,EFT,300000004159235,300000003548883,300000003782258,ALL,PAYMENT,INVOICE,ALL,ALL,Y,Y,Y,Y,System.Administrator
300000003782054,P2P_RE TRY BU_USD,EFT,300000004159469,300000003548899,300000003782292,ALL,PAYMENT,INVOICE,ALL,ALL,Y,Y,Y,Y,System.Administrator
300000003782054,P2P_RE USD BU_USD,EFT,300000004159473,300000003548900,300000003782294,ALL,PAYMENT,INVOICE,ALL,ALL,Y,Y,Y,Y,System.Administrator
300000003782054,P2P_LE GBP BU_EUR,EFT,300000004159495,300000003548904,300000003782302,ALL,PAYMENT,INVOICE,ALL,ALL,Y,Y,Y,Y,System.Administrator
300000003782054,P2P_LE HKD BU_EUR,EFT,300000004159499,300000003548905,300000003782304,ALL,PAYMENT,INVOICE,ALL,ALL,Y,Y,Y,Y,System.Administrator
300000003782054,P2P_LE USD BU_EUR,EFT,300000004159502,300000003548906,300000003782306,ALL,PAYMENT,INVOICE,ALL,ALL,Y,Y,Y,Y,System.Administrator
300000003782054,P2P_RE CLP BU_EUR,EFT,300000004159514,300000003548910,300000003782314,ALL,PAYMENT,INVOICE,ALL,ALL,Y,Y,Y,Y,System.Administrator
300000003782054,P2P_RE EUR BU_EUR,EFT,300000004159520,300000003548912,300000003782318,ALL,PAYMENT,INVOICE,ALL,ALL,Y,Y,Y,Y,System.Administrator
300000003782054,P2P_RE GBP BU_EUR,EFT,300000004159523,300000003548913,300000003782320,ALL,PAYMENT,INVOICE,ALL,ALL,Y,Y,Y,Y,System.Administrator
300000003782054,P2P_RE RUB BU_EUR,EFT,300000004159544,300000003548919,300000003782334,ALL,PAYMENT,INVOICE,ALL,ALL,Y,Y,Y,Y,System.Administrator
300000003782054,P2P_RE USD BU_EUR,EFT,300000004159556,300000003548923,300000003782342,ALL,PAYMENT,INVOICE,ALL,ALL,Y,Y,Y,Y,System.Administrator
300000003782054,P2P_LE AUD BU_GBP,EFT,300000004159562,300000003548925,300000003782347,ALL,PAYMENT,INVOICE,ALL,ALL,Y,Y,Y,Y,System.Administrator
300000003782054,P2P_RE CLP BU_GBP,EFT,300000004159591,300000003548933,300000003782362,ALL,PAYMENT,INVOICE,ALL,ALL,Y,Y,Y,Y,System.Administrator
300000003782054,P2P_RE HKD BU_GBP,EFT,300000004159620,300000003548937,300000003782370,ALL,PAYMENT,INVOICE,ALL,ALL,Y,Y,Y,Y,System.Administrator
300000003782054,P2P_LE HKD BU_AUD,EFT,300000003272290,300000003548951,300000003782400,ALL,PAYMENT,INVOICE,ALL,ALL,Y,Y,Y,Y,System.Administrator
300000003782054,P2P_LE USD BU_AUD,EFT,300000003272295,300000003548952,300000003782402,ALL,PAYMENT,INVOICE,ALL,ALL,Y,Y,Y,Y,System.Administrator
300000003782054,P2P_RE CNY BU_AUD,EFT,300000003272310,300000003548957,300000003782412,ALL,PAYMENT,INVOICE,ALL,ALL,Y,Y,Y,Y,System.Administrator
300000003782054,P2P_RE SGD BU_AUD,EFT,300000003272342,300000003548967,300000003782434,ALL,PAYMENT,INVOICE,ALL,ALL,Y,Y,Y,Y,System.Administrator
300000003782054,P2P_RE TRY BU_AUD,EFT,300000004159672,300000003548968,300000003782436,ALL,PAYMENT,INVOICE,ALL,ALL,Y,Y,Y,Y,System.Administrator
300000003782054,P2P_RE SEK BU_CHF,EFT,300000004159738,300000003577725,300000003782481,ALL,PAYMENT,INVOICE,ALL,ALL,Y,Y,Y,Y,System.Administrator
300000003782054,P2P_RE USD BU_CHF,EFT,300000004159747,300000003577728,300000003782487,ALL,PAYMENT,INVOICE,ALL,ALL,Y,Y,Y,Y,System.Administrator
300000003782054,P2P_LE EUR BU_SGD,EFT,300000004159756,300000003577731,300000003782493,ALL,PAYMENT,INVOICE,ALL,ALL,Y,Y,Y,Y,System.Administrator
300000003782054,P2P_LE HKD BU_SGD,EFT,300000004159762,300000003577733,300000003782497,ALL,PAYMENT,INVOICE,ALL,ALL,Y,Y,Y,Y,System.Administrator
300000003782054,P2P_RE EUR BU_SGD,EFT,300000004159783,300000003577740,300000003782511,ALL,PAYMENT,INVOICE,ALL,ALL,Y,Y,Y,Y,System.Administrator
300000003782054,P2P_RE GBP BU_SGD,EFT,300000004159786,300000003577741,300000003782513,ALL,PAYMENT,INVOICE,ALL,ALL,Y,Y,Y,Y,System.Administrator
300000003782054,P2P_RE INR BU_SGD,EFT,300000004159792,300000003577743,300000003782517,ALL,PAYMENT,INVOICE,ALL,ALL,Y,Y,Y,Y,System.Administrator
300000003782054,P2P_RE KRW BU_SGD,EFT,300000004159795,300000003577744,300000003782519,ALL,PAYMENT,INVOICE,ALL,ALL,Y,Y,Y,Y,System.Administrator
300000003782054,P2P_RE RUB BU_SGD,EFT,300000004159807,300000003577747,300000003782527,ALL,PAYMENT,INVOICE,ALL,ALL,Y,Y,Y,Y,System.Administrator
300000003782054,P2P_LE USD BU_HKD,EFT,300000004159837,300000003577757,300000003782547,ALL,PAYMENT,INVOICE,ALL,ALL,Y,Y,Y,Y,System.Administrator
300000003782054,P2P_RE NOK BU_HKD,EFT,300000004159873,300000003823063,300000003782571,ALL,PAYMENT,INVOICE,ALL,ALL,Y,Y,Y,Y,System.Administrator
300000003782054,P2P_RE BRL BU_NZD,EFT,300000004159915,300000003577782,300000003782599,ALL,PAYMENT,INVOICE,ALL,ALL,Y,Y,Y,Y,System.Administrator
300000003782054,P2P_LE AUD BU_AED,EFT,300000004159969,300000003577799,300000003782636,ALL,PAYMENT,INVOICE,ALL,ALL,Y,Y,Y,Y,System.Administrator
300000003782054,P2P_RE CNY BU_AED,EFT,300000004159996,300000003577808,300000003782654,ALL,PAYMENT,INVOICE,ALL,ALL,Y,Y,Y,Y,System.Administrator
300000003782054,P2P_RE USD BU_AED,EFT,300000004168035,300000004060134,300000003782681,ALL,PAYMENT,INVOICE,ALL,ALL,Y,Y,Y,Y,System.Administrator
300000010029106,OPEX_SWIFT_EUR,EFT,300000010354198,300000009553672,300000010383877,ALL,INVOICE,INVOICE,ALL,ALL,Y,Y,N,Y,System.Administrator
300000010029106,OPEX_SWIFT_EUR_HIGH,EFT,300000010354213,300000009553672,300000010383877,ALL,INVOICE,INVOICE,ALL,ALL,Y,Y,N,Y,System.Administrator
300000010029106,OPEX_SWIFT_USD_HIGH,EFT,300000010354219,300000009553701,300000010383881,ALL,INVOICE,INVOICE,ALL,ALL,Y,Y,N,Y,System.Administrator
300000003782054,P2P_LE USD BU_SGD,EFT,300000004159765,300000003577734,300000003782499,ALL,PAYMENT,INVOICE,ALL,ALL,Y,Y,Y,Y,System.Administrator
300000003782054,P2P_LE EUR BU_HKD,EFT,300000004159828,300000003577754,300000003782541,ALL,PAYMENT,INVOICE,ALL,ALL,Y,Y,Y,Y,System.Administrator
300000003782054,P2P_RE BRL BU_HKD,EFT,300000004159843,300000003577759,300000003782551,ALL,PAYMENT,INVOICE,ALL,ALL,Y,Y,Y,Y,System.Administrator
300000003782054,P2P_RE CHF BU_HKD,EFT,300000004159846,300000003577760,300000003782553,ALL,PAYMENT,INVOICE,ALL,ALL,Y,Y,Y,Y,System.Administrator
300000003782054,P2P_RE CNY BU_HKD,EFT,300000004159852,300000003577762,300000003782557,ALL,PAYMENT,INVOICE,ALL,ALL,Y,Y,Y,Y,System.Administrator
300000003782054,P2P_RE GBP BU_HKD,EFT,300000004159858,300000003577764,300000003782561,ALL,PAYMENT,INVOICE,ALL,ALL,Y,Y,Y,Y,System.Administrator
300000003782054,P2P_RE KRW BU_HKD,EFT,300000004159867,300000003577767,300000003782567,ALL,PAYMENT,INVOICE,ALL,ALL,Y,Y,Y,Y,System.Administrator
300000003782054,P2P_RE MXN BU_HKD,EFT,300000004159870,300000003577768,300000003782569,ALL,PAYMENT,INVOICE,ALL,ALL,Y,Y,Y,Y,System.Administrator
300000003782054,P2P_LE HKD BU_NZD,EFT,300000004159906,300000003577779,300000003782593,ALL,PAYMENT,INVOICE,ALL,ALL,Y,Y,Y,Y,System.Administrator
300000003782054,P2P_RE AUD BU_NZD,EFT,300000004159912,300000003577781,300000003782597,ALL,PAYMENT,INVOICE,ALL,ALL,Y,Y,Y,Y,System.Administrator
300000003782054,P2P_RE CLP BU_NZD,EFT,300000004159921,300000003577784,300000003782604,ALL,PAYMENT,INVOICE,ALL,ALL,Y,Y,Y,Y,System.Administrator
300000003782054,P2P_RE CNY BU_NZD,EFT,300000004159924,300000003577785,300000003782606,ALL,PAYMENT,INVOICE,ALL,ALL,Y,Y,Y,Y,System.Administrator
300000003782054,P2P_RE RUB BU_NZD,EFT,300000004159951,300000003577793,300000003782624,ALL,PAYMENT,INVOICE,ALL,ALL,Y,Y,Y,Y,System.Administrator
300000003782054,P2P_RE INR BU_AED,EFT,300000004168008,300000003577812,300000003782662,ALL,PAYMENT,INVOICE,ALL,ALL,Y,Y,Y,Y,System.Administrator
300000010029106,OPEX_SWIFT_AUD,EFT,300000010354210,300000009553658,300000010383875,ALL,INVOICE,INVOICE,ALL,ALL,Y,Y,N,Y,System.Administrator
300000010029106,OPEX_SWIFT_KRW,EFT,300000031260568,300000009553647,300000010383874,ALL,INVOICE,INVOICE,ALL,ALL,Y,Y,N,Y,Naqeeb.Ullah@adia.ae
300000003782054,P2P_LE CNY BU_AED,EFT,300000039619591,,,ALL,PAYMENT,INVOICE,ALL,ALL,Y,Y,Y,Y,Naqeeb.Ullah@adia.ae
300000003782054,P2P_LE CNY BU_CHF,EFT,300000039619604,,,ALL,PAYMENT,INVOICE,ALL,ALL,Y,Y,Y,Y,Naqeeb.Ullah@adia.ae
300000003782054,P2P_LE CNY BU_NZD,EFT,300000039619607,,,ALL,PAYMENT,INVOICE,ALL,ALL,Y,Y,Y,Y,Naqeeb.Ullah@adia.ae
300000003782054,P2P_RE AUD BU_SGD,EFT,300000004159768,300000003577735,300000003782501,ALL,PAYMENT,INVOICE,ALL,ALL,Y,Y,Y,Y,System.Administrator
300000003782054,P2P_RE BRL BU_SGD,EFT,300000004159771,300000003577736,300000003782503,ALL,PAYMENT,INVOICE,ALL,ALL,Y,Y,Y,Y,System.Administrator
300000003782054,P2P_RE SEK BU_SGD,EFT,300000004159810,300000003577748,300000003782529,ALL,PAYMENT,INVOICE,ALL,ALL,Y,Y,Y,Y,System.Administrator
300000003782054,P2P_RE CLP BU_HKD,EFT,300000004159849,300000003577761,300000003782555,ALL,PAYMENT,INVOICE,ALL,ALL,Y,Y,Y,Y,System.Administrator
300000003782054,P2P_RE NZD BU_HKD,EFT,300000004159876,300000003577769,300000003782573,ALL,PAYMENT,INVOICE,ALL,ALL,Y,Y,Y,Y,System.Administrator
300000003782054,P2P_LE EUR BU_NZD,EFT,300000004159900,300000003577777,300000003782589,ALL,PAYMENT,INVOICE,ALL,ALL,Y,Y,Y,Y,System.Administrator
300000003782054,P2P_RE GBP BU_NZD,EFT,300000004159930,300000003577787,300000003782610,ALL,PAYMENT,INVOICE,ALL,ALL,Y,Y,Y,Y,System.Administrator
300000003782054,P2P_RE MXN BU_NZD,EFT,300000004159942,300000003577791,300000003782618,ALL,PAYMENT,INVOICE,ALL,ALL,Y,Y,Y,Y,System.Administrator
300000003782054,P2P_RE CHF BU_AED,EFT,300000004159990,300000003577806,300000003782650,ALL,PAYMENT,INVOICE,ALL,ALL,Y,Y,Y,Y,System.Administrator
300000003782054,P2P_RE EUR BU_AED,EFT,300000004159999,300000003577809,300000003782656,ALL,PAYMENT,INVOICE,ALL,ALL,Y,Y,Y,Y,System.Administrator
300000010029106,OPEX_SWIFT_GBP,EFT,300000010354195,300000009553680,300000010383878,ALL,INVOICE,INVOICE,ALL,ALL,Y,Y,N,Y,System.Administrator
300000010029106,OPEX_SWIFT_GBP_HIGH,EFT,300000010354232,300000009553680,300000010383878,ALL,INVOICE,INVOICE,ALL,ALL,Y,Y,N,Y,System.Administrator
300000010029103,OPEX_CHECK_ALL,CHECK,300000010354235,300000009553647,300000027874767,ALL,ALL,INVOICE,ALL,ALL,Y,Y,N,Y,System.Administrator
300000003782054,P2P_RE RUB BU_CHF,EFT,300000004159735,300000003577724,300000003782479,ALL,PAYMENT,INVOICE,ALL,ALL,Y,Y,Y,Y,System.Administrator
300000003782054,P2P_LE AED BU_SGD,EFT,300000004159750,300000003577729,300000003782489,ALL,PAYMENT,INVOICE,ALL,ALL,Y,Y,Y,Y,System.Administrator
300000003782054,P2P_RE CHF BU_SGD,EFT,300000004159774,300000003577737,300000003782505,ALL,PAYMENT,INVOICE,ALL,ALL,Y,Y,Y,Y,System.Administrator
300000003782054,P2P_RE CLP BU_SGD,EFT,300000004159777,300000003577738,300000003782507,ALL,PAYMENT,INVOICE,ALL,ALL,Y,Y,Y,Y,System.Administrator
300000003782054,P2P_RE HKD BU_SGD,EFT,300000004159789,300000003577742,300000003782515,ALL,PAYMENT,INVOICE,ALL,ALL,Y,Y,Y,Y,System.Administrator
300000003782054,P2P_RE NZD BU_SGD,EFT,300000004159804,300000003577746,300000003782525,ALL,PAYMENT,INVOICE,ALL,ALL,Y,Y,Y,Y,System.Administrator
300000003782054,P2P_RE AUD BU_HKD,EFT,300000004159840,300000003577758,300000003782549,ALL,PAYMENT,INVOICE,ALL,ALL,Y,Y,Y,Y,System.Administrator
300000003782054,P2P_RE SEK BU_HKD,EFT,300000004159882,300000003577771,300000003782577,ALL,PAYMENT,INVOICE,ALL,ALL,Y,Y,Y,Y,System.Administrator
300000003782054,P2P_LE AUD BU_NZD,EFT,300000004159897,300000003577776,300000003782587,ALL,PAYMENT,INVOICE,ALL,ALL,Y,Y,Y,Y,System.Administrator
300000003782054,P2P_LE USD BU_NZD,EFT,300000004159909,300000003577780,300000003782595,ALL,PAYMENT,INVOICE,ALL,ALL,Y,Y,Y,Y,System.Administrator
300000003782054,P2P_RE EUR BU_NZD,EFT,300000004159927,300000003577786,300000003782608,ALL,PAYMENT,INVOICE,ALL,ALL,Y,Y,Y,Y,System.Administrator
300000003782054,P2P_RE KRW BU_NZD,EFT,300000004159939,300000003577790,300000003782616,ALL,PAYMENT,INVOICE,ALL,ALL,Y,Y,Y,Y,System.Administrator
300000003782054,P2P_RE NZD BU_NZD,EFT,300000004159948,300000003577792,300000003782622,ALL,PAYMENT,INVOICE,ALL,ALL,Y,Y,Y,Y,System.Administrator
300000003782054,P2P_RE SGD BU_NZD,EFT,300000004159957,300000003577795,300000003782628,ALL,PAYMENT,INVOICE,ALL,ALL,Y,Y,Y,Y,System.Administrator
300000003782054,P2P_LE AED BU_AED,EFT,300000004159966,300000003577798,300000003782634,ALL,PAYMENT,INVOICE,ALL,ALL,Y,Y,Y,Y,System.Administrator
300000003782054,P2P_RE KRW BU_AED,EFT,300000004168011,300000003577813,300000003782664,ALL,PAYMENT,INVOICE,ALL,ALL,Y,Y,Y,Y,System.Administrator
300000003782054,P2P_RE MXN BU_AED,EFT,300000004168014,300000004060128,300000003782666,ALL,PAYMENT,INVOICE,ALL,ALL,Y,Y,Y,Y,System.Administrator
300000010029106,OPEX_SWIFT_AED,EFT,300000010354168,300000009553647,300000010383874,ALL,INVOICE,INVOICE,ALL,ALL,Y,Y,N,Y,System.Administrator
300000010029106,OPEX_SWIFT_AED_HIGH,EFT,300000010354216,300000009553647,300000010383874,ALL,INVOICE,INVOICE,ALL,ALL,Y,Y,N,Y,System.Administrator
300000010029106,OPEX_SWIFT_INR,EFT,300000011542404,300000009553647,300000010383874,ALL,INVOICE,INVOICE,ALL,ALL,Y,Y,N,Y,System.Administrator
300000003782054,P2P_RE USD BU_JPY,EFT,300000031689056,300000003548900,300000003782294,ALL,PAYMENT,INVOICE,ALL,ALL,Y,Y,Y,Y,Naqeeb.Ullah@adia.ae
300000003782054,P2P_LE CNY BU_USD,EFT,300000039619588,,,ALL,PAYMENT,INVOICE,ALL,ALL,Y,Y,Y,Y,Naqeeb.Ullah@adia.ae
300000003782054,P2P_LE CNY BU_EUR,EFT,300000039619593,,,ALL,PAYMENT,INVOICE,ALL,ALL,Y,Y,Y,Y,Naqeeb.Ullah@adia.ae
300000003782054,P2P_LE GBP BU_SGD,EFT,300000004159759,300000003577732,300000003782495,ALL,PAYMENT,INVOICE,ALL,ALL,Y,Y,Y,Y,System.Administrator
300000003782054,P2P_RE USD BU_SGD,EFT,300000004159819,300000003577751,300000003782535,ALL,PAYMENT,INVOICE,ALL,ALL,Y,Y,Y,Y,System.Administrator
300000003782054,P2P_LE AED BU_HKD,EFT,300000004159822,300000003577752,300000003782537,ALL,PAYMENT,INVOICE,ALL,ALL,Y,Y,Y,Y,System.Administrator
300000003782054,P2P_RE SGD BU_HKD,EFT,300000004159885,300000003577772,300000003782579,ALL,PAYMENT,INVOICE,ALL,ALL,Y,Y,Y,Y,System.Administrator
300000003782054,P2P_RE USD BU_HKD,EFT,300000004159891,300000003577774,300000003782583,ALL,PAYMENT,INVOICE,ALL,ALL,Y,Y,Y,Y,System.Administrator
300000003782054,P2P_RE INR BU_NZD,EFT,300000004159936,300000003577789,300000003782614,ALL,PAYMENT,INVOICE,ALL,ALL,Y,Y,Y,Y,System.Administrator
300000003782054,P2P_RE SEK BU_NZD,EFT,300000004159954,300000003577794,300000003782626,ALL,PAYMENT,INVOICE,ALL,ALL,Y,Y,Y,Y,System.Administrator
300000003782054,P2P_RE TRY BU_NZD,EFT,300000004159960,300000003577796,300000003782630,ALL,PAYMENT,INVOICE,ALL,ALL,Y,Y,Y,Y,System.Administrator
300000003782054,P2P_LE GBP BU_AED,EFT,300000004159975,300000003577801,300000003782640,ALL,PAYMENT,INVOICE,ALL,ALL,Y,Y,Y,Y,System.Administrator
300000003782054,P2P_RE CLP BU_AED,EFT,300000004159993,300000003577807,300000003782652,ALL,PAYMENT,INVOICE,ALL,ALL,Y,Y,Y,Y,System.Administrator
300000003782054,P2P_RE NOK BU_AED,EFT,300000004168017,300000003823069,300000003782668,ALL,PAYMENT,INVOICE,ALL,ALL,Y,Y,Y,Y,System.Administrator
300000003782054,P2P_RE RUB BU_AED,EFT,300000004168023,300000004060130,300000003782672,ALL,PAYMENT,INVOICE,ALL,ALL,Y,Y,Y,Y,System.Administrator
300000010029106,OPEX_SWIFT_RUB,EFT,300000011542398,300000009553647,300000010383874,ALL,INVOICE,INVOICE,ALL,ALL,Y,Y,N,Y,System.Administrator
300000003782054,P2P_RE SGD BU_CHF,EFT,300000004159741,300000003577726,300000003782483,ALL,PAYMENT,INVOICE,ALL,ALL,Y,Y,Y,Y,System.Administrator
300000003782054,P2P_RE CNY BU_SGD,EFT,300000004159780,300000003577739,300000003782509,ALL,PAYMENT,INVOICE,ALL,ALL,Y,Y,Y,Y,System.Administrator
300000003782054,P2P_LE AUD BU_HKD,EFT,300000004159825,300000003577753,300000003782539,ALL,PAYMENT,INVOICE,ALL,ALL,Y,Y,Y,Y,System.Administrator
300000003782054,P2P_LE HKD BU_HKD,EFT,300000004159834,300000003577756,300000003782545,ALL,PAYMENT,INVOICE,ALL,ALL,Y,Y,Y,Y,System.Administrator
300000003782054,P2P_RE EUR BU_HKD,EFT,300000004159855,300000003577763,300000003782559,ALL,PAYMENT,INVOICE,ALL,ALL,Y,Y,Y,Y,System.Administrator
300000003782054,P2P_RE HKD BU_HKD,EFT,300000004159861,300000003577765,300000003782563,ALL,PAYMENT,INVOICE,ALL,ALL,Y,Y,Y,Y,System.Administrator
300000003782054,P2P_RE INR BU_HKD,EFT,300000004159864,300000003577766,300000003782565,ALL,PAYMENT,INVOICE,ALL,ALL,Y,Y,Y,Y,System.Administrator
300000003782054,P2P_RE TRY BU_HKD,EFT,300000004159888,300000003577773,300000003782581,ALL,PAYMENT,INVOICE,ALL,ALL,Y,Y,Y,Y,System.Administrator
300000003782054,P2P_RE CHF BU_NZD,EFT,300000004159918,300000003577783,300000003782601,ALL,PAYMENT,INVOICE,ALL,ALL,Y,Y,Y,Y,System.Administrator
300000003782054,P2P_RE HKD BU_NZD,EFT,300000004159933,300000003577788,300000003782612,ALL,PAYMENT,INVOICE,ALL,ALL,Y,Y,Y,Y,System.Administrator
300000003782054,P2P_RE NOK BU_NZD,EFT,300000004159945,300000003823066,300000003782620,ALL,PAYMENT,INVOICE,ALL,ALL,Y,Y,Y,Y,System.Administrator
300000003782054,P2P_RE BRL BU_AED,EFT,300000004159987,300000003577805,300000003782648,ALL,PAYMENT,INVOICE,ALL,ALL,Y,Y,Y,Y,System.Administrator
300000003782054,P2P_RE SEK BU_AED,EFT,300000004168026,300000004060131,300000003782675,ALL,PAYMENT,INVOICE,ALL,ALL,Y,Y,Y,Y,System.Administrator
300000003782054,P2P_RE SGD BU_AED,EFT,300000004168029,300000004060132,300000003782678,ALL,PAYMENT,INVOICE,ALL,ALL,Y,Y,Y,Y,System.Administrator
300000003782054,P2P_LE CNY BU_GBP,EFT,300000039619595,,,ALL,PAYMENT,INVOICE,ALL,ALL,Y,Y,Y,Y,Naqeeb.Ullah@adia.ae
300000003782054,P2P_LE CNY BU_HKD,EFT,300000039619597,,,ALL,PAYMENT,INVOICE,ALL,ALL,Y,Y,Y,Y,Naqeeb.Ullah@adia.ae
300000003782054,P2P_RE TRY BU_CHF,EFT,300000004159744,300000003577727,300000003782485,ALL,PAYMENT,INVOICE,ALL,ALL,Y,Y,Y,Y,System.Administrator
300000003782054,P2P_RE MXN BU_SGD,EFT,300000004159798,300000003577745,300000003782521,ALL,PAYMENT,INVOICE,ALL,ALL,Y,Y,Y,Y,System.Administrator
300000003782054,P2P_RE SGD BU_SGD,EFT,300000004159813,300000003577749,300000003782531,ALL,PAYMENT,INVOICE,ALL,ALL,Y,Y,Y,Y,System.Administrator
300000003782054,P2P_RE USD BU_NZD,EFT,300000004159963,300000003577797,300000003782632,ALL,PAYMENT,INVOICE,ALL,ALL,Y,Y,Y,Y,System.Administrator
300000003782054,P2P_LE EUR BU_AED,EFT,300000004159972,300000003577800,300000003782638,ALL,PAYMENT,INVOICE,ALL,ALL,Y,Y,Y,Y,System.Administrator
300000003782054,P2P_RE NZD BU_AED,EFT,300000004168020,300000004060129,300000003782670,ALL,PAYMENT,INVOICE,ALL,ALL,Y,Y,Y,Y,System.Administrator
300000010029106,OPEX_SWIFT_HKD,EFT,300000010354204,300000009553687,300000010383879,ALL,INVOICE,INVOICE,ALL,ALL,Y,Y,N,Y,System.Administrator
300000010029106,OPEX_SWIFT_CNY,EFT,300000011542401,300000009553647,300000010383874,ALL,INVOICE,INVOICE,ALL,ALL,Y,Y,N,Y,System.Administrator
300000003782054,P2P_LE AUD BU_SGD,EFT,300000004159753,300000003577730,300000003782491,ALL,PAYMENT,INVOICE,ALL,ALL,Y,Y,Y,Y,System.Administrator
300000003782054,P2P_RE NOK BU_SGD,EFT,300000004159801,300000003823060,300000003782523,ALL,PAYMENT,INVOICE,ALL,ALL,Y,Y,Y,Y,System.Administrator
300000003782054,P2P_RE TRY BU_SGD,EFT,300000004159816,300000003577750,300000003782533,ALL,PAYMENT,INVOICE,ALL,ALL,Y,Y,Y,Y,System.Administrator
300000003782054,P2P_LE GBP BU_HKD,EFT,300000004159831,300000003577755,300000003782543,ALL,PAYMENT,INVOICE,ALL,ALL,Y,Y,Y,Y,System.Administrator
300000003782054,P2P_RE RUB BU_HKD,EFT,300000004159879,300000003577770,300000003782575,ALL,PAYMENT,INVOICE,ALL,ALL,Y,Y,Y,Y,System.Administrator
300000003782054,P2P_LE AED BU_NZD,EFT,300000004159894,300000003577775,300000003782585,ALL,PAYMENT,INVOICE,ALL,ALL,Y,Y,Y,Y,System.Administrator
300000003782054,P2P_LE GBP BU_NZD,EFT,300000004159903,300000003577778,300000003782591,ALL,PAYMENT,INVOICE,ALL,ALL,Y,Y,Y,Y,System.Administrator
300000003782054,P2P_LE HKD BU_AED,EFT,300000004159978,300000003577802,300000003782642,ALL,PAYMENT,INVOICE,ALL,ALL,Y,Y,Y,Y,System.Administrator
300000003782054,P2P_LE USD BU_AED,EFT,300000004159981,300000003577803,300000003782644,ALL,PAYMENT,INVOICE,ALL,ALL,Y,Y,Y,Y,System.Administrator
300000003782054,P2P_RE AUD BU_AED,EFT,300000004159984,300000003577804,300000003782646,ALL,PAYMENT,INVOICE,ALL,ALL,Y,Y,Y,Y,System.Administrator
300000003782054,P2P_RE GBP BU_AED,EFT,300000004168002,300000003577810,300000003782658,ALL,PAYMENT,INVOICE,ALL,ALL,Y,Y,Y,Y,System.Administrator
300000003782054,P2P_RE HKD BU_AED,EFT,300000004168005,300000003577811,300000003782660,ALL,PAYMENT,INVOICE,ALL,ALL,Y,Y,Y,Y,System.Administrator
300000003782054,P2P_RE TRY BU_AED,EFT,300000004168032,300000004060133,300000003782679,ALL,PAYMENT,INVOICE,ALL,ALL,Y,Y,Y,Y,System.Administrator
300000010029106,OPEX_SWIFT_USD,EFT,300000010354192,300000009553701,300000010383881,ALL,INVOICE,INVOICE,ALL,ALL,Y,Y,N,Y,System.Administrator
300000010029106,OPEX_SWIFT_CHF,EFT,300000010354201,300000009553665,300000010383876,ALL,INVOICE,INVOICE,ALL,ALL,Y,Y,N,Y,System.Administrator
300000010029106,OPEX_SWIFT_JPY,EFT,300000010354207,300000009553694,300000010383880,ALL,INVOICE,INVOICE,ALL,ALL,Y,Y,N,Y,System.Administrator
300000010029106,OPEX_SWIFT_SGD,EFT,300000011542407,300000009553647,300000010383874,ALL,INVOICE,INVOICE,ALL,ALL,Y,Y,N,Y,System.Administrator
300000010029106,OPEX_SWIFT_CAD,EFT,300000011542410,300000009553647,300000010383874,ALL,INVOICE,INVOICE,ALL,ALL,Y,Y,N,Y,System.Administrator
300000010029106,OPEX_SWIFT_NZD,EFT,300000011542413,300000009553647,300000010383874,ALL,INVOICE,INVOICE,ALL,ALL,Y,Y,N,Y,System.Administrator
300000003782054,P2P_LE CNY BU_AUD,EFT,300000039619599,,,ALL,PAYMENT,INVOICE,ALL,ALL,Y,Y,Y,Y,Naqeeb.Ullah@adia.ae
300000003782054,P2P_LE CNY BU_SGD,EFT,300000039619610,,,ALL,PAYMENT,INVOICE,ALL,ALL,Y,Y,Y,Y,Naqeeb.Ullah@adia.ae
