ORG_ID,PAYMENT_CURRENCY_CODE,PAYMENT_PRIORITY,TERMS_ID,TERMS_DATE_BASIS,PAY_DATE_BASIS_LOOKUP_CODE,GL_DATE_FROM_RECEIPT_FLAG,BUDGET_DATE_BASIS,INVOICE_CURRENCY_CODE,PREPAYMENT_AVAILABLE_MESG_FLAG,WHEN_TO_ACCOUNT_PMT,APPROVAL_WORKFLOW_FLAG,ALLOW_FORCE_APPROVAL_FLAG,APPROVAL_TIMING,AUTO_CALCULATE_INTEREST_FLAG,INTEREST_TOLERANCE_AMOUNT,INTEREST_CODE_COMBINATION_ID,PRORATE_INT_INV_ACROSS_DISTS,ROUTING_FLAG,DISALLOW_ATTACHMENT_DEL_FLAG,CREATED_BY
300000003738302,,99,10001,Invoice,DISCOUNT,INVOICE,ACC,,Y,PAYMENT ONLY,Y,N,N,N,,,N,N,N,System.Administrator
300000003738315,,99,10001,Invoice,DISCOUNT,INVOICE,ACC,,Y,PAYMENT ONLY,Y,N,N,N,,,N,N,N,System.Administrator
300000003738250,,99,10001,Invoice,DISCOUNT,INVOICE,ACC,,Y,PAYMENT ONLY,Y,N,N,N,,,N,N,N,System.Administrator
300000003738263,,99,10001,Invoice,DISCOUNT,INVOICE,ACC,,Y,PAYMENT ONLY,Y,N,N,N,,,N,N,N,System.Administrator
300000003738332,,99,10001,Invoice,DISCOUNT,INVOICE,ACC,,Y,PAYMENT ONLY,Y,N,N,N,,,N,N,N,System.Administrator
300000003738397,,99,10001,Invoice,DISCOUNT,INVOICE,ACC,,Y,PAYMENT ONLY,Y,N,N,N,,,N,N,N,System.Administrator
300000003738449,,99,10001,Invoice,DISCOUNT,INVOICE,ACC,,Y,PAYMENT ONLY,Y,N,N,N,,,N,N,N,System.Administrator
300000003738540,,99,10001,Invoice,DISCOUNT,INVOICE,ACC,,Y,PAYMENT ONLY,Y,N,N,N,,,N,N,N,System.Administrator
300000009013059,,99,300000010029128,Invoice,DUE,INVOICE,ACC,,Y,BOTH,Y,N,A,N,,,N,N,N,System.Administrator
300000003738345,,99,10001,Invoice,DISCOUNT,INVOICE,ACC,,Y,PAYMENT ONLY,Y,N,N,N,,,N,N,N,System.Administrator
300000003738423,,99,10001,Invoice,DISCOUNT,INVOICE,ACC,,Y,PAYMENT ONLY,Y,N,N,N,,,N,N,N,System.Administrator
300000003738553,,99,10001,Invoice,DISCOUNT,INVOICE,ACC,,Y,PAYMENT ONLY,Y,N,N,N,,,N,N,N,System.Administrator
300000003738475,,99,10001,Invoice,DISCOUNT,INVOICE,ACC,,Y,PAYMENT ONLY,Y,N,N,N,,,N,N,N,System.Administrator
300000003738514,,99,10001,Invoice,DISCOUNT,INVOICE,ACC,,Y,PAYMENT ONLY,Y,N,N,N,,,N,N,N,System.Administrator
300000003738289,,99,10001,Invoice,DISCOUNT,INVOICE,ACC,,Y,PAYMENT ONLY,Y,N,N,N,,,N,N,N,System.Administrator
300000003738276,,99,10001,Invoice,DISCOUNT,INVOICE,ACC,,Y,PAYMENT ONLY,Y,N,N,N,,,N,N,N,System.Administrator
300000003738358,,99,10001,Invoice,DISCOUNT,INVOICE,ACC,,Y,PAYMENT ONLY,Y,N,N,N,,,N,N,N,System.Administrator
300000003738371,,99,10001,Invoice,DISCOUNT,INVOICE,ACC,,Y,PAYMENT ONLY,Y,N,N,N,,,N,N,N,System.Administrator
300000003738462,,99,10001,Invoice,DISCOUNT,INVOICE,ACC,,Y,PAYMENT ONLY,Y,N,N,N,,,N,N,N,System.Administrator
300000003738488,,99,10001,Invoice,DISCOUNT,INVOICE,ACC,,Y,PAYMENT ONLY,Y,N,N,N,,,N,N,N,System.Administrator
300000003738501,,99,10001,Invoice,DISCOUNT,INVOICE,ACC,,Y,PAYMENT ONLY,Y,N,N,N,,,N,N,N,System.Administrator
300000003738410,,99,10001,Invoice,DISCOUNT,INVOICE,ACC,,Y,PAYMENT ONLY,Y,N,N,N,,,N,N,N,System.Administrator
300000003738436,,99,10001,Invoice,DISCOUNT,INVOICE,ACC,,Y,PAYMENT ONLY,Y,N,N,N,,,N,N,N,System.Administrator
300000003738384,,99,10001,Invoice,DISCOUNT,INVOICE,ACC,,Y,PAYMENT ONLY,Y,N,N,N,,,N,N,N,System.Administrator
300000003738527,,99,10001,Invoice,DISCOUNT,INVOICE,ACC,,Y,PAYMENT ONLY,Y,N,N,N,,,N,N,N,System.Administrator
300000039651768,,99,300000010029128,Invoice,DISCOUNT,INVOICE,ACC,,Y,PAYMENT ONLY,Y,N,N,N,,,N,N,N,svcERPProdServiceAdm@adia.ae
