SET_ID,TERM_ID,CREATED_BY
0,10001,SEED_DATA_FROM_APPLICATION
0,10014,SEED_DATA_FROM_APPLICATION
0,10134,SEED_DATA_FROM_APPLICATION
0,10135,SEED_DATA_FROM_APPLICATION
0,10136,SEED_DATA_FROM_APPLICATION
0,10137,SEED_DATA_FROM_APPLICATION
0,10175,SEED_DATA_FROM_APPLICATION
0,300000010029128,System.Administrator
0,300000010029132,System.Administrator
0,300000010029133,System.Administrator
0,300000010029134,System.Administrator
0,300000010029135,System.Administrator
0,300000010029136,System.Administrator
0,300000010029141,System.Administrator
0,300000010029130,System.Administrator
0,300000010029138,System.Administrator
0,300000010029139,System.Administrator
0,300000010029137,System.Administrator
0,300000010029140,System.Administrator
