TERM_ID,NAME,LANGUAGE,CREATED_BY
10001,Immediate,US,SEED_DATA_FROM_APPLICATION
10014,2/10 Net 30,US,SEED_DATA_FROM_APPLICATION
10134,Net 30,US,SEED_DATA_FROM_APPLICATION
10135,Net 45,US,SEED_DATA_FROM_APPLICATION
10136,Net 60,US,SEED_DATA_FROM_APPLICATION
10137,Net Monthly Account,US,SEED_DATA_FROM_APPLICATION
10175,End of Month,US,SEED_DATA_FROM_APPLICATION
300000010029128,30 Days Net,US,System.Administrator
300000010029132,14 Days Net,US,System.Administrator
300000010029133,45 Days Net,US,System.Administrator
300000010029134,60 Days Net,US,System.Administrator
300000010029135,120 Days Net,US,System.Administrator
300000010029136,21 Days Net,US,System.Administrator
300000010029141,13 Days Net,US,System.Administrator
300000010029130,7 Days Net,US,System.Administrator
300000010029138,90 Days Net,US,System.Administrator
300000010029139,15 Days Net,US,System.Administrator
300000010029137,10 Days Net,US,System.Administrator
300000010029140,28 Days Net,US,System.Administrator
