TERM_ID,DISCOUNT_PERCENT,DISCOUNT_DAYS,CREATED_BY
10001,,,SEED_DATA_FROM_APPLICATION
10014,2,10,SEED_DATA_FROM_APPLICATION
10134,,,SEED_DATA_FROM_APPLICATION
10135,,,SEED_DATA_FROM_APPLICATION
10136,,,SEED_DATA_FROM_APPLICATION
10137,,,SEED_DATA_FROM_APPLICATION
10175,,,SEED_DATA_FROM_APPLICATION
300000010029128,,,System.Administrator
300000010029132,,,System.Administrator
300000010029133,,,System.Administrator
300000010029134,,,System.Administrator
300000010029135,,,System.Administrator
300000010029141,,,System.Administrator
300000010029130,,,System.Administrator
300000010029136,,,System.Administrator
300000010029138,,,System.Administrator
300000010029139,,,System.Administrator
300000010029137,,,System.Administrator
300000010029140,,,System.Administrator
