BANK_ACCOUNT_ID,ORG_ID,CREATED_BY
300000003577731,300000003738276,System.Administrator
300000003577732,300000003738263,System.Administrator
300000003577733,300000003738315,System.Administrator
300000003577734,300000003738250,System.Administrator
300000003577735,300000003738371,System.Administrator
300000003577736,300000003738384,System.Administrator
300000003577737,300000003738397,System.Administrator
300000003577738,300000003738410,System.Administrator
300000003577739,300000003738423,System.Administrator
300000003577740,300000003738358,System.Administrator
300000003577741,300000003738345,System.Administrator
300000003577742,300000003738436,System.Administrator
300000003577743,300000003738553,System.Administrator
300000003577744,300000003738449,System.Administrator
300000003577745,300000003738462,System.Administrator
300000003577746,300000003738488,System.Administrator
300000003577747,300000003738501,System.Administrator
300000003577748,300000003738514,System.Administrator
300000003577749,300000003738527,System.Administrator
300000003577750,300000003738540,System.Administrator
300000003577751,300000003738332,System.Administrator
300000003577752,300000003738289,System.Administrator
300000003577753,300000003738302,System.Administrator
300000003577754,300000003738276,System.Administrator
300000003577755,300000003738263,System.Administrator
300000003577756,300000003738315,System.Administrator
300000003577757,300000003738250,System.Administrator
300000003577758,300000003738371,System.Administrator
300000003577759,300000003738384,System.Administrator
300000003577760,300000003738397,System.Administrator
300000003577761,300000003738410,System.Administrator
300000003577762,300000003738423,System.Administrator
300000003577763,300000003738358,System.Administrator
300000003577764,300000003738345,System.Administrator
300000003577765,300000003738436,System.Administrator
300000003577766,300000003738553,System.Administrator
300000003577767,300000003738449,System.Administrator
300000003577768,300000003738462,System.Administrator
300000003577769,300000003738488,System.Administrator
300000003577770,300000003738501,System.Administrator
300000003577771,300000003738514,System.Administrator
300000003577772,300000003738527,System.Administrator
300000003577773,300000003738540,System.Administrator
300000003577774,300000003738332,System.Administrator
300000003577775,300000003738289,System.Administrator
300000003577776,300000003738302,System.Administrator
300000003577777,300000003738276,System.Administrator
300000003577778,300000003738263,System.Administrator
300000003577779,300000003738315,System.Administrator
300000003577780,300000003738250,System.Administrator
300000003577781,300000003738371,System.Administrator
300000003577782,300000003738384,System.Administrator
300000003577783,300000003738397,System.Administrator
300000003577784,300000003738410,System.Administrator
300000003577785,300000003738423,System.Administrator
300000003577786,300000003738358,System.Administrator
300000003577787,300000003738345,System.Administrator
300000003577788,300000003738436,System.Administrator
300000003577789,300000003738553,System.Administrator
300000003577790,300000003738449,System.Administrator
300000003577791,300000003738462,System.Administrator
300000003577792,300000003738488,System.Administrator
300000003577793,300000003738501,System.Administrator
300000003577794,300000003738514,System.Administrator
300000003577795,300000003738527,System.Administrator
300000003577796,300000003738540,System.Administrator
300000003577797,300000003738332,System.Administrator
300000003577798,300000003738289,System.Administrator
300000003577799,300000003738302,System.Administrator
300000003577800,300000003738276,System.Administrator
300000003577801,300000003738263,System.Administrator
300000003577802,300000003738315,System.Administrator
300000003577803,300000003738250,System.Administrator
300000003577804,300000003738371,System.Administrator
300000003577805,300000003738384,System.Administrator
300000003577806,300000003738397,System.Administrator
300000003577807,300000003738410,System.Administrator
300000003577808,300000003738423,System.Administrator
300000003548878,300000003738289,System.Administrator
300000003548879,300000003738302,System.Administrator
300000003548880,300000003738276,System.Administrator
300000003548881,300000003738263,System.Administrator
300000003548882,300000003738315,System.Administrator
300000003548883,300000003738250,System.Administrator
300000003548884,300000003738371,System.Administrator
300000003548885,300000003738384,System.Administrator
300000003548886,300000003738397,System.Administrator
300000003548887,300000003738410,System.Administrator
300000003548888,300000003738423,System.Administrator
300000003548889,300000003738358,System.Administrator
300000003548890,300000003738345,System.Administrator
300000003548891,300000003738436,System.Administrator
300000003548892,300000003738553,System.Administrator
300000003548893,300000003738449,System.Administrator
300000003548894,300000003738462,System.Administrator
300000003548895,300000003738488,System.Administrator
300000003548896,300000003738501,System.Administrator
300000003548897,300000003738514,System.Administrator
300000003548898,300000003738527,System.Administrator
300000003548899,300000003738540,System.Administrator
300000003548900,300000003738332,System.Administrator
300000003548901,300000003738289,System.Administrator
300000003548902,300000003738302,System.Administrator
300000003548903,300000003738276,System.Administrator
300000003548904,300000003738263,System.Administrator
300000003548905,300000003738315,System.Administrator
300000003548906,300000003738250,System.Administrator
300000003548907,300000003738371,System.Administrator
300000003548908,300000003738384,System.Administrator
300000003548909,300000003738397,System.Administrator
300000003548910,300000003738410,System.Administrator
300000003548911,300000003738423,System.Administrator
300000003548912,300000003738358,System.Administrator
300000003548913,300000003738345,System.Administrator
300000003548914,300000003738436,System.Administrator
300000003548915,300000003738553,System.Administrator
300000003548916,300000003738449,System.Administrator
300000003548917,300000003738462,System.Administrator
300000003548918,300000003738488,System.Administrator
300000003548919,300000003738501,System.Administrator
300000003548920,300000003738514,System.Administrator
300000003548921,300000003738527,System.Administrator
300000003548922,300000003738540,System.Administrator
300000003548923,300000003738332,System.Administrator
300000003548924,300000003738289,System.Administrator
300000003548925,300000003738302,System.Administrator
300000003548926,300000003738276,System.Administrator
300000003548927,300000003738263,System.Administrator
300000003548928,300000003738315,System.Administrator
300000003548929,300000003738250,System.Administrator
300000003548930,300000003738371,System.Administrator
300000003548931,300000003738384,System.Administrator
300000003548932,300000003738397,System.Administrator
300000003548933,300000003738410,System.Administrator
300000003548934,300000003738423,System.Administrator
300000003548935,300000003738358,System.Administrator
300000003548936,300000003738345,System.Administrator
300000003548937,300000003738436,System.Administrator
300000003548938,300000003738553,System.Administrator
300000003548939,300000003738449,System.Administrator
300000003548940,300000003738462,System.Administrator
300000003548941,300000003738488,System.Administrator
300000003548942,300000003738501,System.Administrator
300000003548943,300000003738514,System.Administrator
300000003548944,300000003738527,System.Administrator
300000003548945,300000003738540,System.Administrator
300000003548946,300000003738332,System.Administrator
300000003548947,300000003738289,System.Administrator
300000003548948,300000003738302,System.Administrator
300000003548949,300000003738276,System.Administrator
300000003548950,300000003738263,System.Administrator
300000003548951,300000003738315,System.Administrator
300000003548952,300000003738250,System.Administrator
300000003548953,300000003738371,System.Administrator
300000003548954,300000003738384,System.Administrator
300000003548955,300000003738397,System.Administrator
300000003548956,300000003738410,System.Administrator
300000003548957,300000003738423,System.Administrator
300000003548958,300000003738358,System.Administrator
300000003548959,300000003738345,System.Administrator
300000003548960,300000003738436,System.Administrator
300000003548961,300000003738553,System.Administrator
300000003548962,300000003738449,System.Administrator
300000003548963,300000003738462,System.Administrator
300000003548964,300000003738488,System.Administrator
300000003548965,300000003738501,System.Administrator
300000003548966,300000003738514,System.Administrator
300000003548967,300000003738527,System.Administrator
300000003548968,300000003738540,System.Administrator
300000003548969,300000003738332,System.Administrator
300000003548970,300000003738289,System.Administrator
300000003548971,300000003738302,System.Administrator
300000003548972,300000003738276,System.Administrator
300000003548973,300000003738263,System.Administrator
300000003548974,300000003738315,System.Administrator
300000003548975,300000003738250,System.Administrator
300000003548976,300000003738371,System.Administrator
300000003548977,300000003738384,System.Administrator
300000003577714,300000003738397,System.Administrator
300000003577715,300000003738410,System.Administrator
300000003577716,300000003738423,System.Administrator
300000003577717,300000003738358,System.Administrator
300000003577718,300000003738345,System.Administrator
300000003577719,300000003738436,System.Administrator
300000003577720,300000003738553,System.Administrator
300000003577721,300000003738449,System.Administrator
300000003577722,300000003738462,System.Administrator
300000003577723,300000003738488,System.Administrator
300000003577724,300000003738501,System.Administrator
300000003577725,300000003738514,System.Administrator
300000003577726,300000003738527,System.Administrator
300000003577727,300000003738540,System.Administrator
300000003577728,300000003738332,System.Administrator
300000003577729,300000003738289,System.Administrator
300000003577730,300000003738302,System.Administrator
300000010004758,300000003738462,ERP_PROD_SAAS
300000010004759,300000003738462,ERP_PROD_SAAS
300000010004760,300000003738462,ERP_PROD_SAAS
300000010004761,300000003738488,ERP_PROD_SAAS
300000010004762,300000003738488,ERP_PROD_SAAS
300000010004763,300000003738488,ERP_PROD_SAAS
300000010004764,300000003738488,ERP_PROD_SAAS
300000010004765,300000003738488,ERP_PROD_SAAS
300000010004766,300000003738488,ERP_PROD_SAAS
300000010004767,300000003738488,ERP_PROD_SAAS
300000010004768,300000003738488,ERP_PROD_SAAS
300000010004769,300000003738501,ERP_PROD_SAAS
300000010004770,300000003738501,ERP_PROD_SAAS
300000010004771,300000003738501,ERP_PROD_SAAS
300000010004772,300000003738501,ERP_PROD_SAAS
300000010004773,300000003738501,ERP_PROD_SAAS
300000010004774,300000003738501,ERP_PROD_SAAS
300000010004775,300000003738501,ERP_PROD_SAAS
300000010004776,300000003738501,ERP_PROD_SAAS
300000010004777,300000003738501,ERP_PROD_SAAS
300000010004954,300000003738514,ERP_PROD_SAAS
300000010004955,300000003738514,ERP_PROD_SAAS
300000010004956,300000003738514,ERP_PROD_SAAS
300000010004957,300000003738514,ERP_PROD_SAAS
300000010004958,300000003738514,ERP_PROD_SAAS
300000010004959,300000003738514,ERP_PROD_SAAS
300000010004960,300000003738514,ERP_PROD_SAAS
300000010004961,300000003738514,ERP_PROD_SAAS
300000010004962,300000003738514,ERP_PROD_SAAS
300000010004963,300000003738527,ERP_PROD_SAAS
300000010004964,300000003738527,ERP_PROD_SAAS
300000010004965,300000003738527,ERP_PROD_SAAS
300000010004966,300000003738527,ERP_PROD_SAAS
300000010004967,300000003738527,ERP_PROD_SAAS
300000010004968,300000003738527,ERP_PROD_SAAS
300000010004969,300000003738527,ERP_PROD_SAAS
300000010004970,300000003738527,ERP_PROD_SAAS
300000010004971,300000003738540,ERP_PROD_SAAS
300000010004972,300000003738540,ERP_PROD_SAAS
300000010004973,300000003738540,ERP_PROD_SAAS
300000010004974,300000003738540,ERP_PROD_SAAS
300000010004975,300000003738540,ERP_PROD_SAAS
300000004060128,300000003738462,System.Administrator
300000004060129,300000003738488,System.Administrator
300000004060130,300000003738501,System.Administrator
300000004060131,300000003738514,System.Administrator
300000004060132,300000003738527,System.Administrator
300000004060133,300000003738540,System.Administrator
300000004060134,300000003738332,System.Administrator
300000003823060,300000003738475,System.Administrator
300000003823066,300000003738475,System.Administrator
300000009979011,300000003738289,ERP_PROD_SAAS
300000009979012,300000003738302,ERP_PROD_SAAS
300000009979013,300000003738276,ERP_PROD_SAAS
300000009979014,300000003738263,ERP_PROD_SAAS
300000009979015,300000003738315,ERP_PROD_SAAS
300000009979016,300000003738371,ERP_PROD_SAAS
300000009979017,300000003738384,ERP_PROD_SAAS
300000009979018,300000003738397,ERP_PROD_SAAS
300000009979019,300000003738410,ERP_PROD_SAAS
300000009979020,300000003738423,ERP_PROD_SAAS
300000009979021,300000003738358,ERP_PROD_SAAS
300000009979022,300000003738345,ERP_PROD_SAAS
300000009979023,300000003738436,ERP_PROD_SAAS
300000009979024,300000003738553,ERP_PROD_SAAS
300000009979025,300000003738449,ERP_PROD_SAAS
300000009979026,300000003738462,ERP_PROD_SAAS
300000009979027,300000003738488,ERP_PROD_SAAS
300000009979028,300000003738501,ERP_PROD_SAAS
300000009979029,300000003738514,ERP_PROD_SAAS
300000009979030,300000003738527,ERP_PROD_SAAS
300000009979031,300000003738540,ERP_PROD_SAAS
300000009979032,300000003738332,ERP_PROD_SAAS
300000009979033,300000003738289,ERP_PROD_SAAS
300000009979034,300000003738289,ERP_PROD_SAAS
300000009979035,300000003738289,ERP_PROD_SAAS
300000009994893,300000003738289,ERP_PROD_SAAS
300000009994894,300000003738289,ERP_PROD_SAAS
300000009994895,300000003738289,ERP_PROD_SAAS
300000009994896,300000003738289,ERP_PROD_SAAS
300000009994904,300000003738302,ERP_PROD_SAAS
300000009994912,300000003738276,ERP_PROD_SAAS
300000009997305,300000009013059,ERP_PROD_SAAS
300000009553647,300000009013059,System.Administrator
300000003577809,300000003738358,System.Administrator
300000003577810,300000003738345,System.Administrator
300000003577811,300000003738436,System.Administrator
300000003577812,300000003738553,System.Administrator
300000003577813,300000003738449,System.Administrator
300000003823043,300000003738475,System.Administrator
300000003823047,300000003738475,System.Administrator
300000003823050,300000003738475,System.Administrator
300000009553658,300000009013059,System.Administrator
300000009553672,300000009013059,System.Administrator
300000009553680,300000009013059,System.Administrator
300000009553687,300000009013059,System.Administrator
300000009553694,300000009013059,System.Administrator
300000009553701,300000009013059,System.Administrator
300000031260592,300000031171029,Mansoor.Hussain@adia.ae
300000039619552,300000039651768,svcERPProdServiceAdm@adia.ae
300000039619559,300000039651768,svcERPProdServiceAdm@adia.ae
300000039619563,300000039651768,svcERPProdServiceAdm@adia.ae
300000039619571,300000039651768,svcERPProdServiceAdm@adia.ae
300000003823054,300000003738475,System.Administrator
300000003823069,300000003738475,System.Administrator
300000010004976,300000003738540,ERP_PROD_SAAS
300000010004977,300000003738540,ERP_PROD_SAAS
300000010004978,300000003738540,ERP_PROD_SAAS
300000010005155,300000003738540,ERP_PROD_SAAS
300000009553665,300000009013059,System.Administrator
300000039619518,300000039651768,svcERPProdServiceAdm@adia.ae
300000039619567,300000039651768,svcERPProdServiceAdm@adia.ae
300000039619575,300000039651768,svcERPProdServiceAdm@adia.ae
300000003823063,300000003738475,System.Administrator
300000039619523,300000039651768,svcERPProdServiceAdm@adia.ae
300000039619542,300000039651768,svcERPProdServiceAdm@adia.ae
300000009995103,300000003738315,ERP_PROD_SAAS
300000009996301,300000003738332,ERP_PROD_SAAS
300000010003804,300000003738302,ERP_PROD_SAAS
300000010003805,300000003738302,ERP_PROD_SAAS
300000010003806,300000003738302,ERP_PROD_SAAS
300000010003807,300000003738302,ERP_PROD_SAAS
300000010003808,300000003738302,ERP_PROD_SAAS
300000010003809,300000003738302,ERP_PROD_SAAS
300000010003810,300000003738302,ERP_PROD_SAAS
300000010003811,300000003738276,ERP_PROD_SAAS
300000010003812,300000003738276,ERP_PROD_SAAS
300000010003813,300000003738276,ERP_PROD_SAAS
300000010003814,300000003738276,ERP_PROD_SAAS
300000010003815,300000003738276,ERP_PROD_SAAS
300000010003816,300000003738276,ERP_PROD_SAAS
300000010003817,300000003738276,ERP_PROD_SAAS
300000010003818,300000003738263,ERP_PROD_SAAS
300000010003819,300000003738263,ERP_PROD_SAAS
300000010003820,300000003738263,ERP_PROD_SAAS
300000010003821,300000003738263,ERP_PROD_SAAS
300000010003822,300000003738263,ERP_PROD_SAAS
300000010003957,300000003738263,ERP_PROD_SAAS
300000010003958,300000003738263,ERP_PROD_SAAS
300000010003959,300000003738315,ERP_PROD_SAAS
300000010003960,300000003738315,ERP_PROD_SAAS
300000010003961,300000003738315,ERP_PROD_SAAS
300000010003962,300000003738315,ERP_PROD_SAAS
300000010003963,300000003738315,ERP_PROD_SAAS
300000010003964,300000003738315,ERP_PROD_SAAS
300000010003965,300000003738315,ERP_PROD_SAAS
300000010003966,300000003738371,ERP_PROD_SAAS
300000010003967,300000003738371,ERP_PROD_SAAS
300000010003968,300000003738371,ERP_PROD_SAAS
300000010003969,300000003738371,ERP_PROD_SAAS
300000010003970,300000003738371,ERP_PROD_SAAS
300000010003971,300000003738371,ERP_PROD_SAAS
300000010003972,300000003738371,ERP_PROD_SAAS
300000010003973,300000003738371,ERP_PROD_SAAS
300000010003974,300000003738371,ERP_PROD_SAAS
300000010003975,300000003738384,ERP_PROD_SAAS
300000010003976,300000003738384,ERP_PROD_SAAS
300000010003977,300000003738384,ERP_PROD_SAAS
300000010003978,300000003738384,ERP_PROD_SAAS
300000010003979,300000003738384,ERP_PROD_SAAS
300000010003980,300000003738384,ERP_PROD_SAAS
300000010004150,300000003738384,ERP_PROD_SAAS
300000010004151,300000003738384,ERP_PROD_SAAS
300000010004152,300000003738384,ERP_PROD_SAAS
300000010004153,300000003738397,ERP_PROD_SAAS
300000010004154,300000003738397,ERP_PROD_SAAS
300000010004155,300000003738397,ERP_PROD_SAAS
300000010004156,300000003738397,ERP_PROD_SAAS
300000010004157,300000003738397,ERP_PROD_SAAS
300000010004158,300000003738397,ERP_PROD_SAAS
300000010004159,300000003738397,ERP_PROD_SAAS
300000010004160,300000003738397,ERP_PROD_SAAS
300000010004161,300000003738410,ERP_PROD_SAAS
300000010004162,300000003738410,ERP_PROD_SAAS
300000010004163,300000003738410,ERP_PROD_SAAS
300000010004164,300000003738410,ERP_PROD_SAAS
300000010004165,300000003738410,ERP_PROD_SAAS
300000010004166,300000003738410,ERP_PROD_SAAS
300000010004167,300000003738410,ERP_PROD_SAAS
300000010004168,300000003738410,ERP_PROD_SAAS
300000010004169,300000003738410,ERP_PROD_SAAS
300000010004170,300000003738423,ERP_PROD_SAAS
300000010004171,300000003738423,ERP_PROD_SAAS
300000010004172,300000003738423,ERP_PROD_SAAS
300000010004173,300000003738423,ERP_PROD_SAAS
300000010004174,300000003738423,ERP_PROD_SAAS
300000010004351,300000003738423,ERP_PROD_SAAS
300000010004352,300000003738423,ERP_PROD_SAAS
300000010004353,300000003738423,ERP_PROD_SAAS
300000010004354,300000003738423,ERP_PROD_SAAS
300000010004355,300000003738358,ERP_PROD_SAAS
300000010004356,300000003738358,ERP_PROD_SAAS
300000010004357,300000003738358,ERP_PROD_SAAS
300000010004358,300000003738358,ERP_PROD_SAAS
300000010004359,300000003738358,ERP_PROD_SAAS
300000010004360,300000003738358,ERP_PROD_SAAS
300000010004361,300000003738358,ERP_PROD_SAAS
300000010004362,300000003738358,ERP_PROD_SAAS
300000010004363,300000003738358,ERP_PROD_SAAS
300000010004364,300000003738345,ERP_PROD_SAAS
300000003823057,300000003738475,System.Administrator
300000010004365,300000003738345,ERP_PROD_SAAS
300000010004366,300000003738345,ERP_PROD_SAAS
300000010004367,300000003738345,ERP_PROD_SAAS
300000010004368,300000003738345,ERP_PROD_SAAS
300000010004369,300000003738345,ERP_PROD_SAAS
300000010004370,300000003738345,ERP_PROD_SAAS
300000010004371,300000003738345,ERP_PROD_SAAS
300000010004372,300000003738345,ERP_PROD_SAAS
300000010004373,300000003738436,ERP_PROD_SAAS
300000010004374,300000003738436,ERP_PROD_SAAS
300000010004375,300000003738436,ERP_PROD_SAAS
300000010004552,300000003738436,ERP_PROD_SAAS
300000010004553,300000003738436,ERP_PROD_SAAS
300000010004554,300000003738436,ERP_PROD_SAAS
300000010004555,300000003738436,ERP_PROD_SAAS
300000010004556,300000003738436,ERP_PROD_SAAS
300000010004557,300000003738436,ERP_PROD_SAAS
300000010004558,300000003738553,ERP_PROD_SAAS
300000010004559,300000003738553,ERP_PROD_SAAS
300000010004560,300000003738553,ERP_PROD_SAAS
300000010004561,300000003738553,ERP_PROD_SAAS
300000010004562,300000003738553,ERP_PROD_SAAS
300000010004563,300000003738553,ERP_PROD_SAAS
300000010004564,300000003738553,ERP_PROD_SAAS
300000010004565,300000003738553,ERP_PROD_SAAS
300000010004566,300000003738553,ERP_PROD_SAAS
300000010004567,300000003738449,ERP_PROD_SAAS
300000010004568,300000003738449,ERP_PROD_SAAS
300000010004569,300000003738449,ERP_PROD_SAAS
300000010004570,300000003738449,ERP_PROD_SAAS
300000010004571,300000003738449,ERP_PROD_SAAS
300000010004572,300000003738449,ERP_PROD_SAAS
300000010004573,300000003738449,ERP_PROD_SAAS
300000010004574,300000003738449,ERP_PROD_SAAS
300000010004575,300000003738449,ERP_PROD_SAAS
300000010004576,300000003738462,ERP_PROD_SAAS
300000010004753,300000003738462,ERP_PROD_SAAS
300000010004754,300000003738462,ERP_PROD_SAAS
300000010004755,300000003738462,ERP_PROD_SAAS
300000010004756,300000003738462,ERP_PROD_SAAS
300000010004757,300000003738462,ERP_PROD_SAAS
