BANK_ACCOUNT_ID,BANK_BRANCH_ID,BANK_ID,BANK_ACCOUNT_NAME,BANK_ACCOUNT_NUM,MULTI_CURRENCY_ALLOWED_FLAG,AP_USE_ALLOWED_FLAG,AR_USE_ALLOWED_FLAG,PAY_USE_ALLOWED_FLAG,MASKED_ACCOUNT_NUM,START_DATE,END_DATE,CREATED_BY
300000003548926,300000003780945,300000003780931,P2P_LE EUR BU_GBP,4031003844916004-LEEUR,,Y,Y,,XXXXXXXXXXXXXXXXXXEEUR,2022-07-29T00:00:00.000+00:00,null,System.Administrator
300000003548927,300000003780950,300000003780931,P2P_LE GBP BU_GBP,4031003844916004-LEGBP,,Y,Y,,XXXXXXXXXXXXXXXXXXEGBP,2022-07-29T00:00:00.000+00:00,null,System.Administrator
300000003548928,300000003780955,300000003780931,P2P_LE HKD BU_GBP,4031003844916004-LEHKD,,Y,Y,,XXXXXXXXXXXXXXXXXXEHKD,2022-07-29T00:00:00.000+00:00,null,System.Administrator
300000003548929,300000003780960,300000003780931,P2P_LE USD BU_GBP,4031003844916004-LEUSD,,Y,Y,,XXXXXXXXXXXXXXXXXXEUSD,2022-07-29T00:00:00.000+00:00,null,System.Administrator
300000003548930,300000003780965,300000003780931,P2P_RE AUD BU_GBP,4031003844916004-REAUD,,Y,Y,,XXXXXXXXXXXXXXXXXXEAUD,2022-07-29T00:00:00.000+00:00,null,System.Administrator
300000003548931,300000003780970,300000003780931,P2P_RE BRL BU_GBP,4031003844916004-REBRL,,Y,Y,,XXXXXXXXXXXXXXXXXXEBRL,2022-07-29T00:00:00.000+00:00,null,System.Administrator
300000003548932,300000003780975,300000003780931,P2P_RE CHF BU_GBP,4031003844916004-RECHF,,Y,Y,,XXXXXXXXXXXXXXXXXXECHF,2022-07-29T00:00:00.000+00:00,null,System.Administrator
300000003548933,300000003780980,300000003780931,P2P_RE CLP BU_GBP,4031003844916004-RECLP,,Y,Y,,XXXXXXXXXXXXXXXXXXECLP,2022-07-29T00:00:00.000+00:00,null,System.Administrator
300000003548934,300000003780985,300000003780931,P2P_RE CNY BU_GBP,4031003844916004-RECNY,,Y,Y,,XXXXXXXXXXXXXXXXXXECNY,2022-07-29T00:00:00.000+00:00,null,System.Administrator
300000003548935,300000003780990,300000003780931,P2P_RE EUR BU_GBP,4031003844916004-REEUR,,Y,Y,,XXXXXXXXXXXXXXXXXXEEUR,2022-07-29T00:00:00.000+00:00,null,System.Administrator
300000003548936,300000003780995,300000003780931,P2P_RE GBP BU_GBP,4031003844916004-REGBP,,Y,Y,,XXXXXXXXXXXXXXXXXXEGBP,2022-07-29T00:00:00.000+00:00,null,System.Administrator
300000003548937,300000003781000,300000003780931,P2P_RE HKD BU_GBP,4031003844916004-REHKD,,Y,Y,,XXXXXXXXXXXXXXXXXXEHKD,2022-07-29T00:00:00.000+00:00,null,System.Administrator
300000003548938,300000004060005,300000003780931,P2P_RE INR BU_GBP,4031003844916004-REINR,,Y,Y,,XXXXXXXXXXXXXXXXXXEINR,2022-07-29T00:00:00.000+00:00,null,System.Administrator
300000003548939,300000004060010,300000003780931,P2P_RE KRW BU_GBP,4031003844916004-REKRW,,Y,Y,,XXXXXXXXXXXXXXXXXXEKRW,2022-07-29T00:00:00.000+00:00,null,System.Administrator
300000003548940,300000004060015,300000003780931,P2P_RE MXN BU_GBP,4031003844916004-REMXN,,Y,Y,,XXXXXXXXXXXXXXXXXXEMXN,2022-07-29T00:00:00.000+00:00,null,System.Administrator
300000003548941,300000004060025,300000003780931,P2P_RE NZD BU_GBP,4031003844916004-RENZD,,Y,Y,,XXXXXXXXXXXXXXXXXXENZD,2022-07-29T00:00:00.000+00:00,null,System.Administrator
300000003548942,300000004060030,300000003780931,P2P_RE RUB BU_GBP,4031003844916004-RERUB,,Y,Y,,XXXXXXXXXXXXXXXXXXERUB,2022-07-29T00:00:00.000+00:00,null,System.Administrator
300000003548943,300000004060035,300000003780931,P2P_RE SEK BU_GBP,4031003844916004-RESEK,,Y,Y,,XXXXXXXXXXXXXXXXXXESEK,2022-07-29T00:00:00.000+00:00,null,System.Administrator
300000003548944,300000004060040,300000003780931,P2P_RE SGD BU_GBP,4031003844916004-RESGD,,Y,Y,,XXXXXXXXXXXXXXXXXXESGD,2022-07-29T00:00:00.000+00:00,null,System.Administrator
300000003548945,300000004060045,300000003780931,P2P_RE TRY BU_GBP,4031003844916004-RETRY,,Y,Y,,XXXXXXXXXXXXXXXXXXETRY,2022-07-29T00:00:00.000+00:00,null,System.Administrator
300000003548946,300000004060050,300000003780931,P2P_RE USD BU_GBP,4031003844916004-REUSD,,Y,Y,,XXXXXXXXXXXXXXXXXXEUSD,2022-07-29T00:00:00.000+00:00,null,System.Administrator
300000003548947,300000003780935,300000003780931,P2P_LE AED BU_AUD,4031003844916005-LEAED,,Y,Y,,XXXXXXXXXXXXXXXXXXEAED,2022-07-29T00:00:00.000+00:00,null,System.Administrator
300000003548948,300000003780940,300000003780931,P2P_LE AUD BU_AUD,4031003844916005-LEAUD,,Y,Y,,XXXXXXXXXXXXXXXXXXEAUD,2022-07-29T00:00:00.000+00:00,null,System.Administrator
300000003548949,300000003780945,300000003780931,P2P_LE EUR BU_AUD,4031003844916005-LEEUR,,Y,Y,,XXXXXXXXXXXXXXXXXXEEUR,2022-07-29T00:00:00.000+00:00,null,System.Administrator
300000003548950,300000003780950,300000003780931,P2P_LE GBP BU_AUD,4031003844916005-LEGBP,,Y,Y,,XXXXXXXXXXXXXXXXXXEGBP,2022-07-29T00:00:00.000+00:00,null,System.Administrator
300000003548951,300000003780955,300000003780931,P2P_LE HKD BU_AUD,4031003844916005-LEHKD,,Y,Y,,XXXXXXXXXXXXXXXXXXEHKD,2022-07-29T00:00:00.000+00:00,null,System.Administrator
300000003548952,300000003780960,300000003780931,P2P_LE USD BU_AUD,4031003844916005-LEUSD,,Y,Y,,XXXXXXXXXXXXXXXXXXEUSD,2022-07-29T00:00:00.000+00:00,null,System.Administrator
300000003548953,300000003780965,300000003780931,P2P_RE AUD BU_AUD,4031003844916005-REAUD,,Y,Y,,XXXXXXXXXXXXXXXXXXEAUD,2022-07-29T00:00:00.000+00:00,null,System.Administrator
300000003548954,300000003780970,300000003780931,P2P_RE BRL BU_AUD,4031003844916005-REBRL,,Y,Y,,XXXXXXXXXXXXXXXXXXEBRL,2022-07-29T00:00:00.000+00:00,null,System.Administrator
300000003548955,300000003780975,300000003780931,P2P_RE CHF BU_AUD,4031003844916005-RECHF,,Y,Y,,XXXXXXXXXXXXXXXXXXECHF,2022-07-29T00:00:00.000+00:00,null,System.Administrator
300000003548956,300000003780980,300000003780931,P2P_RE CLP BU_AUD,4031003844916005-RECLP,,Y,Y,,XXXXXXXXXXXXXXXXXXECLP,2022-07-29T00:00:00.000+00:00,null,System.Administrator
300000003548957,300000003780985,300000003780931,P2P_RE CNY BU_AUD,4031003844916005-RECNY,,Y,Y,,XXXXXXXXXXXXXXXXXXECNY,2022-07-29T00:00:00.000+00:00,null,System.Administrator
300000003548878,300000003780935,300000003780931,P2P_LE AED BU_USD,4031003844916002-LEAED,,Y,Y,,XXXXXXXXXXXXXXXXXXEAED,2022-07-29T00:00:00.000+00:00,null,System.Administrator
300000003548879,300000003780940,300000003780931,P2P_LE AUD BU_USD,4031003844916002-LEAUD,,Y,Y,,XXXXXXXXXXXXXXXXXXEAUD,2022-07-29T00:00:00.000+00:00,null,System.Administrator
300000003548880,300000003780945,300000003780931,P2P_LE EUR BU_USD,4031003844916002-LEEUR,,Y,Y,,XXXXXXXXXXXXXXXXXXEEUR,2022-07-29T00:00:00.000+00:00,null,System.Administrator
300000003548881,300000003780950,300000003780931,P2P_LE GBP BU_USD,4031003844916002-LEGBP,,Y,Y,,XXXXXXXXXXXXXXXXXXEGBP,2022-07-29T00:00:00.000+00:00,null,System.Administrator
300000003548882,300000003780955,300000003780931,P2P_LE HKD BU_USD,4031003844916002-LEHKD,,Y,Y,,XXXXXXXXXXXXXXXXXXEHKD,2022-07-29T00:00:00.000+00:00,null,System.Administrator
300000003548883,300000003780960,300000003780931,P2P_LE USD BU_USD,4031003844916002-LEUSD,Y,Y,Y,,XXXXXXXXXXXXXXXXXXEUSD,2022-07-29T00:00:00.000+00:00,null,System.Administrator
300000003548884,300000003780965,300000003780931,P2P_RE AUD BU_USD,4031003844916002-REAUD,,Y,Y,,XXXXXXXXXXXXXXXXXXEAUD,2022-07-29T00:00:00.000+00:00,null,System.Administrator
300000003548885,300000003780970,300000003780931,P2P_RE BRL BU_USD,4031003844916002-REBRL,,Y,Y,,XXXXXXXXXXXXXXXXXXEBRL,2022-07-29T00:00:00.000+00:00,null,System.Administrator
300000003548886,300000003780975,300000003780931,P2P_RE CHF BU_USD,4031003844916002-RECHF,,Y,Y,,XXXXXXXXXXXXXXXXXXECHF,2022-07-29T00:00:00.000+00:00,null,System.Administrator
300000003548887,300000003780980,300000003780931,P2P_RE CLP BU_USD,4031003844916002-RECLP,,Y,Y,,XXXXXXXXXXXXXXXXXXECLP,2022-07-29T00:00:00.000+00:00,null,System.Administrator
300000003548888,300000003780985,300000003780931,P2P_RE CNY BU_USD,4031003844916002-RECNY,,Y,Y,,XXXXXXXXXXXXXXXXXXECNY,2022-07-29T00:00:00.000+00:00,null,System.Administrator
300000003548889,300000003780990,300000003780931,P2P_RE EUR BU_USD,4031003844916002-REEUR,,Y,Y,,XXXXXXXXXXXXXXXXXXEEUR,2022-07-29T00:00:00.000+00:00,null,System.Administrator
300000003548890,300000003780995,300000003780931,P2P_RE GBP BU_USD,4031003844916002-REGBP,,Y,Y,,XXXXXXXXXXXXXXXXXXEGBP,2022-07-29T00:00:00.000+00:00,null,System.Administrator
300000003548891,300000003781000,300000003780931,P2P_RE HKD BU_USD,4031003844916002-REHKD,,Y,Y,,XXXXXXXXXXXXXXXXXXEHKD,2022-07-29T00:00:00.000+00:00,null,System.Administrator
300000003548892,300000004060005,300000003780931,P2P_RE INR BU_USD,4031003844916002-REINR,,Y,Y,,XXXXXXXXXXXXXXXXXXEINR,2022-07-29T00:00:00.000+00:00,null,System.Administrator
300000003548893,300000004060010,300000003780931,P2P_RE KRW BU_USD,4031003844916002-REKRW,,Y,Y,,XXXXXXXXXXXXXXXXXXEKRW,2022-07-29T00:00:00.000+00:00,null,System.Administrator
300000003548894,300000004060015,300000003780931,P2P_RE MXN BU_USD,4031003844916002-REMXN,,Y,Y,,XXXXXXXXXXXXXXXXXXEMXN,2022-07-29T00:00:00.000+00:00,null,System.Administrator
300000003548895,300000004060025,300000003780931,P2P_RE NZD BU_USD,4031003844916002-RENZD,,Y,Y,,XXXXXXXXXXXXXXXXXXENZD,2022-07-29T00:00:00.000+00:00,null,System.Administrator
300000003548896,300000004060030,300000003780931,P2P_RE RUB BU_USD,4031003844916002-RERUB,,Y,Y,,XXXXXXXXXXXXXXXXXXERUB,2022-07-29T00:00:00.000+00:00,null,System.Administrator
300000003548897,300000004060035,300000003780931,P2P_RE SEK BU_USD,4031003844916002-RESEK,,Y,Y,,XXXXXXXXXXXXXXXXXXESEK,2022-07-29T00:00:00.000+00:00,null,System.Administrator
300000003548898,300000004060040,300000003780931,P2P_RE SGD BU_USD,4031003844916002-RESGD,,Y,Y,,XXXXXXXXXXXXXXXXXXESGD,2022-07-29T00:00:00.000+00:00,null,System.Administrator
300000003548899,300000004060045,300000003780931,P2P_RE TRY BU_USD,4031003844916002-RETRY,,Y,Y,,XXXXXXXXXXXXXXXXXXETRY,2022-07-29T00:00:00.000+00:00,null,System.Administrator
300000003548900,300000004060050,300000003780931,P2P_RE USD BU_USD,4031003844916002-REUSD,Y,Y,Y,,XXXXXXXXXXXXXXXXXXEUSD,2022-07-29T00:00:00.000+00:00,null,System.Administrator
300000003548901,300000003780935,300000003780931,P2P_LE AED BU_EUR,4031003844916003-LEAED,,Y,Y,,XXXXXXXXXXXXXXXXXXEAED,2022-07-29T00:00:00.000+00:00,null,System.Administrator
300000003548902,300000003780940,300000003780931,P2P_LE AUD BU_EUR,4031003844916003-LEAUD,,Y,Y,,XXXXXXXXXXXXXXXXXXEAUD,2022-07-29T00:00:00.000+00:00,null,System.Administrator
300000003548903,300000003780945,300000003780931,P2P_LE EUR BU_EUR,4031003844916003-LEEUR,Y,Y,Y,,XXXXXXXXXXXXXXXXXXEEUR,2022-07-29T00:00:00.000+00:00,null,System.Administrator
300000003548904,300000003780950,300000003780931,P2P_LE GBP BU_EUR,4031003844916003-LEGBP,,Y,Y,,XXXXXXXXXXXXXXXXXXEGBP,2022-07-29T00:00:00.000+00:00,null,System.Administrator
300000003548905,300000003780955,300000003780931,P2P_LE HKD BU_EUR,4031003844916003-LEHKD,,Y,Y,,XXXXXXXXXXXXXXXXXXEHKD,2022-07-29T00:00:00.000+00:00,null,System.Administrator
300000003548906,300000003780960,300000003780931,P2P_LE USD BU_EUR,4031003844916003-LEUSD,,Y,Y,,XXXXXXXXXXXXXXXXXXEUSD,2022-07-29T00:00:00.000+00:00,null,System.Administrator
300000003548907,300000003780965,300000003780931,P2P_RE AUD BU_EUR,4031003844916003-REAUD,,Y,Y,,XXXXXXXXXXXXXXXXXXEAUD,2022-07-29T00:00:00.000+00:00,null,System.Administrator
300000003548908,300000003780970,300000003780931,P2P_RE BRL BU_EUR,4031003844916003-REBRL,,Y,Y,,XXXXXXXXXXXXXXXXXXEBRL,2022-07-29T00:00:00.000+00:00,null,System.Administrator
300000003548909,300000003780975,300000003780931,P2P_RE CHF BU_EUR,4031003844916003-RECHF,,Y,Y,,XXXXXXXXXXXXXXXXXXECHF,2022-07-29T00:00:00.000+00:00,null,System.Administrator
300000003548910,300000003780980,300000003780931,P2P_RE CLP BU_EUR,4031003844916003-RECLP,,Y,Y,,XXXXXXXXXXXXXXXXXXECLP,2022-07-29T00:00:00.000+00:00,null,System.Administrator
300000003548911,300000003780985,300000003780931,P2P_RE CNY BU_EUR,4031003844916003-RECNY,,Y,Y,,XXXXXXXXXXXXXXXXXXECNY,2022-07-29T00:00:00.000+00:00,null,System.Administrator
300000003548912,300000003780990,300000003780931,P2P_RE EUR BU_EUR,4031003844916003-REEUR,Y,Y,Y,,XXXXXXXXXXXXXXXXXXEEUR,2022-07-29T00:00:00.000+00:00,null,System.Administrator
300000003548913,300000003780995,300000003780931,P2P_RE GBP BU_EUR,4031003844916003-REGBP,,Y,Y,,XXXXXXXXXXXXXXXXXXEGBP,2022-07-29T00:00:00.000+00:00,null,System.Administrator
300000003548914,300000003781000,300000003780931,P2P_RE HKD BU_EUR,4031003844916003-REHKD,,Y,Y,,XXXXXXXXXXXXXXXXXXEHKD,2022-07-29T00:00:00.000+00:00,null,System.Administrator
300000003548915,300000004060005,300000003780931,P2P_RE INR BU_EUR,4031003844916003-REINR,,Y,Y,,XXXXXXXXXXXXXXXXXXEINR,2022-07-29T00:00:00.000+00:00,null,System.Administrator
300000003548916,300000004060010,300000003780931,P2P_RE KRW BU_EUR,4031003844916003-REKRW,,Y,Y,,XXXXXXXXXXXXXXXXXXEKRW,2022-07-29T00:00:00.000+00:00,null,System.Administrator
300000003548917,300000004060015,300000003780931,P2P_RE MXN BU_EUR,4031003844916003-REMXN,,Y,Y,,XXXXXXXXXXXXXXXXXXEMXN,2022-07-29T00:00:00.000+00:00,null,System.Administrator
300000003548918,300000004060025,300000003780931,P2P_RE NZD BU_EUR,4031003844916003-RENZD,,Y,Y,,XXXXXXXXXXXXXXXXXXENZD,2022-07-29T00:00:00.000+00:00,null,System.Administrator
300000003548919,300000004060030,300000003780931,P2P_RE RUB BU_EUR,4031003844916003-RERUB,,Y,Y,,XXXXXXXXXXXXXXXXXXERUB,2022-07-29T00:00:00.000+00:00,null,System.Administrator
300000003548920,300000004060035,300000003780931,P2P_RE SEK BU_EUR,4031003844916003-RESEK,,Y,Y,,XXXXXXXXXXXXXXXXXXESEK,2022-07-29T00:00:00.000+00:00,null,System.Administrator
300000003548921,300000004060040,300000003780931,P2P_RE SGD BU_EUR,4031003844916003-RESGD,,Y,Y,,XXXXXXXXXXXXXXXXXXESGD,2022-07-29T00:00:00.000+00:00,null,System.Administrator
300000003548922,300000004060045,300000003780931,P2P_RE TRY BU_EUR,4031003844916003-RETRY,,Y,Y,,XXXXXXXXXXXXXXXXXXETRY,2022-07-29T00:00:00.000+00:00,null,System.Administrator
300000003548923,300000004060050,300000003780931,P2P_RE USD BU_EUR,4031003844916003-REUSD,,Y,Y,,XXXXXXXXXXXXXXXXXXEUSD,2022-07-29T00:00:00.000+00:00,null,System.Administrator
300000003548924,300000003780935,300000003780931,P2P_LE AED BU_GBP,4031003844916004-LEAED,,Y,Y,,XXXXXXXXXXXXXXXXXXEAED,2022-07-29T00:00:00.000+00:00,null,System.Administrator
300000003548925,300000003780940,300000003780931,P2P_LE AUD BU_GBP,4031003844916004-LEAUD,,Y,Y,,XXXXXXXXXXXXXXXXXXEAUD,2022-07-29T00:00:00.000+00:00,null,System.Administrator
300000003577790,300000004060010,300000003780931,P2P_RE KRW BU_NZD,4031003844916009-REKRW,,Y,Y,,XXXXXXXXXXXXXXXXXXEKRW,2022-07-29T00:00:00.000+00:00,null,System.Administrator
300000003577791,300000004060015,300000003780931,P2P_RE MXN BU_NZD,4031003844916009-REMXN,,Y,Y,,XXXXXXXXXXXXXXXXXXEMXN,2022-07-29T00:00:00.000+00:00,null,System.Administrator
300000003577792,300000004060025,300000003780931,P2P_RE NZD BU_NZD,4031003844916009-RENZD,,Y,Y,,XXXXXXXXXXXXXXXXXXENZD,2022-07-29T00:00:00.000+00:00,null,System.Administrator
300000003577793,300000004060030,300000003780931,P2P_RE RUB BU_NZD,4031003844916009-RERUB,,Y,Y,,XXXXXXXXXXXXXXXXXXERUB,2022-07-29T00:00:00.000+00:00,null,System.Administrator
300000003577794,300000004060035,300000003780931,P2P_RE SEK BU_NZD,4031003844916009-RESEK,,Y,Y,,XXXXXXXXXXXXXXXXXXESEK,2022-07-29T00:00:00.000+00:00,null,System.Administrator
300000003577795,300000004060040,300000003780931,P2P_RE SGD BU_NZD,4031003844916009-RESGD,,Y,Y,,XXXXXXXXXXXXXXXXXXESGD,2022-07-29T00:00:00.000+00:00,null,System.Administrator
300000003577796,300000004060045,300000003780931,P2P_RE TRY BU_NZD,4031003844916009-RETRY,,Y,Y,,XXXXXXXXXXXXXXXXXXETRY,2022-07-29T00:00:00.000+00:00,null,System.Administrator
300000003577797,300000004060050,300000003780931,P2P_RE USD BU_NZD,4031003844916009-REUSD,,Y,Y,,XXXXXXXXXXXXXXXXXXEUSD,2022-07-29T00:00:00.000+00:00,null,System.Administrator
300000003577798,300000003780935,300000003780931,P2P_LE AED BU_AED,4031003844916010-LEAED,Y,Y,Y,,XXXXXXXXXXXXXXXXXXEAED,2022-07-29T00:00:00.000+00:00,null,System.Administrator
300000003577799,300000003780940,300000003780931,P2P_LE AUD BU_AED,4031003844916010-LEAUD,,Y,Y,,XXXXXXXXXXXXXXXXXXEAUD,2022-07-29T00:00:00.000+00:00,null,System.Administrator
300000003577800,300000003780945,300000003780931,P2P_LE EUR BU_AED,4031003844916010-LEEUR,,Y,Y,,XXXXXXXXXXXXXXXXXXEEUR,2022-07-29T00:00:00.000+00:00,null,System.Administrator
300000003577801,300000003780950,300000003780931,P2P_LE GBP BU_AED,4031003844916010-LEGBP,,Y,Y,,XXXXXXXXXXXXXXXXXXEGBP,2022-07-29T00:00:00.000+00:00,null,System.Administrator
300000003577802,300000003780955,300000003780931,P2P_LE HKD BU_AED,4031003844916010-LEHKD,,Y,Y,,XXXXXXXXXXXXXXXXXXEHKD,2022-07-29T00:00:00.000+00:00,null,System.Administrator
300000003577803,300000003780960,300000003780931,P2P_LE USD BU_AED,4031003844916010-LEUSD,,Y,Y,,XXXXXXXXXXXXXXXXXXEUSD,2022-07-29T00:00:00.000+00:00,null,System.Administrator
300000003577804,300000003780965,300000003780931,P2P_RE AUD BU_AED,4031003844916010-REAUD,,Y,Y,,XXXXXXXXXXXXXXXXXXEAUD,2022-07-29T00:00:00.000+00:00,null,System.Administrator
300000003577805,300000003780970,300000003780931,P2P_RE BRL BU_AED,4031003844916010-REBRL,,Y,Y,,XXXXXXXXXXXXXXXXXXEBRL,2022-07-29T00:00:00.000+00:00,null,System.Administrator
300000003577806,300000003780975,300000003780931,P2P_RE CHF BU_AED,4031003844916010-RECHF,,Y,Y,,XXXXXXXXXXXXXXXXXXECHF,2022-07-29T00:00:00.000+00:00,null,System.Administrator
300000003577807,300000003780980,300000003780931,P2P_RE CLP BU_AED,4031003844916010-RECLP,,Y,Y,,XXXXXXXXXXXXXXXXXXECLP,2022-07-29T00:00:00.000+00:00,null,System.Administrator
300000003577808,300000003780985,300000003780931,P2P_RE CNY BU_AED,4031003844916010-RECNY,,Y,Y,,XXXXXXXXXXXXXXXXXXECNY,2022-07-29T00:00:00.000+00:00,null,System.Administrator
300000003577809,300000003780990,300000003780931,P2P_RE EUR BU_AED,4031003844916010-REEUR,,Y,Y,,XXXXXXXXXXXXXXXXXXEEUR,2022-07-29T00:00:00.000+00:00,null,System.Administrator
300000003577810,300000003780995,300000003780931,P2P_RE GBP BU_AED,4031003844916010-REGBP,,Y,Y,,XXXXXXXXXXXXXXXXXXEGBP,2022-07-29T00:00:00.000+00:00,null,System.Administrator
300000003577811,300000003781000,300000003780931,P2P_RE HKD BU_AED,4031003844916010-REHKD,,Y,Y,,XXXXXXXXXXXXXXXXXXEHKD,2022-07-29T00:00:00.000+00:00,null,System.Administrator
300000003577812,300000004060005,300000003780931,P2P_RE INR BU_AED,4031003844916010-REINR,,Y,Y,,XXXXXXXXXXXXXXXXXXEINR,2022-07-29T00:00:00.000+00:00,null,System.Administrator
300000003577813,300000004060010,300000003780931,P2P_RE KRW BU_AED,4031003844916010-REKRW,,Y,Y,,XXXXXXXXXXXXXXXXXXEKRW,2022-07-29T00:00:00.000+00:00,null,System.Administrator
300000004060128,300000004060015,300000003780931,P2P_RE MXN BU_AED,4031003844916010-REMXN,,Y,Y,,XXXXXXXXXXXXXXXXXXEMXN,2022-07-29T00:00:00.000+00:00,null,System.Administrator
300000004060129,300000004060025,300000003780931,P2P_RE NZD BU_AED,4031003844916010-RENZD,,Y,Y,,XXXXXXXXXXXXXXXXXXENZD,2022-07-29T00:00:00.000+00:00,null,System.Administrator
300000004060130,300000004060030,300000003780931,P2P_RE RUB BU_AED,4031003844916010-RERUB,,Y,Y,,XXXXXXXXXXXXXXXXXXERUB,2022-07-29T00:00:00.000+00:00,null,System.Administrator
300000004060131,300000004060035,300000003780931,P2P_RE SEK BU_AED,4031003844916010-RESEK,,Y,Y,,XXXXXXXXXXXXXXXXXXESEK,2022-07-29T00:00:00.000+00:00,null,System.Administrator
300000004060132,300000004060040,300000003780931,P2P_RE SGD BU_AED,4031003844916010-RESGD,,Y,Y,,XXXXXXXXXXXXXXXXXXESGD,2022-07-29T00:00:00.000+00:00,null,System.Administrator
300000004060133,300000004060045,300000003780931,P2P_RE TRY BU_AED,4031003844916010-RETRY,,Y,Y,,XXXXXXXXXXXXXXXXXXETRY,2022-07-29T00:00:00.000+00:00,null,System.Administrator
300000004060134,300000004060050,300000003780931,P2P_RE USD BU_AED,4031003844916010-REUSD,,Y,Y,,XXXXXXXXXXXXXXXXXXEUSD,2022-07-29T00:00:00.000+00:00,null,System.Administrator
300000003823043,300000004060020,300000003780931,P2P_RE NOK BU_USD,4031003844916002-RENOK,,Y,Y,,XXXXXXXXXXXXXXXXXXENOK,2022-07-29T00:00:00.000+00:00,null,System.Administrator
300000003577714,300000003780975,300000003780931,P2P_RE CHF BU_CHF,4031003844916006-RECHF,,Y,Y,,XXXXXXXXXXXXXXXXXXECHF,2022-07-29T00:00:00.000+00:00,null,System.Administrator
300000003577715,300000003780980,300000003780931,P2P_RE CLP BU_CHF,4031003844916006-RECLP,,Y,Y,,XXXXXXXXXXXXXXXXXXECLP,2022-07-29T00:00:00.000+00:00,null,System.Administrator
300000003577716,300000003780985,300000003780931,P2P_RE CNY BU_CHF,4031003844916006-RECNY,,Y,Y,,XXXXXXXXXXXXXXXXXXECNY,2022-07-29T00:00:00.000+00:00,null,System.Administrator
300000003577717,300000003780990,300000003780931,P2P_RE EUR BU_CHF,4031003844916006-REEUR,,Y,Y,,XXXXXXXXXXXXXXXXXXEEUR,2022-07-29T00:00:00.000+00:00,null,System.Administrator
300000003577718,300000003780995,300000003780931,P2P_RE GBP BU_CHF,4031003844916006-REGBP,,Y,Y,,XXXXXXXXXXXXXXXXXXEGBP,2022-07-29T00:00:00.000+00:00,null,System.Administrator
300000003577719,300000003781000,300000003780931,P2P_RE HKD BU_CHF,4031003844916006-REHKD,,Y,Y,,XXXXXXXXXXXXXXXXXXEHKD,2022-07-29T00:00:00.000+00:00,null,System.Administrator
300000003577720,300000004060005,300000003780931,P2P_RE INR BU_CHF,4031003844916006-REINR,,Y,Y,,XXXXXXXXXXXXXXXXXXEINR,2022-07-29T00:00:00.000+00:00,null,System.Administrator
300000003577721,300000004060010,300000003780931,P2P_RE KRW BU_CHF,4031003844916006-REKRW,,Y,Y,,XXXXXXXXXXXXXXXXXXEKRW,2022-07-29T00:00:00.000+00:00,null,System.Administrator
300000003577722,300000004060015,300000003780931,P2P_RE MXN BU_CHF,4031003844916006-REMXN,,Y,Y,,XXXXXXXXXXXXXXXXXXEMXN,2022-07-29T00:00:00.000+00:00,null,System.Administrator
300000003577723,300000004060025,300000003780931,P2P_RE NZD BU_CHF,4031003844916006-RENZD,,Y,Y,,XXXXXXXXXXXXXXXXXXENZD,2022-07-29T00:00:00.000+00:00,null,System.Administrator
300000003577724,300000004060030,300000003780931,P2P_RE RUB BU_CHF,4031003844916006-RERUB,,Y,Y,,XXXXXXXXXXXXXXXXXXERUB,2022-07-29T00:00:00.000+00:00,null,System.Administrator
300000003577725,300000004060035,300000003780931,P2P_RE SEK BU_CHF,4031003844916006-RESEK,,Y,Y,,XXXXXXXXXXXXXXXXXXESEK,2022-07-29T00:00:00.000+00:00,null,System.Administrator
300000003577726,300000004060040,300000003780931,P2P_RE SGD BU_CHF,4031003844916006-RESGD,,Y,Y,,XXXXXXXXXXXXXXXXXXESGD,2022-07-29T00:00:00.000+00:00,null,System.Administrator
300000003577727,300000004060045,300000003780931,P2P_RE TRY BU_CHF,4031003844916006-RETRY,,Y,Y,,XXXXXXXXXXXXXXXXXXETRY,2022-07-29T00:00:00.000+00:00,null,System.Administrator
300000003577728,300000004060050,300000003780931,P2P_RE USD BU_CHF,4031003844916006-REUSD,,Y,Y,,XXXXXXXXXXXXXXXXXXEUSD,2022-07-29T00:00:00.000+00:00,null,System.Administrator
300000003577729,300000003780935,300000003780931,P2P_LE AED BU_SGD,4031003844916007-LEAED,,Y,Y,,XXXXXXXXXXXXXXXXXXEAED,2022-07-29T00:00:00.000+00:00,null,System.Administrator
300000003577730,300000003780940,300000003780931,P2P_LE AUD BU_SGD,4031003844916007-LEAUD,,Y,Y,,XXXXXXXXXXXXXXXXXXEAUD,2022-07-29T00:00:00.000+00:00,null,System.Administrator
300000003577731,300000003780945,300000003780931,P2P_LE EUR BU_SGD,4031003844916007-LEEUR,,Y,Y,,XXXXXXXXXXXXXXXXXXEEUR,2022-07-29T00:00:00.000+00:00,null,System.Administrator
300000003577732,300000003780950,300000003780931,P2P_LE GBP BU_SGD,4031003844916007-LEGBP,,Y,Y,,XXXXXXXXXXXXXXXXXXEGBP,2022-07-29T00:00:00.000+00:00,null,System.Administrator
300000003577733,300000003780955,300000003780931,P2P_LE HKD BU_SGD,4031003844916007-LEHKD,,Y,Y,,XXXXXXXXXXXXXXXXXXEHKD,2022-07-29T00:00:00.000+00:00,null,System.Administrator
300000003577734,300000003780960,300000003780931,P2P_LE USD BU_SGD,4031003844916007-LEUSD,,Y,Y,,XXXXXXXXXXXXXXXXXXEUSD,2022-07-29T00:00:00.000+00:00,null,System.Administrator
300000003577735,300000003780965,300000003780931,P2P_RE AUD BU_SGD,4031003844916007-REAUD,,Y,Y,,XXXXXXXXXXXXXXXXXXEAUD,2022-07-29T00:00:00.000+00:00,null,System.Administrator
300000003577736,300000003780970,300000003780931,P2P_RE BRL BU_SGD,4031003844916007-REBRL,,Y,Y,,XXXXXXXXXXXXXXXXXXEBRL,2022-07-29T00:00:00.000+00:00,null,System.Administrator
300000003577737,300000003780975,300000003780931,P2P_RE CHF BU_SGD,4031003844916007-RECHF,,Y,Y,,XXXXXXXXXXXXXXXXXXECHF,2022-07-29T00:00:00.000+00:00,null,System.Administrator
300000003577738,300000003780980,300000003780931,P2P_RE CLP BU_SGD,4031003844916007-RECLP,,Y,Y,,XXXXXXXXXXXXXXXXXXECLP,2022-07-29T00:00:00.000+00:00,null,System.Administrator
300000003577739,300000003780985,300000003780931,P2P_RE CNY BU_SGD,4031003844916007-RECNY,,Y,Y,,XXXXXXXXXXXXXXXXXXECNY,2022-07-29T00:00:00.000+00:00,null,System.Administrator
300000003577740,300000003780990,300000003780931,P2P_RE EUR BU_SGD,4031003844916007-REEUR,,Y,Y,,XXXXXXXXXXXXXXXXXXEEUR,2022-07-29T00:00:00.000+00:00,null,System.Administrator
300000003577741,300000003780995,300000003780931,P2P_RE GBP BU_SGD,4031003844916007-REGBP,,Y,Y,,XXXXXXXXXXXXXXXXXXEGBP,2022-07-29T00:00:00.000+00:00,null,System.Administrator
300000003577742,300000003781000,300000003780931,P2P_RE HKD BU_SGD,4031003844916007-REHKD,,Y,Y,,XXXXXXXXXXXXXXXXXXEHKD,2022-07-29T00:00:00.000+00:00,null,System.Administrator
300000003577743,300000004060005,300000003780931,P2P_RE INR BU_SGD,4031003844916007-REINR,,Y,Y,,XXXXXXXXXXXXXXXXXXEINR,2022-07-29T00:00:00.000+00:00,null,System.Administrator
300000003577744,300000004060010,300000003780931,P2P_RE KRW BU_SGD,4031003844916007-REKRW,,Y,Y,,XXXXXXXXXXXXXXXXXXEKRW,2022-07-29T00:00:00.000+00:00,null,System.Administrator
300000003577745,300000004060015,300000003780931,P2P_RE MXN BU_SGD,4031003844916007-REMXN,,Y,Y,,XXXXXXXXXXXXXXXXXXEMXN,2022-07-29T00:00:00.000+00:00,null,System.Administrator
300000003577746,300000004060025,300000003780931,P2P_RE NZD BU_SGD,4031003844916007-RENZD,,Y,Y,,XXXXXXXXXXXXXXXXXXENZD,2022-07-29T00:00:00.000+00:00,null,System.Administrator
300000003577747,300000004060030,300000003780931,P2P_RE RUB BU_SGD,4031003844916007-RERUB,,Y,Y,,XXXXXXXXXXXXXXXXXXERUB,2022-07-29T00:00:00.000+00:00,null,System.Administrator
300000003577748,300000004060035,300000003780931,P2P_RE SEK BU_SGD,4031003844916007-RESEK,,Y,Y,,XXXXXXXXXXXXXXXXXXESEK,2022-07-29T00:00:00.000+00:00,null,System.Administrator
300000003577749,300000004060040,300000003780931,P2P_RE SGD BU_SGD,4031003844916007-RESGD,,Y,Y,,XXXXXXXXXXXXXXXXXXESGD,2022-07-29T00:00:00.000+00:00,null,System.Administrator
300000003577750,300000004060045,300000003780931,P2P_RE TRY BU_SGD,4031003844916007-RETRY,,Y,Y,,XXXXXXXXXXXXXXXXXXETRY,2022-07-29T00:00:00.000+00:00,null,System.Administrator
300000003577751,300000004060050,300000003780931,P2P_RE USD BU_SGD,4031003844916007-REUSD,,Y,Y,,XXXXXXXXXXXXXXXXXXEUSD,2022-07-29T00:00:00.000+00:00,null,System.Administrator
300000003577752,300000003780935,300000003780931,P2P_LE AED BU_HKD,4031003844916008-LEAED,,Y,Y,,XXXXXXXXXXXXXXXXXXEAED,2022-07-29T00:00:00.000+00:00,null,System.Administrator
300000003577753,300000003780940,300000003780931,P2P_LE AUD BU_HKD,4031003844916008-LEAUD,,Y,Y,,XXXXXXXXXXXXXXXXXXEAUD,2022-07-29T00:00:00.000+00:00,null,System.Administrator
300000003577754,300000003780945,300000003780931,P2P_LE EUR BU_HKD,4031003844916008-LEEUR,,Y,Y,,XXXXXXXXXXXXXXXXXXEEUR,2022-07-29T00:00:00.000+00:00,null,System.Administrator
300000003577755,300000003780950,300000003780931,P2P_LE GBP BU_HKD,4031003844916008-LEGBP,,Y,Y,,XXXXXXXXXXXXXXXXXXEGBP,2022-07-29T00:00:00.000+00:00,null,System.Administrator
300000003577756,300000003780955,300000003780931,P2P_LE HKD BU_HKD,4031003844916008-LEHKD,,Y,Y,,XXXXXXXXXXXXXXXXXXEHKD,2022-07-29T00:00:00.000+00:00,null,System.Administrator
300000003577757,300000003780960,300000003780931,P2P_LE USD BU_HKD,4031003844916008-LEUSD,,Y,Y,,XXXXXXXXXXXXXXXXXXEUSD,2022-07-29T00:00:00.000+00:00,null,System.Administrator
300000003577758,300000003780965,300000003780931,P2P_RE AUD BU_HKD,4031003844916008-REAUD,,Y,Y,,XXXXXXXXXXXXXXXXXXEAUD,2022-07-29T00:00:00.000+00:00,null,System.Administrator
300000003577759,300000003780970,300000003780931,P2P_RE BRL BU_HKD,4031003844916008-REBRL,,Y,Y,,XXXXXXXXXXXXXXXXXXEBRL,2022-07-29T00:00:00.000+00:00,null,System.Administrator
300000003577760,300000003780975,300000003780931,P2P_RE CHF BU_HKD,4031003844916008-RECHF,,Y,Y,,XXXXXXXXXXXXXXXXXXECHF,2022-07-29T00:00:00.000+00:00,null,System.Administrator
300000003577761,300000003780980,300000003780931,P2P_RE CLP BU_HKD,4031003844916008-RECLP,,Y,Y,,XXXXXXXXXXXXXXXXXXECLP,2022-07-29T00:00:00.000+00:00,null,System.Administrator
300000003577762,300000003780985,300000003780931,P2P_RE CNY BU_HKD,4031003844916008-RECNY,,Y,Y,,XXXXXXXXXXXXXXXXXXECNY,2022-07-29T00:00:00.000+00:00,null,System.Administrator
300000003577763,300000003780990,300000003780931,P2P_RE EUR BU_HKD,4031003844916008-REEUR,,Y,Y,,XXXXXXXXXXXXXXXXXXEEUR,2022-07-29T00:00:00.000+00:00,null,System.Administrator
300000003577764,300000003780995,300000003780931,P2P_RE GBP BU_HKD,4031003844916008-REGBP,,Y,Y,,XXXXXXXXXXXXXXXXXXEGBP,2022-07-29T00:00:00.000+00:00,null,System.Administrator
300000003577765,300000003781000,300000003780931,P2P_RE HKD BU_HKD,4031003844916008-REHKD,,Y,Y,,XXXXXXXXXXXXXXXXXXEHKD,2022-07-29T00:00:00.000+00:00,null,System.Administrator
300000003577766,300000004060005,300000003780931,P2P_RE INR BU_HKD,4031003844916008-REINR,,Y,Y,,XXXXXXXXXXXXXXXXXXEINR,2022-07-29T00:00:00.000+00:00,null,System.Administrator
300000003577767,300000004060010,300000003780931,P2P_RE KRW BU_HKD,4031003844916008-REKRW,,Y,Y,,XXXXXXXXXXXXXXXXXXEKRW,2022-07-29T00:00:00.000+00:00,null,System.Administrator
300000003577768,300000004060015,300000003780931,P2P_RE MXN BU_HKD,4031003844916008-REMXN,,Y,Y,,XXXXXXXXXXXXXXXXXXEMXN,2022-07-29T00:00:00.000+00:00,null,System.Administrator
300000003577769,300000004060025,300000003780931,P2P_RE NZD BU_HKD,4031003844916008-RENZD,,Y,Y,,XXXXXXXXXXXXXXXXXXENZD,2022-07-29T00:00:00.000+00:00,null,System.Administrator
300000003577770,300000004060030,300000003780931,P2P_RE RUB BU_HKD,4031003844916008-RERUB,,Y,Y,,XXXXXXXXXXXXXXXXXXERUB,2022-07-29T00:00:00.000+00:00,null,System.Administrator
300000003577771,300000004060035,300000003780931,P2P_RE SEK BU_HKD,4031003844916008-RESEK,,Y,Y,,XXXXXXXXXXXXXXXXXXESEK,2022-07-29T00:00:00.000+00:00,null,System.Administrator
300000003577772,300000004060040,300000003780931,P2P_RE SGD BU_HKD,4031003844916008-RESGD,,Y,Y,,XXXXXXXXXXXXXXXXXXESGD,2022-07-29T00:00:00.000+00:00,null,System.Administrator
300000003577773,300000004060045,300000003780931,P2P_RE TRY BU_HKD,4031003844916008-RETRY,,Y,Y,,XXXXXXXXXXXXXXXXXXETRY,2022-07-29T00:00:00.000+00:00,null,System.Administrator
300000003577774,300000004060050,300000003780931,P2P_RE USD BU_HKD,4031003844916008-REUSD,,Y,Y,,XXXXXXXXXXXXXXXXXXEUSD,2022-07-29T00:00:00.000+00:00,null,System.Administrator
300000003577775,300000003780935,300000003780931,P2P_LE AED BU_NZD,4031003844916009-LEAED,,Y,Y,,XXXXXXXXXXXXXXXXXXEAED,2022-07-29T00:00:00.000+00:00,null,System.Administrator
300000003577776,300000003780940,300000003780931,P2P_LE AUD BU_NZD,4031003844916009-LEAUD,,Y,Y,,XXXXXXXXXXXXXXXXXXEAUD,2022-07-29T00:00:00.000+00:00,null,System.Administrator
300000003577777,300000003780945,300000003780931,P2P_LE EUR BU_NZD,4031003844916009-LEEUR,,Y,Y,,XXXXXXXXXXXXXXXXXXEEUR,2022-07-29T00:00:00.000+00:00,null,System.Administrator
300000003548958,300000003780990,300000003780931,P2P_RE EUR BU_AUD,4031003844916005-REEUR,,Y,Y,,XXXXXXXXXXXXXXXXXXEEUR,2022-07-29T00:00:00.000+00:00,null,System.Administrator
300000003548959,300000003780995,300000003780931,P2P_RE GBP BU_AUD,4031003844916005-REGBP,,Y,Y,,XXXXXXXXXXXXXXXXXXEGBP,2022-07-29T00:00:00.000+00:00,null,System.Administrator
300000003548960,300000003781000,300000003780931,P2P_RE HKD BU_AUD,4031003844916005-REHKD,,Y,Y,,XXXXXXXXXXXXXXXXXXEHKD,2022-07-29T00:00:00.000+00:00,null,System.Administrator
300000003548961,300000004060005,300000003780931,P2P_RE INR BU_AUD,4031003844916005-REINR,,Y,Y,,XXXXXXXXXXXXXXXXXXEINR,2022-07-29T00:00:00.000+00:00,null,System.Administrator
300000003548962,300000004060010,300000003780931,P2P_RE KRW BU_AUD,4031003844916005-REKRW,,Y,Y,,XXXXXXXXXXXXXXXXXXEKRW,2022-07-29T00:00:00.000+00:00,null,System.Administrator
300000003548963,300000004060015,300000003780931,P2P_RE MXN BU_AUD,4031003844916005-REMXN,,Y,Y,,XXXXXXXXXXXXXXXXXXEMXN,2022-07-29T00:00:00.000+00:00,null,System.Administrator
300000003548964,300000004060025,300000003780931,P2P_RE NZD BU_AUD,4031003844916005-RENZD,,Y,Y,,XXXXXXXXXXXXXXXXXXENZD,2022-07-29T00:00:00.000+00:00,null,System.Administrator
300000003548965,300000004060030,300000003780931,P2P_RE RUB BU_AUD,4031003844916005-RERUB,,Y,Y,,XXXXXXXXXXXXXXXXXXERUB,2022-07-29T00:00:00.000+00:00,null,System.Administrator
300000003548966,300000004060035,300000003780931,P2P_RE SEK BU_AUD,4031003844916005-RESEK,,Y,Y,,XXXXXXXXXXXXXXXXXXESEK,2022-07-29T00:00:00.000+00:00,null,System.Administrator
300000003548967,300000004060040,300000003780931,P2P_RE SGD BU_AUD,4031003844916005-RESGD,,Y,Y,,XXXXXXXXXXXXXXXXXXESGD,2022-07-29T00:00:00.000+00:00,null,System.Administrator
300000003548968,300000004060045,300000003780931,P2P_RE TRY BU_AUD,4031003844916005-RETRY,,Y,Y,,XXXXXXXXXXXXXXXXXXETRY,2022-07-29T00:00:00.000+00:00,null,System.Administrator
300000003548969,300000004060050,300000003780931,P2P_RE USD BU_AUD,4031003844916005-REUSD,,Y,Y,,XXXXXXXXXXXXXXXXXXEUSD,2022-07-29T00:00:00.000+00:00,null,System.Administrator
300000003548970,300000003780935,300000003780931,P2P_LE AED BU_CHF,4031003844916006-LEAED,,Y,Y,,XXXXXXXXXXXXXXXXXXEAED,2022-07-29T00:00:00.000+00:00,null,System.Administrator
300000003548971,300000003780940,300000003780931,P2P_LE AUD BU_CHF,4031003844916006-LEAUD,,Y,Y,,XXXXXXXXXXXXXXXXXXEAUD,2022-07-29T00:00:00.000+00:00,null,System.Administrator
300000003548972,300000003780945,300000003780931,P2P_LE EUR BU_CHF,4031003844916006-LEEUR,,Y,Y,,XXXXXXXXXXXXXXXXXXEEUR,2022-07-29T00:00:00.000+00:00,null,System.Administrator
300000003548973,300000003780950,300000003780931,P2P_LE GBP BU_CHF,4031003844916006-LEGBP,,Y,Y,,XXXXXXXXXXXXXXXXXXEGBP,2022-07-29T00:00:00.000+00:00,null,System.Administrator
300000003548974,300000003780955,300000003780931,P2P_LE HKD BU_CHF,4031003844916006-LEHKD,,Y,Y,,XXXXXXXXXXXXXXXXXXEHKD,2022-07-29T00:00:00.000+00:00,null,System.Administrator
300000003548975,300000003780960,300000003780931,P2P_LE USD BU_CHF,4031003844916006-LEUSD,,Y,Y,,XXXXXXXXXXXXXXXXXXEUSD,2022-07-29T00:00:00.000+00:00,null,System.Administrator
300000003548976,300000003780965,300000003780931,P2P_RE AUD BU_CHF,4031003844916006-REAUD,,Y,Y,,XXXXXXXXXXXXXXXXXXEAUD,2022-07-29T00:00:00.000+00:00,null,System.Administrator
300000003548977,300000003780970,300000003780931,P2P_RE BRL BU_CHF,4031003844916006-REBRL,,Y,Y,,XXXXXXXXXXXXXXXXXXEBRL,2022-07-29T00:00:00.000+00:00,null,System.Administrator
300000003577778,300000003780950,300000003780931,P2P_LE GBP BU_NZD,4031003844916009-LEGBP,,Y,Y,,XXXXXXXXXXXXXXXXXXEGBP,2022-07-29T00:00:00.000+00:00,null,System.Administrator
300000003577779,300000003780955,300000003780931,P2P_LE HKD BU_NZD,4031003844916009-LEHKD,,Y,Y,,XXXXXXXXXXXXXXXXXXEHKD,2022-07-29T00:00:00.000+00:00,null,System.Administrator
300000003577780,300000003780960,300000003780931,P2P_LE USD BU_NZD,4031003844916009-LEUSD,,Y,Y,,XXXXXXXXXXXXXXXXXXEUSD,2022-07-29T00:00:00.000+00:00,null,System.Administrator
300000003577781,300000003780965,300000003780931,P2P_RE AUD BU_NZD,4031003844916009-REAUD,,Y,Y,,XXXXXXXXXXXXXXXXXXEAUD,2022-07-29T00:00:00.000+00:00,null,System.Administrator
300000003577782,300000003780970,300000003780931,P2P_RE BRL BU_NZD,4031003844916009-REBRL,,Y,Y,,XXXXXXXXXXXXXXXXXXEBRL,2022-07-29T00:00:00.000+00:00,null,System.Administrator
300000003577783,300000003780975,300000003780931,P2P_RE CHF BU_NZD,4031003844916009-RECHF,,Y,Y,,XXXXXXXXXXXXXXXXXXECHF,2022-07-29T00:00:00.000+00:00,null,System.Administrator
300000003577784,300000003780980,300000003780931,P2P_RE CLP BU_NZD,4031003844916009-RECLP,,Y,Y,,XXXXXXXXXXXXXXXXXXECLP,2022-07-29T00:00:00.000+00:00,null,System.Administrator
300000003577785,300000003780985,300000003780931,P2P_RE CNY BU_NZD,4031003844916009-RECNY,,Y,Y,,XXXXXXXXXXXXXXXXXXECNY,2022-07-29T00:00:00.000+00:00,null,System.Administrator
300000003577786,300000003780990,300000003780931,P2P_RE EUR BU_NZD,4031003844916009-REEUR,,Y,Y,,XXXXXXXXXXXXXXXXXXEEUR,2022-07-29T00:00:00.000+00:00,null,System.Administrator
300000003577787,300000003780995,300000003780931,P2P_RE GBP BU_NZD,4031003844916009-REGBP,,Y,Y,,XXXXXXXXXXXXXXXXXXEGBP,2022-07-29T00:00:00.000+00:00,null,System.Administrator
300000003577788,300000003781000,300000003780931,P2P_RE HKD BU_NZD,4031003844916009-REHKD,,Y,Y,,XXXXXXXXXXXXXXXXXXEHKD,2022-07-29T00:00:00.000+00:00,null,System.Administrator
300000003577789,300000004060005,300000003780931,P2P_RE INR BU_NZD,4031003844916009-REINR,,Y,Y,,XXXXXXXXXXXXXXXXXXEINR,2022-07-29T00:00:00.000+00:00,null,System.Administrator
300000009979024,300000009987274,300000004746676,ADIA ACCOUNT_RE INR BU,12345678,,Y,Y,,XXXX5678,2022-06-01T00:00:00.000+00:00,null,ERP_PROD_SAAS
300000009979025,300000009987269,300000004746676,ADIA ACCOUNT_RE KRW BU,12345678,,Y,Y,,XXXX5678,2022-06-01T00:00:00.000+00:00,null,ERP_PROD_SAAS
300000009979026,300000009987219,300000004746676,ADIA ACCOUNT_RE MXN BU,12345678,,Y,Y,,XXXX5678,2022-06-01T00:00:00.000+00:00,null,ERP_PROD_SAAS
300000009979027,300000009987239,300000004746676,ADIA ACCOUNT_RE NZD BU,12345678,,Y,Y,,XXXX5678,2022-06-01T00:00:00.000+00:00,null,ERP_PROD_SAAS
300000009979028,300000009987264,300000004746676,ADIA ACCOUNT_RE RUB BU,12345678,,Y,Y,,XXXX5678,2022-06-01T00:00:00.000+00:00,null,ERP_PROD_SAAS
300000009979029,300000009987284,300000004746676,ADIA ACCOUNT_RE SEK BU,12345678,,Y,Y,,XXXX5678,2022-06-01T00:00:00.000+00:00,null,ERP_PROD_SAAS
300000009979030,300000009987249,300000004746676,ADIA ACCOUNT_RE SGD BU,12345678,,Y,Y,,XXXX5678,2022-06-01T00:00:00.000+00:00,null,ERP_PROD_SAAS
300000009979031,300000009987229,300000004746676,ADIA ACCOUNT_RE TRY BU,12345678,,Y,Y,,XXXX5678,2022-06-01T00:00:00.000+00:00,null,ERP_PROD_SAAS
300000009979032,300000009987214,300000004746676,ADIA ACCOUNT_RE USD BU,12345678,Y,Y,Y,,XXXX5678,2022-06-01T00:00:00.000+00:00,null,ERP_PROD_SAAS
300000009979033,300000009590944,300000003780931,ADIA INVOICES CENTRAL_LE AED BU_AUD,4031003844916005,,Y,Y,,XXXXXXXXXXXX6005,2022-07-28T00:00:00.000+00:00,null,ERP_PROD_SAAS
300000009979034,300000009590944,300000003780931,ADIA INVOICES CENTRAL_LE AED BU_CHF,4031003844916006,,Y,Y,,XXXXXXXXXXXX6006,2022-07-28T00:00:00.000+00:00,null,ERP_PROD_SAAS
300000009979035,300000009590944,300000003780931,ADIA INVOICES CENTRAL_LE AED BU_EUR,4031003844916003,,Y,Y,,XXXXXXXXXXXX6003,2022-07-28T00:00:00.000+00:00,null,ERP_PROD_SAAS
300000010004165,300000003780980,300000003780931,ADIA INVOICES CENTRAL_RE CLP BU_GBP,4031003844916004,,Y,Y,,XXXXXXXXXXXX6004,2022-07-28T00:00:00.000+00:00,null,ERP_PROD_SAAS
300000010004166,300000003780980,300000003780931,ADIA INVOICES CENTRAL_RE CLP BU_HKD,4031003844916008,,Y,Y,,XXXXXXXXXXXX6008,2022-07-28T00:00:00.000+00:00,null,ERP_PROD_SAAS
300000010004167,300000003780980,300000003780931,ADIA INVOICES CENTRAL_RE CLP BU_NZD,4031003844916009,,Y,Y,,XXXXXXXXXXXX6009,2022-07-28T00:00:00.000+00:00,null,ERP_PROD_SAAS
300000010004168,300000003780980,300000003780931,ADIA INVOICES CENTRAL_RE CLP BU_SGD,4031003844916007,,Y,Y,,XXXXXXXXXXXX6007,2022-07-28T00:00:00.000+00:00,null,ERP_PROD_SAAS
300000010004169,300000003780980,300000003780931,ADIA INVOICES CENTRAL_RE CLP BU_USD,4031003844916002,,Y,Y,,XXXXXXXXXXXX6002,2022-07-28T00:00:00.000+00:00,null,ERP_PROD_SAAS
300000009994893,300000009590944,300000003780931,ADIA INVOICES CENTRAL_LE AED BU_GBP,4031003844916004,,Y,Y,,XXXXXXXXXXXX6004,2022-07-28T00:00:00.000+00:00,null,ERP_PROD_SAAS
300000009994894,300000009590944,300000003780931,ADIA INVOICES CENTRAL_LE AED BU_HKD,4031003844916008,,Y,Y,,XXXXXXXXXXXX6008,2022-07-28T00:00:00.000+00:00,null,ERP_PROD_SAAS
300000009994895,300000009590944,300000003780931,ADIA INVOICES CENTRAL_LE AED BU_NZD,4031003844916009,,Y,Y,,XXXXXXXXXXXX6009,2022-07-28T00:00:00.000+00:00,null,ERP_PROD_SAAS
300000009994896,300000009590944,300000003780931,ADIA INVOICES CENTRAL_LE AED BU_SGD,4031003844916007,,Y,Y,,XXXXXXXXXXXX6007,2022-07-28T00:00:00.000+00:00,null,ERP_PROD_SAAS
300000009994904,300000003780940,300000003780931,ADIA INVOICES CENTRAL_LE AUD BU_USD,4031003844916002-LE AUD,,Y,Y,,XXXXXXXXXXXXXXXXXXX AUD,2022-07-28T00:00:00.000+00:00,null,ERP_PROD_SAAS
300000009994912,300000003780945,300000003780931,ADIA INVOICES CENTRAL_LE EUR BU_USD,4031003844916002-LE EUR,,Y,Y,,XXXXXXXXXXXXXXXXXXX EUR,2022-07-28T00:00:00.000+00:00,null,ERP_PROD_SAAS
300000009997305,300000009980163,300000009645031,Petty Cash Clearing Account,Dummy,Y,Y,Y,,Xummy,2023-03-28T00:00:00.000+00:00,null,ERP_PROD_SAAS
300000009997306,300000004746405,300000005232106,TEST,235456435245,,,,,XXXXXXXX5245,2023-01-24T00:00:00.000+00:00,null,ERP_PROD_SAAS
300000009997307,300000004746936,300000005232719,TEST ACCOUNT,1245453643,,,,,XXXXXX3643,2023-01-24T00:00:00.000+00:00,null,ERP_PROD_SAAS
300000010004170,300000003780985,300000003780931,ADIA INVOICES CENTRAL_RE CNY BU_AED,4031003844916010,,Y,Y,,XXXXXXXXXXXX6010,2022-07-28T00:00:00.000+00:00,null,ERP_PROD_SAAS
300000010004171,300000003780985,300000003780931,ADIA INVOICES CENTRAL_RE CNY BU_AUD,4031003844916005,,Y,Y,,XXXXXXXXXXXX6005,2022-07-28T00:00:00.000+00:00,null,ERP_PROD_SAAS
300000010004172,300000003780985,300000003780931,ADIA INVOICES CENTRAL_RE CNY BU_CHF,4031003844916006,,Y,Y,,XXXXXXXXXXXX6006,2022-07-28T00:00:00.000+00:00,null,ERP_PROD_SAAS
300000010004173,300000003780985,300000003780931,ADIA INVOICES CENTRAL_RE CNY BU_EUR,4031003844916003,,Y,Y,,XXXXXXXXXXXX6003,2022-07-28T00:00:00.000+00:00,null,ERP_PROD_SAAS
300000010004174,300000003780985,300000003780931,ADIA INVOICES CENTRAL_RE CNY BU_GBP,4031003844916004,,Y,Y,,XXXXXXXXXXXX6004,2022-07-28T00:00:00.000+00:00,null,ERP_PROD_SAAS
300000010004351,300000003780985,300000003780931,ADIA INVOICES CENTRAL_RE CNY BU_HKD,4031003844916008,,Y,Y,,XXXXXXXXXXXX6008,2022-07-28T00:00:00.000+00:00,null,ERP_PROD_SAAS
300000010004352,300000003780985,300000003780931,ADIA INVOICES CENTRAL_RE CNY BU_NZD,4031003844916009,,Y,Y,,XXXXXXXXXXXX6009,2022-07-28T00:00:00.000+00:00,null,ERP_PROD_SAAS
300000010004353,300000003780985,300000003780931,ADIA INVOICES CENTRAL_RE CNY BU_SGD,4031003844916007,,Y,Y,,XXXXXXXXXXXX6007,2022-07-28T00:00:00.000+00:00,null,ERP_PROD_SAAS
300000003823047,300000004060020,300000003780931,P2P_RE NOK BU_EUR,4031003844916003-RENOK,,Y,Y,,XXXXXXXXXXXXXXXXXXENOK,2022-07-29T00:00:00.000+00:00,null,System.Administrator
300000010003804,300000003780940,300000003780931,ADIA INVOICES CENTRAL_LE AUD BU_AED,4031003844916010,,Y,Y,,XXXXXXXXXXXX6010,2022-07-28T00:00:00.000+00:00,null,ERP_PROD_SAAS
300000010003805,300000003780940,300000003780931,ADIA INVOICES CENTRAL_LE AUD BU_CHF,4031003844916006,,Y,Y,,XXXXXXXXXXXX6006,2022-07-28T00:00:00.000+00:00,null,ERP_PROD_SAAS
300000010003806,300000003780940,300000003780931,ADIA INVOICES CENTRAL_LE AUD BU_EUR,4031003844916003,,Y,Y,,XXXXXXXXXXXX6003,2022-07-28T00:00:00.000+00:00,null,ERP_PROD_SAAS
300000010003807,300000003780940,300000003780931,ADIA INVOICES CENTRAL_LE AUD BU_GBP,4031003844916004,,Y,Y,,XXXXXXXXXXXX6004,2022-07-28T00:00:00.000+00:00,null,ERP_PROD_SAAS
300000010003808,300000003780940,300000003780931,ADIA INVOICES CENTRAL_LE AUD BU_HKD,4031003844916008,,Y,Y,,XXXXXXXXXXXX6008,2022-07-28T00:00:00.000+00:00,null,ERP_PROD_SAAS
300000010003809,300000003780940,300000003780931,ADIA INVOICES CENTRAL_LE AUD BU_NZD,4031003844916009,,Y,Y,,XXXXXXXXXXXX6009,2022-07-28T00:00:00.000+00:00,null,ERP_PROD_SAAS
300000010003810,300000003780940,300000003780931,ADIA INVOICES CENTRAL_LE AUD BU_SGD,4031003844916007,,Y,Y,,XXXXXXXXXXXX6007,2022-07-28T00:00:00.000+00:00,null,ERP_PROD_SAAS
300000010003811,300000003780945,300000003780931,ADIA INVOICES CENTRAL_LE EUR BU_AED,4031003844916010,,Y,Y,,XXXXXXXXXXXX6010,2022-07-28T00:00:00.000+00:00,null,ERP_PROD_SAAS
300000010003812,300000003780945,300000003780931,ADIA INVOICES CENTRAL_LE EUR BU_AUD,4031003844916005,,Y,Y,,XXXXXXXXXXXX6005,2022-07-28T00:00:00.000+00:00,null,ERP_PROD_SAAS
300000010003813,300000003780945,300000003780931,ADIA INVOICES CENTRAL_LE EUR BU_CHF,4031003844916006,,Y,Y,,XXXXXXXXXXXX6006,2022-07-28T00:00:00.000+00:00,null,ERP_PROD_SAAS
300000010003814,300000003780945,300000003780931,ADIA INVOICES CENTRAL_LE EUR BU_GBP,4031003844916004,,Y,Y,,XXXXXXXXXXXX6004,2022-07-28T00:00:00.000+00:00,null,ERP_PROD_SAAS
300000010003815,300000003780945,300000003780931,ADIA INVOICES CENTRAL_LE EUR BU_HKD,4031003844916008,,Y,Y,,XXXXXXXXXXXX6008,2022-07-28T00:00:00.000+00:00,null,ERP_PROD_SAAS
300000010003816,300000003780945,300000003780931,ADIA INVOICES CENTRAL_LE EUR BU_NZD,4031003844916009,,Y,Y,,XXXXXXXXXXXX6009,2022-07-28T00:00:00.000+00:00,null,ERP_PROD_SAAS
300000010003817,300000003780945,300000003780931,ADIA INVOICES CENTRAL_LE EUR BU_SGD,4031003844916007,,Y,Y,,XXXXXXXXXXXX6007,2022-07-28T00:00:00.000+00:00,null,ERP_PROD_SAAS
300000010003818,300000003780950,300000003780931,ADIA INVOICES CENTRAL_LE GBP BU_AED,4031003844916010,,Y,Y,,XXXXXXXXXXXX6010,2022-07-28T00:00:00.000+00:00,null,ERP_PROD_SAAS
300000003823057,300000004060020,300000003780931,P2P_RE NOK BU_CHF,4031003844916006-RENOK,,Y,Y,,XXXXXXXXXXXXXXXXXXENOK,2022-07-29T00:00:00.000+00:00,null,System.Administrator
300000010003819,300000003780950,300000003780931,ADIA INVOICES CENTRAL_LE GBP BU_AUD,4031003844916005,,Y,Y,,XXXXXXXXXXXX6005,2022-07-28T00:00:00.000+00:00,null,ERP_PROD_SAAS
300000010003820,300000003780950,300000003780931,ADIA INVOICES CENTRAL_LE GBP BU_CHF,4031003844916006,,Y,Y,,XXXXXXXXXXXX6006,2022-07-28T00:00:00.000+00:00,null,ERP_PROD_SAAS
300000010003821,300000003780950,300000003780931,ADIA INVOICES CENTRAL_LE GBP BU_EUR,4031003844916003,,Y,Y,,XXXXXXXXXXXX6003,2022-07-28T00:00:00.000+00:00,null,ERP_PROD_SAAS
300000010003822,300000003780950,300000003780931,ADIA INVOICES CENTRAL_LE GBP BU_HKD,4031003844916008,,Y,Y,,XXXXXXXXXXXX6008,2022-07-28T00:00:00.000+00:00,null,ERP_PROD_SAAS
300000010003957,300000003780950,300000003780931,ADIA INVOICES CENTRAL_LE GBP BU_NZD,4031003844916009,,Y,Y,,XXXXXXXXXXXX6009,2022-07-28T00:00:00.000+00:00,null,ERP_PROD_SAAS
300000010003958,300000003780950,300000003780931,ADIA INVOICES CENTRAL_LE GBP BU_SGD,4031003844916007,,Y,Y,,XXXXXXXXXXXX6007,2022-07-28T00:00:00.000+00:00,null,ERP_PROD_SAAS
300000010003959,300000003780955,300000003780931,ADIA INVOICES CENTRAL_LE HKD BU_AED,4031003844916010,,Y,Y,,XXXXXXXXXXXX6010,2022-07-28T00:00:00.000+00:00,null,ERP_PROD_SAAS
300000010003960,300000003780955,300000003780931,ADIA INVOICES CENTRAL_LE HKD BU_AUD,4031003844916005,,Y,Y,,XXXXXXXXXXXX6005,2022-07-28T00:00:00.000+00:00,null,ERP_PROD_SAAS
300000010003961,300000003780955,300000003780931,ADIA INVOICES CENTRAL_LE HKD BU_CHF,4031003844916006,,Y,Y,,XXXXXXXXXXXX6006,2022-07-28T00:00:00.000+00:00,null,ERP_PROD_SAAS
300000010003962,300000003780955,300000003780931,ADIA INVOICES CENTRAL_LE HKD BU_EUR,4031003844916003,,Y,Y,,XXXXXXXXXXXX6003,2022-07-28T00:00:00.000+00:00,null,ERP_PROD_SAAS
300000010003963,300000003780955,300000003780931,ADIA INVOICES CENTRAL_LE HKD BU_GBP,4031003844916004,,Y,Y,,XXXXXXXXXXXX6004,2022-07-28T00:00:00.000+00:00,null,ERP_PROD_SAAS
300000010003964,300000003780955,300000003780931,ADIA INVOICES CENTRAL_LE HKD BU_NZD,4031003844916009,,Y,Y,,XXXXXXXXXXXX6009,2022-07-28T00:00:00.000+00:00,null,ERP_PROD_SAAS
300000010003965,300000003780955,300000003780931,ADIA INVOICES CENTRAL_LE HKD BU_SGD,4031003844916007,,Y,Y,,XXXXXXXXXXXX6007,2022-07-28T00:00:00.000+00:00,null,ERP_PROD_SAAS
300000010003966,300000003780965,300000003780931,ADIA INVOICES CENTRAL_RE AUD BU_AED,4031003844916010,,Y,Y,,XXXXXXXXXXXX6010,2022-07-28T00:00:00.000+00:00,null,ERP_PROD_SAAS
300000010003967,300000003780965,300000003780931,ADIA INVOICES CENTRAL_RE AUD BU_AUD,4031003844916005,,Y,Y,,XXXXXXXXXXXX6005,2022-07-28T00:00:00.000+00:00,null,ERP_PROD_SAAS
300000003823066,300000004060020,300000003780931,P2P_RE NOK BU_NZD,4031003844916009-RENOK,,Y,Y,,XXXXXXXXXXXXXXXXXXENOK,2022-07-29T00:00:00.000+00:00,null,System.Administrator
300000009995103,300000003780955,300000003780931,ADIA INVOICES CENTRAL_LE HKD BU_USD,4031003844916002-LE HKD,,Y,Y,,XXXXXXXXXXXXXXXXXXX HKD,2022-07-28T00:00:00.000+00:00,null,ERP_PROD_SAAS
300000010003968,300000003780965,300000003780931,ADIA INVOICES CENTRAL_RE AUD BU_CHF,4031003844916006,,Y,Y,,XXXXXXXXXXXX6006,2022-07-28T00:00:00.000+00:00,null,ERP_PROD_SAAS
300000010003969,300000003780965,300000003780931,ADIA INVOICES CENTRAL_RE AUD BU_EUR,4031003844916003,,Y,Y,,XXXXXXXXXXXX6003,2022-07-28T00:00:00.000+00:00,null,ERP_PROD_SAAS
300000010003970,300000003780965,300000003780931,ADIA INVOICES CENTRAL_RE AUD BU_GBP,4031003844916004,,Y,Y,,XXXXXXXXXXXX6004,2022-07-28T00:00:00.000+00:00,null,ERP_PROD_SAAS
300000010003971,300000003780965,300000003780931,ADIA INVOICES CENTRAL_RE AUD BU_HKD,4031003844916008,,Y,Y,,XXXXXXXXXXXX6008,2022-07-28T00:00:00.000+00:00,null,ERP_PROD_SAAS
300000010003972,300000003780965,300000003780931,ADIA INVOICES CENTRAL_RE AUD BU_NZD,4031003844916009,,Y,Y,,XXXXXXXXXXXX6009,2022-07-28T00:00:00.000+00:00,null,ERP_PROD_SAAS
300000010003973,300000003780965,300000003780931,ADIA INVOICES CENTRAL_RE AUD BU_SGD,4031003844916007,,Y,Y,,XXXXXXXXXXXX6007,2022-07-28T00:00:00.000+00:00,null,ERP_PROD_SAAS
300000010003974,300000003780965,300000003780931,ADIA INVOICES CENTRAL_RE AUD BU_USD,4031003844916002,,Y,Y,,XXXXXXXXXXXX6002,2022-07-28T00:00:00.000+00:00,null,ERP_PROD_SAAS
300000010003975,300000003780970,300000003780931,ADIA INVOICES CENTRAL_RE BRL BU_AED,4031003844916010,,Y,Y,,XXXXXXXXXXXX6010,2022-07-28T00:00:00.000+00:00,null,ERP_PROD_SAAS
300000010003976,300000003780970,300000003780931,ADIA INVOICES CENTRAL_RE BRL BU_AUD,4031003844916005,,Y,Y,,XXXXXXXXXXXX6005,2022-07-28T00:00:00.000+00:00,null,ERP_PROD_SAAS
300000010003977,300000003780970,300000003780931,ADIA INVOICES CENTRAL_RE BRL BU_CHF,4031003844916006,,Y,Y,,XXXXXXXXXXXX6006,2022-07-28T00:00:00.000+00:00,null,ERP_PROD_SAAS
300000010003978,300000003780970,300000003780931,ADIA INVOICES CENTRAL_RE BRL BU_EUR,4031003844916003,,Y,Y,,XXXXXXXXXXXX6003,2022-07-28T00:00:00.000+00:00,null,ERP_PROD_SAAS
300000010003979,300000003780970,300000003780931,ADIA INVOICES CENTRAL_RE BRL BU_GBP,4031003844916004,,Y,Y,,XXXXXXXXXXXX6004,2022-07-28T00:00:00.000+00:00,null,ERP_PROD_SAAS
300000010003980,300000003780970,300000003780931,ADIA INVOICES CENTRAL_RE BRL BU_HKD,4031003844916008,,Y,Y,,XXXXXXXXXXXX6008,2022-07-28T00:00:00.000+00:00,null,ERP_PROD_SAAS
300000003823060,300000004060020,300000003780931,P2P_RE NOK BU_SGD,4031003844916007-RENOK,,Y,Y,,XXXXXXXXXXXXXXXXXXENOK,2022-07-29T00:00:00.000+00:00,null,System.Administrator
300000010004150,300000003780970,300000003780931,ADIA INVOICES CENTRAL_RE BRL BU_NZD,4031003844916009,,Y,Y,,XXXXXXXXXXXX6009,2022-07-28T00:00:00.000+00:00,null,ERP_PROD_SAAS
300000010004151,300000003780970,300000003780931,ADIA INVOICES CENTRAL_RE BRL BU_SGD,4031003844916007,,Y,Y,,XXXXXXXXXXXX6007,2022-07-28T00:00:00.000+00:00,null,ERP_PROD_SAAS
300000010004152,300000003780970,300000003780931,ADIA INVOICES CENTRAL_RE BRL BU_USD,4031003844916002,,Y,Y,,XXXXXXXXXXXX6002,2022-07-28T00:00:00.000+00:00,null,ERP_PROD_SAAS
300000010004153,300000003780975,300000003780931,ADIA INVOICES CENTRAL_RE CHF BU_AED,4031003844916010,,Y,Y,,XXXXXXXXXXXX6010,2022-07-28T00:00:00.000+00:00,null,ERP_PROD_SAAS
300000010004154,300000003780975,300000003780931,ADIA INVOICES CENTRAL_RE CHF BU_AUD,4031003844916005,,Y,Y,,XXXXXXXXXXXX6005,2022-07-28T00:00:00.000+00:00,null,ERP_PROD_SAAS
300000010004155,300000003780975,300000003780931,ADIA INVOICES CENTRAL_RE CHF BU_EUR,4031003844916003,,Y,Y,,XXXXXXXXXXXX6003,2022-07-28T00:00:00.000+00:00,null,ERP_PROD_SAAS
300000010004156,300000003780975,300000003780931,ADIA INVOICES CENTRAL_RE CHF BU_GBP,4031003844916004,,Y,Y,,XXXXXXXXXXXX6004,2022-07-28T00:00:00.000+00:00,null,ERP_PROD_SAAS
300000010004157,300000003780975,300000003780931,ADIA INVOICES CENTRAL_RE CHF BU_HKD,4031003844916008,,Y,Y,,XXXXXXXXXXXX6008,2022-07-28T00:00:00.000+00:00,null,ERP_PROD_SAAS
300000010004158,300000003780975,300000003780931,ADIA INVOICES CENTRAL_RE CHF BU_NZD,4031003844916009,,Y,Y,,XXXXXXXXXXXX6009,2022-07-28T00:00:00.000+00:00,null,ERP_PROD_SAAS
300000010004159,300000003780975,300000003780931,ADIA INVOICES CENTRAL_RE CHF BU_SGD,4031003844916007,,Y,Y,,XXXXXXXXXXXX6007,2022-07-28T00:00:00.000+00:00,null,ERP_PROD_SAAS
300000010004160,300000003780975,300000003780931,ADIA INVOICES CENTRAL_RE CHF BU_USD,4031003844916002,,Y,Y,,XXXXXXXXXXXX6002,2022-07-28T00:00:00.000+00:00,null,ERP_PROD_SAAS
300000010004161,300000003780980,300000003780931,ADIA INVOICES CENTRAL_RE CLP BU_AED,4031003844916010,,Y,Y,,XXXXXXXXXXXX6010,2022-07-28T00:00:00.000+00:00,null,ERP_PROD_SAAS
300000010004162,300000003780980,300000003780931,ADIA INVOICES CENTRAL_RE CLP BU_AUD,4031003844916005,,Y,Y,,XXXXXXXXXXXX6005,2022-07-28T00:00:00.000+00:00,null,ERP_PROD_SAAS
300000010004163,300000003780980,300000003780931,ADIA INVOICES CENTRAL_RE CLP BU_CHF,4031003844916006,,Y,Y,,XXXXXXXXXXXX6006,2022-07-28T00:00:00.000+00:00,null,ERP_PROD_SAAS
300000010004164,300000003780980,300000003780931,ADIA INVOICES CENTRAL_RE CLP BU_EUR,4031003844916003,,Y,Y,,XXXXXXXXXXXX6003,2022-07-28T00:00:00.000+00:00,null,ERP_PROD_SAAS
300000003823050,300000004060020,300000003780931,P2P_RE NOK BU_GBP,4031003844916004-RENOK,,Y,Y,,XXXXXXXXXXXXXXXXXXENOK,2022-07-29T00:00:00.000+00:00,null,System.Administrator
300000003823054,300000004060020,300000003780931,P2P_RE NOK BU_AUD,4031003844916005-RENOK,,Y,Y,,XXXXXXXXXXXXXXXXXXENOK,2022-07-29T00:00:00.000+00:00,null,System.Administrator
300000003823063,300000004060020,300000003780931,P2P_RE NOK BU_HKD,4031003844916008-RENOK,,Y,Y,,XXXXXXXXXXXXXXXXXXENOK,2022-07-29T00:00:00.000+00:00,null,System.Administrator
300000003823069,300000004060020,300000003780931,P2P_RE NOK BU_AED,4031003844916010-RENOK,,Y,Y,,XXXXXXXXXXXXXXXXXXENOK,2022-07-29T00:00:00.000+00:00,null,System.Administrator
300000009979012,300000009987204,300000004746676,ADIA ACCOUNT_LE AUD BU,12323213123,,Y,Y,,XXXXXXX3123,2022-06-01T00:00:00.000+00:00,null,ERP_PROD_SAAS
300000009979013,300000009987189,300000004746676,ADIA ACCOUNT_LE EUR BU,12345678,Y,Y,Y,,XXXX5678,2022-06-01T00:00:00.000+00:00,null,ERP_PROD_SAAS
300000009979014,300000009987194,300000004746676,ADIA ACCOUNT_LE GBP BU,12345678,Y,Y,Y,,XXXX5678,2022-06-01T00:00:00.000+00:00,null,ERP_PROD_SAAS
300000009979015,300000009987184,300000004746676,ADIA ACCOUNT_LE HKD BU,12345678,,Y,Y,,XXXX5678,2022-06-01T00:00:00.000+00:00,null,ERP_PROD_SAAS
300000009979016,300000009987259,300000004746676,ADIA ACCOUNT_RE AUD BU,12345678,,Y,Y,,XXXX5678,2022-06-01T00:00:00.000+00:00,null,ERP_PROD_SAAS
300000009979017,300000009987279,300000004746676,ADIA ACCOUNT_RE BRL BU,12345678,,Y,Y,,XXXX5678,2022-06-01T00:00:00.000+00:00,null,ERP_PROD_SAAS
300000009979018,300000009987289,300000004746676,ADIA ACCOUNT_RE CHF BU,12345678,,Y,Y,,XXXX5678,2022-06-01T00:00:00.000+00:00,null,ERP_PROD_SAAS
300000009979019,300000009987254,300000004746676,ADIA ACCOUNT_RE CLP BU,12345678,,Y,Y,,XXXX5678,2022-06-01T00:00:00.000+00:00,null,ERP_PROD_SAAS
300000009979020,300000009987244,300000004746676,ADIA ACCOUNT_RE CNY BU,12345678,,Y,Y,,XXXX5678,2022-06-01T00:00:00.000+00:00,null,ERP_PROD_SAAS
300000009979021,300000009987234,300000004746676,ADIA ACCOUNT_RE EUR BU,12345678,Y,Y,Y,,XXXX5678,2022-06-01T00:00:00.000+00:00,null,ERP_PROD_SAAS
300000009979022,300000009987209,300000004746676,ADIA ACCOUNT_RE GBP BU,12345678,N,Y,Y,,XXXX5678,2022-06-01T00:00:00.000+00:00,null,ERP_PROD_SAAS
300000009979023,300000009987224,300000004746676,ADIA ACCOUNT_RE HKD BU,12345678,,Y,Y,,XXXX5678,2022-06-01T00:00:00.000+00:00,null,ERP_PROD_SAAS
300000010004754,300000004060015,300000003780931,ADIA INVOICES CENTRAL_RE MXN BU_CHF,4031003844916006,,Y,Y,,XXXXXXXXXXXX6006,2022-07-28T00:00:00.000+00:00,null,ERP_PROD_SAAS
300000010004755,300000004060015,300000003780931,ADIA INVOICES CENTRAL_RE MXN BU_EUR,4031003844916003,,Y,Y,,XXXXXXXXXXXX6003,2022-07-28T00:00:00.000+00:00,null,ERP_PROD_SAAS
300000010004756,300000004060015,300000003780931,ADIA INVOICES CENTRAL_RE MXN BU_GBP,4031003844916004,,Y,Y,,XXXXXXXXXXXX6004,2022-07-28T00:00:00.000+00:00,null,ERP_PROD_SAAS
300000010004757,300000004060015,300000003780931,ADIA INVOICES CENTRAL_RE MXN BU_HKD,4031003844916008,,Y,Y,,XXXXXXXXXXXX6008,2022-07-28T00:00:00.000+00:00,null,ERP_PROD_SAAS
300000010004758,300000004060015,300000003780931,ADIA INVOICES CENTRAL_RE MXN BU_NZD,4031003844916009,,Y,Y,,XXXXXXXXXXXX6009,2022-07-28T00:00:00.000+00:00,null,ERP_PROD_SAAS
300000010004759,300000004060015,300000003780931,ADIA INVOICES CENTRAL_RE MXN BU_SGD,4031003844916007,,Y,Y,,XXXXXXXXXXXX6007,2022-07-28T00:00:00.000+00:00,null,ERP_PROD_SAAS
300000010004760,300000004060015,300000003780931,ADIA INVOICES CENTRAL_RE MXN BU_USD,4031003844916002,,Y,Y,,XXXXXXXXXXXX6002,2022-07-28T00:00:00.000+00:00,null,ERP_PROD_SAAS
300000010004761,300000004060025,300000003780931,ADIA INVOICES CENTRAL_RE NZD BU_AED,4031003844916010,,Y,Y,,XXXXXXXXXXXX6010,2022-07-28T00:00:00.000+00:00,null,ERP_PROD_SAAS
300000010004762,300000004060025,300000003780931,ADIA INVOICES CENTRAL_RE NZD BU_AUD,4031003844916005,,Y,Y,,XXXXXXXXXXXX6005,2022-07-28T00:00:00.000+00:00,null,ERP_PROD_SAAS
300000010004763,300000004060025,300000003780931,ADIA INVOICES CENTRAL_RE NZD BU_CHF,4031003844916006,,Y,Y,,XXXXXXXXXXXX6006,2022-07-28T00:00:00.000+00:00,null,ERP_PROD_SAAS
300000010004764,300000004060025,300000003780931,ADIA INVOICES CENTRAL_RE NZD BU_EUR,4031003844916003,,Y,Y,,XXXXXXXXXXXX6003,2022-07-28T00:00:00.000+00:00,null,ERP_PROD_SAAS
300000010004765,300000004060025,300000003780931,ADIA INVOICES CENTRAL_RE NZD BU_GBP,4031003844916004,,Y,Y,,XXXXXXXXXXXX6004,2022-07-28T00:00:00.000+00:00,null,ERP_PROD_SAAS
300000010004766,300000004060025,300000003780931,ADIA INVOICES CENTRAL_RE NZD BU_HKD,4031003844916008,,Y,Y,,XXXXXXXXXXXX6008,2022-07-28T00:00:00.000+00:00,null,ERP_PROD_SAAS
300000010004767,300000004060025,300000003780931,ADIA INVOICES CENTRAL_RE NZD BU_SGD,4031003844916007,,Y,Y,,XXXXXXXXXXXX6007,2022-07-28T00:00:00.000+00:00,null,ERP_PROD_SAAS
300000010004768,300000004060025,300000003780931,ADIA INVOICES CENTRAL_RE NZD BU_USD,4031003844916002,,Y,Y,,XXXXXXXXXXXX6002,2022-07-28T00:00:00.000+00:00,null,ERP_PROD_SAAS
300000010004769,300000004060030,300000003780931,ADIA INVOICES CENTRAL_RE RUB BU_AED,4031003844916010,,Y,Y,,XXXXXXXXXXXX6010,2022-07-28T00:00:00.000+00:00,null,ERP_PROD_SAAS
300000010004978,300000004060045,300000003780931,ADIA INVOICES CENTRAL_RE TRY BU_SGD,4031003844916007,,Y,Y,,XXXXXXXXXXXX6007,2022-07-28T00:00:00.000+00:00,null,ERP_PROD_SAAS
300000010005155,300000004060045,300000003780931,ADIA INVOICES CENTRAL_RE TRY BU_USD,4031003844916002,,Y,Y,,XXXXXXXXXXXX6002,2022-07-28T00:00:00.000+00:00,null,ERP_PROD_SAAS
300000009553647,300000009002658,300000004746676,FAB AED Operating Account,4021003844916017,Y,Y,Y,Y,XXXXXXXXXXXX6017,2023-06-28T00:00:00.000+00:00,null,System.Administrator
300000009553658,300000009002658,300000004746676,FAB AUD Operating Account,4021003844916379,,Y,Y,N,XXXXXXXXXXXX6379,2023-06-28T00:00:00.000+00:00,null,System.Administrator
300000009553665,300000009002658,300000004746676,FAB CHF Operating Account,4021003844916380,,Y,Y,,XXXXXXXXXXXX6380,2023-06-28T00:00:00.000+00:00,null,System.Administrator
300000009553672,300000009002658,300000004746676,FAB EUR Operating Account,4021003844916368,,Y,Y,,XXXXXXXXXXXX6368,2023-06-28T00:00:00.000+00:00,null,System.Administrator
300000009553680,300000009002658,300000004746676,FAB GBP Operating Account,4021003844916357,,Y,Y,,XXXXXXXXXXXX6357,2023-06-28T00:00:00.000+00:00,null,System.Administrator
300000009553687,300000009002658,300000004746676,FAB HKD Operating Account,4021003844916404,,Y,Y,,XXXXXXXXXXXX6404,2023-06-28T00:00:00.000+00:00,null,System.Administrator
300000009553694,300000009002658,300000004746676,FAB JPY Operating Account,4021003844916391,,Y,Y,,XXXXXXXXXXXX6391,2023-06-28T00:00:00.000+00:00,null,System.Administrator
300000009553701,300000009002658,300000004746676,FAB USD Operating Account,4021003844916346,,Y,Y,,XXXXXXXXXXXX6346,2023-06-28T00:00:00.000+00:00,null,System.Administrator
300000031260592,300000009002658,300000004746676,ADIA LAB RSC LIMITED,4031005607541001,Y,Y,Y,Y,XXXXXXXXXXXX1001,2024-05-14T00:00:00.000+00:00,null,Mansoor.Hussain@adia.ae
300000039619518,300000003780935,300000003780931,P2P_LE CNY BU_AED,4031003844916010-LECNY,,Y,Y,,XXXXXXXXXXXXXXXXXXECNY,2024-11-15T00:00:00.000+00:00,null,svcERPProdServiceAdm@adia.ae
300000039619523,300000003780935,300000003780931,P2P_LE CNY BU_AUD,4031003844916005-LECNY,,Y,Y,,XXXXXXXXXXXXXXXXXXECNY,2024-11-15T00:00:00.000+00:00,null,svcERPProdServiceAdm@adia.ae
300000039619542,300000003780935,300000003780931,P2P_LE CNY BU_CHF,4031003844916006-LECNY,,Y,Y,,XXXXXXXXXXXXXXXXXXECNY,2024-11-15T00:00:00.000+00:00,null,svcERPProdServiceAdm@adia.ae
300000039619552,300000003780935,300000003780931,P2P_LE CNY BU_EUR,4031003844916003-LECNY,,Y,Y,,XXXXXXXXXXXXXXXXXXECNY,2024-11-15T00:00:00.000+00:00,null,svcERPProdServiceAdm@adia.ae
300000039619559,300000003780935,300000003780931,P2P_LE CNY BU_GBP,4031003844916004-LECNY,,Y,Y,,XXXXXXXXXXXXXXXXXXECNY,2024-11-15T00:00:00.000+00:00,null,svcERPProdServiceAdm@adia.ae
300000039619563,300000003780935,300000003780931,P2P_LE CNY BU_HKD,4031003844916008-LECNY,,Y,Y,,XXXXXXXXXXXXXXXXXXECNY,2024-11-15T00:00:00.000+00:00,null,svcERPProdServiceAdm@adia.ae
300000039619567,300000003780935,300000003780931,P2P_LE CNY BU_NZD,4031003844916009-LECNY,,Y,Y,,XXXXXXXXXXXXXXXXXXECNY,2024-11-15T00:00:00.000+00:00,null,svcERPProdServiceAdm@adia.ae
300000039619571,300000003780935,300000003780931,P2P_LE CNY BU_SGD,4031003844916007-LECNY,,Y,Y,,XXXXXXXXXXXXXXXXXXECNY,2024-11-15T00:00:00.000+00:00,null,svcERPProdServiceAdm@adia.ae
300000039619575,300000003780935,300000003780931,P2P_LE CNY BU_USD,4031003844916002-LECNY,,Y,Y,,XXXXXXXXXXXXXXXXXXECNY,2024-11-15T00:00:00.000+00:00,null,svcERPProdServiceAdm@adia.ae
300000010004770,300000004060030,300000003780931,ADIA INVOICES CENTRAL_RE RUB BU_AUD,4031003844916005,,Y,Y,,XXXXXXXXXXXX6005,2022-07-28T00:00:00.000+00:00,null,ERP_PROD_SAAS
300000010004771,300000004060030,300000003780931,ADIA INVOICES CENTRAL_RE RUB BU_CHF,4031003844916006,,Y,Y,,XXXXXXXXXXXX6006,2022-07-28T00:00:00.000+00:00,null,ERP_PROD_SAAS
300000010004772,300000004060030,300000003780931,ADIA INVOICES CENTRAL_RE RUB BU_EUR,4031003844916003,,Y,Y,,XXXXXXXXXXXX6003,2022-07-28T00:00:00.000+00:00,null,ERP_PROD_SAAS
300000010004773,300000004060030,300000003780931,ADIA INVOICES CENTRAL_RE RUB BU_GBP,4031003844916004,,Y,Y,,XXXXXXXXXXXX6004,2022-07-28T00:00:00.000+00:00,null,ERP_PROD_SAAS
300000010004774,300000004060030,300000003780931,ADIA INVOICES CENTRAL_RE RUB BU_HKD,4031003844916008,,Y,Y,,XXXXXXXXXXXX6008,2022-07-28T00:00:00.000+00:00,null,ERP_PROD_SAAS
300000010004775,300000004060030,300000003780931,ADIA INVOICES CENTRAL_RE RUB BU_NZD,4031003844916009,,Y,Y,,XXXXXXXXXXXX6009,2022-07-28T00:00:00.000+00:00,null,ERP_PROD_SAAS
300000010004776,300000004060030,300000003780931,ADIA INVOICES CENTRAL_RE RUB BU_SGD,4031003844916007,,Y,Y,,XXXXXXXXXXXX6007,2022-07-28T00:00:00.000+00:00,null,ERP_PROD_SAAS
300000010004777,300000004060030,300000003780931,ADIA INVOICES CENTRAL_RE RUB BU_USD,4031003844916002,,Y,Y,,XXXXXXXXXXXX6002,2022-07-28T00:00:00.000+00:00,null,ERP_PROD_SAAS
300000010004954,300000004060035,300000003780931,ADIA INVOICES CENTRAL_RE SEK BU_AED,4031003844916010,,Y,Y,,XXXXXXXXXXXX6010,2022-07-28T00:00:00.000+00:00,null,ERP_PROD_SAAS
300000010004955,300000004060035,300000003780931,ADIA INVOICES CENTRAL_RE SEK BU_AUD,4031003844916005,,Y,Y,,XXXXXXXXXXXX6005,2022-07-28T00:00:00.000+00:00,null,ERP_PROD_SAAS
300000010004956,300000004060035,300000003780931,ADIA INVOICES CENTRAL_RE SEK BU_CHF,4031003844916006,,Y,Y,,XXXXXXXXXXXX6006,2022-07-28T00:00:00.000+00:00,null,ERP_PROD_SAAS
300000010004957,300000004060035,300000003780931,ADIA INVOICES CENTRAL_RE SEK BU_EUR,4031003844916003,,Y,Y,,XXXXXXXXXXXX6003,2022-07-28T00:00:00.000+00:00,null,ERP_PROD_SAAS
300000010004958,300000004060035,300000003780931,ADIA INVOICES CENTRAL_RE SEK BU_GBP,4031003844916004,,Y,Y,,XXXXXXXXXXXX6004,2022-07-28T00:00:00.000+00:00,null,ERP_PROD_SAAS
300000010004959,300000004060035,300000003780931,ADIA INVOICES CENTRAL_RE SEK BU_HKD,4031003844916008,,Y,Y,,XXXXXXXXXXXX6008,2022-07-28T00:00:00.000+00:00,null,ERP_PROD_SAAS
300000010004960,300000004060035,300000003780931,ADIA INVOICES CENTRAL_RE SEK BU_NZD,4031003844916009,,Y,Y,,XXXXXXXXXXXX6009,2022-07-28T00:00:00.000+00:00,null,ERP_PROD_SAAS
300000010004961,300000004060035,300000003780931,ADIA INVOICES CENTRAL_RE SEK BU_SGD,4031003844916007,,Y,Y,,XXXXXXXXXXXX6007,2022-07-28T00:00:00.000+00:00,null,ERP_PROD_SAAS
300000010004962,300000004060035,300000003780931,ADIA INVOICES CENTRAL_RE SEK BU_USD,4031003844916002,,Y,Y,,XXXXXXXXXXXX6002,2022-07-28T00:00:00.000+00:00,null,ERP_PROD_SAAS
300000010004963,300000004060040,300000003780931,ADIA INVOICES CENTRAL_RE SGD BU_AED,4031003844916010,,Y,Y,,XXXXXXXXXXXX6010,2022-07-28T00:00:00.000+00:00,null,ERP_PROD_SAAS
300000010004964,300000004060040,300000003780931,ADIA INVOICES CENTRAL_RE SGD BU_AUD,4031003844916005,,Y,Y,,XXXXXXXXXXXX6005,2022-07-28T00:00:00.000+00:00,null,ERP_PROD_SAAS
300000010004965,300000004060040,300000003780931,ADIA INVOICES CENTRAL_RE SGD BU_CHF,4031003844916006,,Y,Y,,XXXXXXXXXXXX6006,2022-07-28T00:00:00.000+00:00,null,ERP_PROD_SAAS
300000010004966,300000004060040,300000003780931,ADIA INVOICES CENTRAL_RE SGD BU_EUR,4031003844916003,,Y,Y,,XXXXXXXXXXXX6003,2022-07-28T00:00:00.000+00:00,null,ERP_PROD_SAAS
300000010004967,300000004060040,300000003780931,ADIA INVOICES CENTRAL_RE SGD BU_GBP,4031003844916004,,Y,Y,,XXXXXXXXXXXX6004,2022-07-28T00:00:00.000+00:00,null,ERP_PROD_SAAS
300000010004968,300000004060040,300000003780931,ADIA INVOICES CENTRAL_RE SGD BU_HKD,4031003844916008,,Y,Y,,XXXXXXXXXXXX6008,2022-07-28T00:00:00.000+00:00,null,ERP_PROD_SAAS
300000010004969,300000004060040,300000003780931,ADIA INVOICES CENTRAL_RE SGD BU_NZD,4031003844916009,,Y,Y,,XXXXXXXXXXXX6009,2022-07-28T00:00:00.000+00:00,null,ERP_PROD_SAAS
300000010004970,300000004060040,300000003780931,ADIA INVOICES CENTRAL_RE SGD BU_USD,4031003844916002,,Y,Y,,XXXXXXXXXXXX6002,2022-07-28T00:00:00.000+00:00,null,ERP_PROD_SAAS
300000010004971,300000004060045,300000003780931,ADIA INVOICES CENTRAL_RE TRY BU_AED,4031003844916010,,Y,Y,,XXXXXXXXXXXX6010,2022-07-28T00:00:00.000+00:00,null,ERP_PROD_SAAS
300000010004972,300000004060045,300000003780931,ADIA INVOICES CENTRAL_RE TRY BU_AUD,4031003844916005,,Y,Y,,XXXXXXXXXXXX6005,2022-07-28T00:00:00.000+00:00,null,ERP_PROD_SAAS
300000010004973,300000004060045,300000003780931,ADIA INVOICES CENTRAL_RE TRY BU_CHF,4031003844916006,,Y,Y,,XXXXXXXXXXXX6006,2022-07-28T00:00:00.000+00:00,null,ERP_PROD_SAAS
300000010004974,300000004060045,300000003780931,ADIA INVOICES CENTRAL_RE TRY BU_EUR,4031003844916003,,Y,Y,,XXXXXXXXXXXX6003,2022-07-28T00:00:00.000+00:00,null,ERP_PROD_SAAS
300000010004975,300000004060045,300000003780931,ADIA INVOICES CENTRAL_RE TRY BU_GBP,4031003844916004,,Y,Y,,XXXXXXXXXXXX6004,2022-07-28T00:00:00.000+00:00,null,ERP_PROD_SAAS
300000010004976,300000004060045,300000003780931,ADIA INVOICES CENTRAL_RE TRY BU_HKD,4031003844916008,,Y,Y,,XXXXXXXXXXXX6008,2022-07-28T00:00:00.000+00:00,null,ERP_PROD_SAAS
300000010004977,300000004060045,300000003780931,ADIA INVOICES CENTRAL_RE TRY BU_NZD,4031003844916009,,Y,Y,,XXXXXXXXXXXX6009,2022-07-28T00:00:00.000+00:00,null,ERP_PROD_SAAS
300000010004354,300000003780985,300000003780931,ADIA INVOICES CENTRAL_RE CNY BU_USD,4031003844916002,,Y,Y,,XXXXXXXXXXXX6002,2022-07-28T00:00:00.000+00:00,null,ERP_PROD_SAAS
300000010004355,300000003780990,300000003780931,ADIA INVOICES CENTRAL_RE EUR BU_AED,4031003844916010,,Y,Y,,XXXXXXXXXXXX6010,2022-07-28T00:00:00.000+00:00,null,ERP_PROD_SAAS
300000010004356,300000003780990,300000003780931,ADIA INVOICES CENTRAL_RE EUR BU_AUD,4031003844916005,,Y,Y,,XXXXXXXXXXXX6005,2022-07-28T00:00:00.000+00:00,null,ERP_PROD_SAAS
300000010004357,300000003780990,300000003780931,ADIA INVOICES CENTRAL_RE EUR BU_CHF,4031003844916006,,Y,Y,,XXXXXXXXXXXX6006,2022-07-28T00:00:00.000+00:00,null,ERP_PROD_SAAS
300000010004358,300000003780990,300000003780931,ADIA INVOICES CENTRAL_RE EUR BU_EUR,4031003844916003,,Y,Y,,XXXXXXXXXXXX6003,2022-07-28T00:00:00.000+00:00,null,ERP_PROD_SAAS
300000010004359,300000003780990,300000003780931,ADIA INVOICES CENTRAL_RE EUR BU_GBP,4031003844916004,,Y,Y,,XXXXXXXXXXXX6004,2022-07-28T00:00:00.000+00:00,null,ERP_PROD_SAAS
300000010004360,300000003780990,300000003780931,ADIA INVOICES CENTRAL_RE EUR BU_HKD,4031003844916008,,Y,Y,,XXXXXXXXXXXX6008,2022-07-28T00:00:00.000+00:00,null,ERP_PROD_SAAS
300000010004361,300000003780990,300000003780931,ADIA INVOICES CENTRAL_RE EUR BU_NZD,4031003844916009,,Y,Y,,XXXXXXXXXXXX6009,2022-07-28T00:00:00.000+00:00,null,ERP_PROD_SAAS
300000010004362,300000003780990,300000003780931,ADIA INVOICES CENTRAL_RE EUR BU_SGD,4031003844916007,,Y,Y,,XXXXXXXXXXXX6007,2022-07-28T00:00:00.000+00:00,null,ERP_PROD_SAAS
300000010004363,300000003780990,300000003780931,ADIA INVOICES CENTRAL_RE EUR BU_USD,4031003844916002,,Y,Y,,XXXXXXXXXXXX6002,2022-07-28T00:00:00.000+00:00,null,ERP_PROD_SAAS
300000010004364,300000003780995,300000003780931,ADIA INVOICES CENTRAL_RE GBP BU_AED,4031003844916010,,Y,Y,,XXXXXXXXXXXX6010,2022-07-28T00:00:00.000+00:00,null,ERP_PROD_SAAS
300000010004365,300000003780995,300000003780931,ADIA INVOICES CENTRAL_RE GBP BU_AUD,4031003844916005,,Y,Y,,XXXXXXXXXXXX6005,2022-07-28T00:00:00.000+00:00,null,ERP_PROD_SAAS
300000010004366,300000003780995,300000003780931,ADIA INVOICES CENTRAL_RE GBP BU_CHF,4031003844916006,,Y,Y,,XXXXXXXXXXXX6006,2022-07-28T00:00:00.000+00:00,null,ERP_PROD_SAAS
300000010004367,300000003780995,300000003780931,ADIA INVOICES CENTRAL_RE GBP BU_EUR,4031003844916003,,Y,Y,,XXXXXXXXXXXX6003,2022-07-28T00:00:00.000+00:00,null,ERP_PROD_SAAS
300000010004368,300000003780995,300000003780931,ADIA INVOICES CENTRAL_RE GBP BU_GBP,4031003844916004,,Y,Y,,XXXXXXXXXXXX6004,2022-07-28T00:00:00.000+00:00,null,ERP_PROD_SAAS
300000010004369,300000003780995,300000003780931,ADIA INVOICES CENTRAL_RE GBP BU_HKD,4031003844916008,,Y,Y,,XXXXXXXXXXXX6008,2022-07-28T00:00:00.000+00:00,null,ERP_PROD_SAAS
300000010004370,300000003780995,300000003780931,ADIA INVOICES CENTRAL_RE GBP BU_NZD,4031003844916009,,Y,Y,,XXXXXXXXXXXX6009,2022-07-28T00:00:00.000+00:00,null,ERP_PROD_SAAS
300000010004371,300000003780995,300000003780931,ADIA INVOICES CENTRAL_RE GBP BU_SGD,4031003844916007,,Y,Y,,XXXXXXXXXXXX6007,2022-07-28T00:00:00.000+00:00,null,ERP_PROD_SAAS
300000010004372,300000003780995,300000003780931,ADIA INVOICES CENTRAL_RE GBP BU_USD,4031003844916002,,Y,Y,,XXXXXXXXXXXX6002,2022-07-28T00:00:00.000+00:00,null,ERP_PROD_SAAS
300000010004373,300000003781000,300000003780931,ADIA INVOICES CENTRAL_RE HKD BU_AED,4031003844916010,,Y,Y,,XXXXXXXXXXXX6010,2022-07-28T00:00:00.000+00:00,null,ERP_PROD_SAAS
300000010004374,300000003781000,300000003780931,ADIA INVOICES CENTRAL_RE HKD BU_AUD,4031003844916005,,Y,Y,,XXXXXXXXXXXX6005,2022-07-28T00:00:00.000+00:00,null,ERP_PROD_SAAS
300000010004375,300000003781000,300000003780931,ADIA INVOICES CENTRAL_RE HKD BU_CHF,4031003844916006,,Y,Y,,XXXXXXXXXXXX6006,2022-07-28T00:00:00.000+00:00,null,ERP_PROD_SAAS
300000010004552,300000003781000,300000003780931,ADIA INVOICES CENTRAL_RE HKD BU_EUR,4031003844916003,,Y,Y,,XXXXXXXXXXXX6003,2022-07-28T00:00:00.000+00:00,null,ERP_PROD_SAAS
300000010004553,300000003781000,300000003780931,ADIA INVOICES CENTRAL_RE HKD BU_GBP,4031003844916004,,Y,Y,,XXXXXXXXXXXX6004,2022-07-28T00:00:00.000+00:00,null,ERP_PROD_SAAS
300000010004554,300000003781000,300000003780931,ADIA INVOICES CENTRAL_RE HKD BU_HKD,4031003844916008,,Y,Y,,XXXXXXXXXXXX6008,2022-07-28T00:00:00.000+00:00,null,ERP_PROD_SAAS
300000010004555,300000003781000,300000003780931,ADIA INVOICES CENTRAL_RE HKD BU_NZD,4031003844916009,,Y,Y,,XXXXXXXXXXXX6009,2022-07-28T00:00:00.000+00:00,null,ERP_PROD_SAAS
300000010004556,300000003781000,300000003780931,ADIA INVOICES CENTRAL_RE HKD BU_SGD,4031003844916007,,Y,Y,,XXXXXXXXXXXX6007,2022-07-28T00:00:00.000+00:00,null,ERP_PROD_SAAS
300000010004557,300000003781000,300000003780931,ADIA INVOICES CENTRAL_RE HKD BU_USD,4031003844916002,,Y,Y,,XXXXXXXXXXXX6002,2022-07-28T00:00:00.000+00:00,null,ERP_PROD_SAAS
300000010004558,300000004060005,300000003780931,ADIA INVOICES CENTRAL_RE INR BU_AED,4031003844916010,,Y,Y,,XXXXXXXXXXXX6010,2022-07-28T00:00:00.000+00:00,null,ERP_PROD_SAAS
300000010004559,300000004060005,300000003780931,ADIA INVOICES CENTRAL_RE INR BU_AUD,4031003844916005,,Y,Y,,XXXXXXXXXXXX6005,2022-07-28T00:00:00.000+00:00,null,ERP_PROD_SAAS
300000010004560,300000004060005,300000003780931,ADIA INVOICES CENTRAL_RE INR BU_CHF,4031003844916006,,Y,Y,,XXXXXXXXXXXX6006,2022-07-28T00:00:00.000+00:00,null,ERP_PROD_SAAS
300000010004561,300000004060005,300000003780931,ADIA INVOICES CENTRAL_RE INR BU_EUR,4031003844916003,,Y,Y,,XXXXXXXXXXXX6003,2022-07-28T00:00:00.000+00:00,null,ERP_PROD_SAAS
300000010004562,300000004060005,300000003780931,ADIA INVOICES CENTRAL_RE INR BU_GBP,4031003844916004,,Y,Y,,XXXXXXXXXXXX6004,2022-07-28T00:00:00.000+00:00,null,ERP_PROD_SAAS
300000010004563,300000004060005,300000003780931,ADIA INVOICES CENTRAL_RE INR BU_HKD,4031003844916008,,Y,Y,,XXXXXXXXXXXX6008,2022-07-28T00:00:00.000+00:00,null,ERP_PROD_SAAS
300000010004564,300000004060005,300000003780931,ADIA INVOICES CENTRAL_RE INR BU_NZD,4031003844916009,,Y,Y,,XXXXXXXXXXXX6009,2022-07-28T00:00:00.000+00:00,null,ERP_PROD_SAAS
300000010004565,300000004060005,300000003780931,ADIA INVOICES CENTRAL_RE INR BU_SGD,4031003844916007,,Y,Y,,XXXXXXXXXXXX6007,2022-07-28T00:00:00.000+00:00,null,ERP_PROD_SAAS
300000010004566,300000004060005,300000003780931,ADIA INVOICES CENTRAL_RE INR BU_USD,4031003844916002,,Y,Y,,XXXXXXXXXXXX6002,2022-07-28T00:00:00.000+00:00,null,ERP_PROD_SAAS
300000010004567,300000004060010,300000003780931,ADIA INVOICES CENTRAL_RE KRW BU_AED,4031003844916010,,Y,Y,,XXXXXXXXXXXX6010,2022-07-28T00:00:00.000+00:00,null,ERP_PROD_SAAS
300000010004568,300000004060010,300000003780931,ADIA INVOICES CENTRAL_RE KRW BU_AUD,4031003844916005,,Y,Y,,XXXXXXXXXXXX6005,2022-07-28T00:00:00.000+00:00,null,ERP_PROD_SAAS
300000010004569,300000004060010,300000003780931,ADIA INVOICES CENTRAL_RE KRW BU_CHF,4031003844916006,,Y,Y,,XXXXXXXXXXXX6006,2022-07-28T00:00:00.000+00:00,null,ERP_PROD_SAAS
300000010004570,300000004060010,300000003780931,ADIA INVOICES CENTRAL_RE KRW BU_EUR,4031003844916003,,Y,Y,,XXXXXXXXXXXX6003,2022-07-28T00:00:00.000+00:00,null,ERP_PROD_SAAS
300000010004571,300000004060010,300000003780931,ADIA INVOICES CENTRAL_RE KRW BU_GBP,4031003844916004,,Y,Y,,XXXXXXXXXXXX6004,2022-07-28T00:00:00.000+00:00,null,ERP_PROD_SAAS
300000010004572,300000004060010,300000003780931,ADIA INVOICES CENTRAL_RE KRW BU_HKD,4031003844916008,,Y,Y,,XXXXXXXXXXXX6008,2022-07-28T00:00:00.000+00:00,null,ERP_PROD_SAAS
300000010004573,300000004060010,300000003780931,ADIA INVOICES CENTRAL_RE KRW BU_NZD,4031003844916009,,Y,Y,,XXXXXXXXXXXX6009,2022-07-28T00:00:00.000+00:00,null,ERP_PROD_SAAS
300000010004574,300000004060010,300000003780931,ADIA INVOICES CENTRAL_RE KRW BU_SGD,4031003844916007,,Y,Y,,XXXXXXXXXXXX6007,2022-07-28T00:00:00.000+00:00,null,ERP_PROD_SAAS
300000010004575,300000004060010,300000003780931,ADIA INVOICES CENTRAL_RE KRW BU_USD,4031003844916002,,Y,Y,,XXXXXXXXXXXX6002,2022-07-28T00:00:00.000+00:00,null,ERP_PROD_SAAS
300000010004576,300000004060015,300000003780931,ADIA INVOICES CENTRAL_RE MXN BU_AED,4031003844916010,,Y,Y,,XXXXXXXXXXXX6010,2022-07-28T00:00:00.000+00:00,null,ERP_PROD_SAAS
300000010004753,300000004060015,300000003780931,ADIA INVOICES CENTRAL_RE MXN BU_AUD,4031003844916005,,Y,Y,,XXXXXXXXXXXX6005,2022-07-28T00:00:00.000+00:00,null,ERP_PROD_SAAS
