PAYMENT_DOCUMENT_ID,PAYMENT_DOCUMENT_NAME,INTERNAL_BANK_ACCOUNT_ID,FORMAT_CODE,PAPER_STOCK_TYPE,PAYMENT_DOC_CATEGORY,FIRST_AVAILABLE_DOCUMENT_NUM,CREATED_BY
300000003782249,ELECTRONIC,300000003548878,ADIA_SWIFT_Payment_FRM,BLANK,EFT PAY,1001000000,System.Administrator
300000003782252,ELECTRONIC,300000003548880,ADIA_SWIFT_Payment_FRM,BLANK,EFT PAY,1003000000,System.Administrator
300000003782258,ELECTRONIC,300000003548883,ADIA_SWIFT_Payment_FRM,BLANK,EFT PAY,1006000000,System.Administrator
300000003782260,ELECTRONIC,300000003548884,ADIA_SWIFT_Payment_FRM,BLANK,EFT PAY,1007000000,System.Administrator
300000003782264,ELECTRONIC,300000003548886,ADIA_SWIFT_Payment_FRM,BLANK,EFT PAY,1009000000,System.Administrator
300000003782286,ELECTRONIC,300000003548896,ADIA_SWIFT_Payment_FRM,BLANK,EFT PAY,1020000000,System.Administrator
300000003782302,ELECTRONIC,300000003548904,ADIA_SWIFT_Payment_FRM,BLANK,EFT PAY,3004000000,System.Administrator
300000003782324,ELECTRONIC,300000003548915,ADIA_SWIFT_Payment_FRM,BLANK,EFT PAY,3015000000,System.Administrator
300000003782328,ELECTRONIC,300000003548917,ADIA_SWIFT_Payment_FRM,BLANK,EFT PAY,3017000000,System.Administrator
300000003782364,ELECTRONIC,300000003548934,ADIA_SWIFT_Payment_FRM,BLANK,EFT PAY,2011000000,System.Administrator
300000003782366,ELECTRONIC,300000003548935,ADIA_SWIFT_Payment_FRM,BLANK,EFT PAY,2012000000,System.Administrator
300000003782372,ELECTRONIC,300000003548938,ADIA_SWIFT_Payment_FRM,BLANK,EFT PAY,2015000000,System.Administrator
300000003782376,ELECTRONIC,300000003548940,ADIA_SWIFT_Payment_FRM,BLANK,EFT PAY,2017000000,System.Administrator
300000003782381,ELECTRONIC,300000003548942,ADIA_SWIFT_Payment_FRM,BLANK,EFT PAY,2020000000,System.Administrator
300000003782383,ELECTRONIC,300000003548943,ADIA_SWIFT_Payment_FRM,BLANK,EFT PAY,2021000000,System.Administrator
300000003782396,ELECTRONIC,300000003548949,ADIA_SWIFT_Payment_FRM,BLANK,EFT PAY,7003000000,System.Administrator
300000003782406,ELECTRONIC,300000003548954,ADIA_SWIFT_Payment_FRM,BLANK,EFT PAY,7008000000,System.Administrator
300000003782430,ELECTRONIC,300000003548965,ADIA_SWIFT_Payment_FRM,BLANK,EFT PAY,7020000000,System.Administrator
300000003782444,ELECTRONIC,300000003548972,ADIA_SWIFT_Payment_FRM,BLANK,EFT PAY,4003000000,System.Administrator
300000003782446,ELECTRONIC,300000003548973,ADIA_SWIFT_Payment_FRM,BLANK,EFT PAY,4004000000,System.Administrator
300000003782448,ELECTRONIC,300000003548974,ADIA_SWIFT_Payment_FRM,BLANK,EFT PAY,4005000000,System.Administrator
300000003782458,ELECTRONIC,300000003577715,ADIA_SWIFT_Payment_FRM,BLANK,EFT PAY,4010000000,System.Administrator
300000003782462,ELECTRONIC,300000003577717,ADIA_SWIFT_Payment_FRM,BLANK,EFT PAY,4012000000,System.Administrator
300000003782469,ELECTRONIC,300000003577720,ADIA_SWIFT_Payment_FRM,BLANK,EFT PAY,4015000000,System.Administrator
300000003782519,ELECTRONIC,300000003577744,ADIA_SWIFT_Payment_FRM,BLANK,EFT PAY,6016000000,System.Administrator
300000003782523,ELECTRONIC,300000003823060,ADIA_SWIFT_Payment_FRM,BLANK,EFT PAY,6018000000,System.Administrator
300000003782539,ELECTRONIC,300000003577753,ADIA_SWIFT_Payment_FRM,BLANK,EFT PAY,5002000000,System.Administrator
300000003782547,ELECTRONIC,300000003577757,ADIA_SWIFT_Payment_FRM,BLANK,EFT PAY,5006000000,System.Administrator
300000003782551,ELECTRONIC,300000003577759,ADIA_SWIFT_Payment_FRM,BLANK,EFT PAY,5008000000,System.Administrator
300000003782557,ELECTRONIC,300000003577762,ADIA_SWIFT_Payment_FRM,BLANK,EFT PAY,5011000000,System.Administrator
300000003782571,ELECTRONIC,300000003823063,ADIA_SWIFT_Payment_FRM,BLANK,EFT PAY,5018000000,System.Administrator
300000003782573,ELECTRONIC,300000003577769,ADIA_SWIFT_Payment_FRM,BLANK,EFT PAY,5019000000,System.Administrator
300000003782575,ELECTRONIC,300000003577770,ADIA_SWIFT_Payment_FRM,BLANK,EFT PAY,5020000000,System.Administrator
300000003782577,ELECTRONIC,300000003577771,ADIA_SWIFT_Payment_FRM,BLANK,EFT PAY,5021000000,System.Administrator
300000003782272,ELECTRONIC,300000003548890,ADIA_SWIFT_Payment_FRM,BLANK,EFT PAY,1013000000,System.Administrator
300000003782274,ELECTRONIC,300000003548891,ADIA_SWIFT_Payment_FRM,BLANK,EFT PAY,1014000000,System.Administrator
300000003782276,ELECTRONIC,300000003548892,ADIA_SWIFT_Payment_FRM,BLANK,EFT PAY,1015000000,System.Administrator
300000003782284,ELECTRONIC,300000003548895,ADIA_SWIFT_Payment_FRM,BLANK,EFT PAY,1019000000,System.Administrator
300000003782292,ELECTRONIC,300000003548899,ADIA_SWIFT_Payment_FRM,BLANK,EFT PAY,1023000000,System.Administrator
300000003782300,ELECTRONIC,300000003548903,ADIA_SWIFT_Payment_FRM,BLANK,EFT PAY,3003000000,System.Administrator
300000003782304,ELECTRONIC,300000003548905,ADIA_SWIFT_Payment_FRM,BLANK,EFT PAY,3005000000,System.Administrator
300000003782318,ELECTRONIC,300000003548912,ADIA_SWIFT_Payment_FRM,BLANK,EFT PAY,3012000000,System.Administrator
300000003782320,ELECTRONIC,300000003548913,ADIA_SWIFT_Payment_FRM,BLANK,EFT PAY,3013000000,System.Administrator
300000003782326,ELECTRONIC,300000003548916,ADIA_SWIFT_Payment_FRM,BLANK,EFT PAY,3016000000,System.Administrator
300000003782336,ELECTRONIC,300000003548920,ADIA_SWIFT_Payment_FRM,BLANK,EFT PAY,3021000000,System.Administrator
300000003782344,ELECTRONIC,300000003548924,ADIA_SWIFT_Payment_FRM,BLANK,EFT PAY,2001000000,System.Administrator
300000003782348,ELECTRONIC,300000003548926,ADIA_SWIFT_Payment_FRM,BLANK,EFT PAY,2003000000,System.Administrator
300000003782362,ELECTRONIC,300000003548933,ADIA_SWIFT_Payment_FRM,BLANK,EFT PAY,2010000000,System.Administrator
300000003782380,ELECTRONIC,300000003548941,ADIA_SWIFT_Payment_FRM,BLANK,EFT PAY,2019000000,System.Administrator
300000003782387,ELECTRONIC,300000003548945,ADIA_SWIFT_Payment_FRM,BLANK,EFT PAY,2023000000,System.Administrator
300000003782398,ELECTRONIC,300000003548950,ADIA_SWIFT_Payment_FRM,BLANK,EFT PAY,7004000000,System.Administrator
300000003782402,ELECTRONIC,300000003548952,ADIA_SWIFT_Payment_FRM,BLANK,EFT PAY,7006000000,System.Administrator
300000003782408,ELECTRONIC,300000003548955,ADIA_SWIFT_Payment_FRM,BLANK,EFT PAY,7009000000,System.Administrator
300000003782412,ELECTRONIC,300000003548957,ADIA_SWIFT_Payment_FRM,BLANK,EFT PAY,7011000000,System.Administrator
300000003782418,ELECTRONIC,300000003548960,ADIA_SWIFT_Payment_FRM,BLANK,EFT PAY,7014000000,System.Administrator
300000003782422,ELECTRONIC,300000003548962,ADIA_SWIFT_Payment_FRM,BLANK,EFT PAY,7016000000,System.Administrator
300000003782426,ELECTRONIC,300000003823054,ADIA_SWIFT_Payment_FRM,BLANK,EFT PAY,7018000000,System.Administrator
300000003782432,ELECTRONIC,300000003548966,ADIA_SWIFT_Payment_FRM,BLANK,EFT PAY,7021000000,System.Administrator
300000003782452,ELECTRONIC,300000003548976,ADIA_SWIFT_Payment_FRM,BLANK,EFT PAY,4007000000,System.Administrator
300000003782466,ELECTRONIC,300000003577719,ADIA_SWIFT_Payment_FRM,BLANK,EFT PAY,4014000000,System.Administrator
300000003782473,ELECTRONIC,300000003577722,ADIA_SWIFT_Payment_FRM,BLANK,EFT PAY,4017000000,System.Administrator
300000003782475,ELECTRONIC,300000003823057,ADIA_SWIFT_Payment_FRM,BLANK,EFT PAY,4018000000,System.Administrator
300000003782477,ELECTRONIC,300000003577723,ADIA_SWIFT_Payment_FRM,BLANK,EFT PAY,4019000000,System.Administrator
300000003782479,ELECTRONIC,300000003577724,ADIA_SWIFT_Payment_FRM,BLANK,EFT PAY,4020000000,System.Administrator
300000003782499,ELECTRONIC,300000003577734,ADIA_SWIFT_Payment_FRM,BLANK,EFT PAY,6006000000,System.Administrator
300000003782503,ELECTRONIC,300000003577736,ADIA_SWIFT_Payment_FRM,BLANK,EFT PAY,6008000000,System.Administrator
300000003782517,ELECTRONIC,300000003577743,ADIA_SWIFT_Payment_FRM,BLANK,EFT PAY,6015000000,System.Administrator
300000003782527,ELECTRONIC,300000003577747,ADIA_SWIFT_Payment_FRM,BLANK,EFT PAY,6020000000,System.Administrator
300000003782254,ELECTRONIC,300000003548881,ADIA_SWIFT_Payment_FRM,BLANK,EFT PAY,1004000000,System.Administrator
300000003782268,ELECTRONIC,300000003548888,ADIA_SWIFT_Payment_FRM,BLANK,EFT PAY,1011000000,System.Administrator
300000003782270,ELECTRONIC,300000003548889,ADIA_SWIFT_Payment_FRM,BLANK,EFT PAY,1012000000,System.Administrator
300000003782306,ELECTRONIC,300000003548906,ADIA_SWIFT_Payment_FRM,BLANK,EFT PAY,3006000000,System.Administrator
300000003782340,ELECTRONIC,300000003548922,ADIA_SWIFT_Payment_FRM,BLANK,EFT PAY,3023000000,System.Administrator
300000003782342,ELECTRONIC,300000003548923,ADIA_SWIFT_Payment_FRM,BLANK,EFT PAY,3024000000,System.Administrator
300000003782347,ELECTRONIC,300000003548925,ADIA_SWIFT_Payment_FRM,BLANK,EFT PAY,2002000000,System.Administrator
300000003782352,ELECTRONIC,300000003548928,ADIA_SWIFT_Payment_FRM,BLANK,EFT PAY,2005000000,System.Administrator
300000003782354,ELECTRONIC,300000003548929,ADIA_SWIFT_Payment_FRM,BLANK,EFT PAY,2006000000,System.Administrator
300000003782385,ELECTRONIC,300000003548944,ADIA_SWIFT_Payment_FRM,BLANK,EFT PAY,2022000000,System.Administrator
300000003782416,ELECTRONIC,300000003548959,ADIA_SWIFT_Payment_FRM,BLANK,EFT PAY,7013000000,System.Administrator
300000003782434,ELECTRONIC,300000003548967,ADIA_SWIFT_Payment_FRM,BLANK,EFT PAY,7022000000,System.Administrator
300000003782440,ELECTRONIC,300000003548970,ADIA_SWIFT_Payment_FRM,BLANK,EFT PAY,4001000000,System.Administrator
300000003782456,ELECTRONIC,300000003577714,ADIA_SWIFT_Payment_FRM,BLANK,EFT PAY,4009000000,System.Administrator
300000003782460,ELECTRONIC,300000003577716,ADIA_SWIFT_Payment_FRM,BLANK,EFT PAY,4011000000,System.Administrator
300000003782493,ELECTRONIC,300000003577731,ADIA_SWIFT_Payment_FRM,BLANK,EFT PAY,6003000000,System.Administrator
300000003782497,ELECTRONIC,300000003577733,ADIA_SWIFT_Payment_FRM,BLANK,EFT PAY,6005000000,System.Administrator
300000003782505,ELECTRONIC,300000003577737,ADIA_SWIFT_Payment_FRM,BLANK,EFT PAY,6009000000,System.Administrator
300000003782507,ELECTRONIC,300000003577738,ADIA_SWIFT_Payment_FRM,BLANK,EFT PAY,6010000000,System.Administrator
300000003782521,ELECTRONIC,300000003577745,ADIA_SWIFT_Payment_FRM,BLANK,EFT PAY,6017000000,System.Administrator
300000003782529,ELECTRONIC,300000003577748,ADIA_SWIFT_Payment_FRM,BLANK,EFT PAY,6021000000,System.Administrator
300000003782531,ELECTRONIC,300000003577749,ADIA_SWIFT_Payment_FRM,BLANK,EFT PAY,6022000000,System.Administrator
300000003782533,ELECTRONIC,300000003577750,ADIA_SWIFT_Payment_FRM,BLANK,EFT PAY,6023000000,System.Administrator
300000003782537,ELECTRONIC,300000003577752,ADIA_SWIFT_Payment_FRM,BLANK,EFT PAY,5001000000,System.Administrator
300000003782541,ELECTRONIC,300000003577754,ADIA_SWIFT_Payment_FRM,BLANK,EFT PAY,5003000000,System.Administrator
300000003782553,ELECTRONIC,300000003577760,ADIA_SWIFT_Payment_FRM,BLANK,EFT PAY,5009000000,System.Administrator
300000003782559,ELECTRONIC,300000003577763,ADIA_SWIFT_Payment_FRM,BLANK,EFT PAY,5012000000,System.Administrator
300000003782563,ELECTRONIC,300000003577765,ADIA_SWIFT_Payment_FRM,BLANK,EFT PAY,5014000000,System.Administrator
300000003782567,ELECTRONIC,300000003577767,ADIA_SWIFT_Payment_FRM,BLANK,EFT PAY,5016000000,System.Administrator
300000003782579,ELECTRONIC,300000003577772,ADIA_SWIFT_Payment_FRM,BLANK,EFT PAY,5022000000,System.Administrator
300000003782581,ELECTRONIC,300000003577773,ADIA_SWIFT_Payment_FRM,BLANK,EFT PAY,5023000000,System.Administrator
300000003782583,ELECTRONIC,300000003577774,ADIA_SWIFT_Payment_FRM,BLANK,EFT PAY,5024000000,System.Administrator
300000003782585,ELECTRONIC,300000003577775,ADIA_SWIFT_Payment_FRM,BLANK,EFT PAY,9001000000,System.Administrator
300000003782587,ELECTRONIC,300000003577776,ADIA_SWIFT_Payment_FRM,BLANK,EFT PAY,9002000000,System.Administrator
300000003782262,ELECTRONIC,300000003548885,ADIA_SWIFT_Payment_FRM,BLANK,EFT PAY,1008000000,System.Administrator
300000003782266,ELECTRONIC,300000003548887,ADIA_SWIFT_Payment_FRM,BLANK,EFT PAY,1010000000,System.Administrator
300000003782278,ELECTRONIC,300000003548893,ADIA_SWIFT_Payment_FRM,BLANK,EFT PAY,1016000000,System.Administrator
300000003782282,ELECTRONIC,300000003823043,ADIA_SWIFT_Payment_FRM,BLANK,EFT PAY,1018000000,System.Administrator
300000003782296,ELECTRONIC,300000003548901,ADIA_SWIFT_Payment_FRM,BLANK,EFT PAY,3001000000,System.Administrator
300000003782298,ELECTRONIC,300000003548902,ADIA_SWIFT_Payment_FRM,BLANK,EFT PAY,3002000000,System.Administrator
300000003782308,ELECTRONIC,300000003548907,ADIA_SWIFT_Payment_FRM,BLANK,EFT PAY,3007000000,System.Administrator
300000003782314,ELECTRONIC,300000003548910,ADIA_SWIFT_Payment_FRM,BLANK,EFT PAY,3010000000,System.Administrator
300000003782316,ELECTRONIC,300000003548911,ADIA_SWIFT_Payment_FRM,BLANK,EFT PAY,3011000000,System.Administrator
300000003782332,ELECTRONIC,300000003548918,ADIA_SWIFT_Payment_FRM,BLANK,EFT PAY,3019000000,System.Administrator
300000003782338,ELECTRONIC,300000003548921,ADIA_SWIFT_Payment_FRM,BLANK,EFT PAY,3022000000,System.Administrator
300000003782350,ELECTRONIC,300000003548927,ADIA_SWIFT_Payment_FRM,BLANK,EFT PAY,2004000000,System.Administrator
300000003782356,ELECTRONIC,300000003548930,ADIA_SWIFT_Payment_FRM,BLANK,EFT PAY,2007000000,System.Administrator
300000003782368,ELECTRONIC,300000003548936,ADIA_SWIFT_Payment_FRM,BLANK,EFT PAY,2013000000,System.Administrator
300000003782370,ELECTRONIC,300000003548937,ADIA_SWIFT_Payment_FRM,BLANK,EFT PAY,2014000000,System.Administrator
300000003782374,ELECTRONIC,300000003548939,ADIA_SWIFT_Payment_FRM,BLANK,EFT PAY,2016000000,System.Administrator
300000003782389,ELECTRONIC,300000003548946,ADIA_SWIFT_Payment_FRM,BLANK,EFT PAY,2024000000,System.Administrator
300000003782391,ELECTRONIC,300000003548947,ADIA_SWIFT_Payment_FRM,BLANK,EFT PAY,7001000000,System.Administrator
300000003782394,ELECTRONIC,300000003548948,ADIA_SWIFT_Payment_FRM,BLANK,EFT PAY,7002000000,System.Administrator
300000003782404,ELECTRONIC,300000003548953,ADIA_SWIFT_Payment_FRM,BLANK,EFT PAY,7007000000,System.Administrator
300000003782414,ELECTRONIC,300000003548958,ADIA_SWIFT_Payment_FRM,BLANK,EFT PAY,7012000000,System.Administrator
300000003782420,ELECTRONIC,300000003548961,ADIA_SWIFT_Payment_FRM,BLANK,EFT PAY,7015000000,System.Administrator
300000003782424,ELECTRONIC,300000003548963,ADIA_SWIFT_Payment_FRM,BLANK,EFT PAY,7017000000,System.Administrator
300000003782428,ELECTRONIC,300000003548964,ADIA_SWIFT_Payment_FRM,BLANK,EFT PAY,7019000000,System.Administrator
300000003782436,ELECTRONIC,300000003548968,ADIA_SWIFT_Payment_FRM,BLANK,EFT PAY,7023000000,System.Administrator
300000003782438,ELECTRONIC,300000003548969,ADIA_SWIFT_Payment_FRM,BLANK,EFT PAY,7024000000,System.Administrator
300000003782442,ELECTRONIC,300000003548971,ADIA_SWIFT_Payment_FRM,BLANK,EFT PAY,4002000000,System.Administrator
300000003782454,ELECTRONIC,300000003548977,ADIA_SWIFT_Payment_FRM,BLANK,EFT PAY,4008000000,System.Administrator
300000003782464,ELECTRONIC,300000003577718,ADIA_SWIFT_Payment_FRM,BLANK,EFT PAY,4013000000,System.Administrator
300000003782471,ELECTRONIC,300000003577721,ADIA_SWIFT_Payment_FRM,BLANK,EFT PAY,4016000000,System.Administrator
300000003782483,ELECTRONIC,300000003577726,ADIA_SWIFT_Payment_FRM,BLANK,EFT PAY,4022000000,System.Administrator
300000003782487,ELECTRONIC,300000003577728,ADIA_SWIFT_Payment_FRM,BLANK,EFT PAY,4024000000,System.Administrator
300000003782489,ELECTRONIC,300000003577729,ADIA_SWIFT_Payment_FRM,BLANK,EFT PAY,6001000000,System.Administrator
300000003782491,ELECTRONIC,300000003577730,ADIA_SWIFT_Payment_FRM,BLANK,EFT PAY,6002000000,System.Administrator
300000003782250,ELECTRONIC,300000003548879,ADIA_SWIFT_Payment_FRM,BLANK,EFT PAY,1002000000,System.Administrator
300000003782256,ELECTRONIC,300000003548882,ADIA_SWIFT_Payment_FRM,BLANK,EFT PAY,1005000000,System.Administrator
300000003782280,ELECTRONIC,300000003548894,ADIA_SWIFT_Payment_FRM,BLANK,EFT PAY,1017000000,System.Administrator
300000003782288,ELECTRONIC,300000003548897,ADIA_SWIFT_Payment_FRM,BLANK,EFT PAY,1021000000,System.Administrator
300000003782290,ELECTRONIC,300000003548898,ADIA_SWIFT_Payment_FRM,BLANK,EFT PAY,1022000000,System.Administrator
300000003782294,ELECTRONIC,300000003548900,ADIA_SWIFT_Payment_FRM,BLANK,EFT PAY,1024000000,System.Administrator
300000003782310,ELECTRONIC,300000003548908,ADIA_SWIFT_Payment_FRM,BLANK,EFT PAY,3008000000,System.Administrator
300000003782312,ELECTRONIC,300000003548909,ADIA_SWIFT_Payment_FRM,BLANK,EFT PAY,3009000000,System.Administrator
300000003782322,ELECTRONIC,300000003548914,ADIA_SWIFT_Payment_FRM,BLANK,EFT PAY,3014000000,System.Administrator
300000003782330,ELECTRONIC,300000003823047,ADIA_SWIFT_Payment_FRM,BLANK,EFT PAY,3018000000,System.Administrator
300000003782334,ELECTRONIC,300000003548919,ADIA_SWIFT_Payment_FRM,BLANK,EFT PAY,3020000000,System.Administrator
300000003782358,ELECTRONIC,300000003548931,ADIA_SWIFT_Payment_FRM,BLANK,EFT PAY,2008000000,System.Administrator
300000003782360,ELECTRONIC,300000003548932,ADIA_SWIFT_Payment_FRM,BLANK,EFT PAY,2009000000,System.Administrator
300000003782378,ELECTRONIC,300000003823050,ADIA_SWIFT_Payment_FRM,BLANK,EFT PAY,2018000000,System.Administrator
300000003782400,ELECTRONIC,300000003548951,ADIA_SWIFT_Payment_FRM,BLANK,EFT PAY,7005000000,System.Administrator
300000003782410,ELECTRONIC,300000003548956,ADIA_SWIFT_Payment_FRM,BLANK,EFT PAY,7010000000,System.Administrator
300000003782450,ELECTRONIC,300000003548975,ADIA_SWIFT_Payment_FRM,BLANK,EFT PAY,4006000000,System.Administrator
300000003782481,ELECTRONIC,300000003577725,ADIA_SWIFT_Payment_FRM,BLANK,EFT PAY,4021000000,System.Administrator
300000003782485,ELECTRONIC,300000003577727,ADIA_SWIFT_Payment_FRM,BLANK,EFT PAY,4023000000,System.Administrator
300000003782495,ELECTRONIC,300000003577732,ADIA_SWIFT_Payment_FRM,BLANK,EFT PAY,6004000000,System.Administrator
300000003782501,ELECTRONIC,300000003577735,ADIA_SWIFT_Payment_FRM,BLANK,EFT PAY,6007000000,System.Administrator
300000003782509,ELECTRONIC,300000003577739,ADIA_SWIFT_Payment_FRM,BLANK,EFT PAY,6011000000,System.Administrator
300000003782511,ELECTRONIC,300000003577740,ADIA_SWIFT_Payment_FRM,BLANK,EFT PAY,6012000000,System.Administrator
300000003782513,ELECTRONIC,300000003577741,ADIA_SWIFT_Payment_FRM,BLANK,EFT PAY,6013000000,System.Administrator
300000003782515,ELECTRONIC,300000003577742,ADIA_SWIFT_Payment_FRM,BLANK,EFT PAY,6014000000,System.Administrator
300000003782525,ELECTRONIC,300000003577746,ADIA_SWIFT_Payment_FRM,BLANK,EFT PAY,6019000000,System.Administrator
300000003782535,ELECTRONIC,300000003577751,ADIA_SWIFT_Payment_FRM,BLANK,EFT PAY,6024000000,System.Administrator
300000003782543,ELECTRONIC,300000003577755,ADIA_SWIFT_Payment_FRM,BLANK,EFT PAY,5004000000,System.Administrator
300000003782545,ELECTRONIC,300000003577756,ADIA_SWIFT_Payment_FRM,BLANK,EFT PAY,5005000000,System.Administrator
300000003782549,ELECTRONIC,300000003577758,ADIA_SWIFT_Payment_FRM,BLANK,EFT PAY,5007000000,System.Administrator
300000003782555,ELECTRONIC,300000003577761,ADIA_SWIFT_Payment_FRM,BLANK,EFT PAY,5010000000,System.Administrator
300000003782561,ELECTRONIC,300000003577764,ADIA_SWIFT_Payment_FRM,BLANK,EFT PAY,5013000000,System.Administrator
300000003782565,ELECTRONIC,300000003577766,ADIA_SWIFT_Payment_FRM,BLANK,EFT PAY,5015000000,System.Administrator
300000003782569,ELECTRONIC,300000003577768,ADIA_SWIFT_Payment_FRM,BLANK,EFT PAY,5017000000,System.Administrator
300000003782638,ELECTRONIC,300000003577800,ADIA_SWIFT_Payment_FRM,BLANK,EFT PAY,8003000000,System.Administrator
300000003782654,ELECTRONIC,300000003577808,ADIA_SWIFT_Payment_FRM,BLANK,EFT PAY,8011000000,System.Administrator
300000003782664,ELECTRONIC,300000003577813,ADIA_SWIFT_Payment_FRM,BLANK,EFT PAY,8016000000,System.Administrator
300000003782666,ELECTRONIC,300000004060128,ADIA_SWIFT_Payment_FRM,BLANK,EFT PAY,8017000000,System.Administrator
300000003782670,ELECTRONIC,300000004060129,ADIA_SWIFT_Payment_FRM,BLANK,EFT PAY,8019000000,System.Administrator
300000010383876,Electronic,300000009553665,ADIA_OPEX_SWIFT_Payment_FRM,BLANK,EFT PAY,4040000,System.Administrator
300000010383878,Electronic,300000009553680,ADIA_OPEX_SWIFT_Payment_FRM,BLANK,EFT PAY,2040000,System.Administrator
300000039619546,ELECTRONIC,300000039619542,ADIA_SWIFT_Payment_FRM,BLANK,EFT PAY,4025000001,svcERPProdServiceAdm@adia.ae
300000003782604,ELECTRONIC,300000003577784,ADIA_SWIFT_Payment_FRM,BLANK,EFT PAY,9010000000,System.Administrator
300000003782614,ELECTRONIC,300000003577789,ADIA_SWIFT_Payment_FRM,BLANK,EFT PAY,9015000000,System.Administrator
300000003782620,ELECTRONIC,300000003823066,ADIA_SWIFT_Payment_FRM,BLANK,EFT PAY,9018000000,System.Administrator
300000003782622,ELECTRONIC,300000003577792,ADIA_SWIFT_Payment_FRM,BLANK,EFT PAY,9019000000,System.Administrator
300000003782626,ELECTRONIC,300000003577794,ADIA_SWIFT_Payment_FRM,BLANK,EFT PAY,9021000000,System.Administrator
300000003782636,ELECTRONIC,300000003577799,ADIA_SWIFT_Payment_FRM,BLANK,EFT PAY,8002000000,System.Administrator
300000003782658,ELECTRONIC,300000003577810,ADIA_SWIFT_Payment_FRM,BLANK,EFT PAY,8013000000,System.Administrator
300000003782662,ELECTRONIC,300000003577812,ADIA_SWIFT_Payment_FRM,BLANK,EFT PAY,8015000000,System.Administrator
300000003782668,ELECTRONIC,300000003823069,ADIA_SWIFT_Payment_FRM,BLANK,EFT PAY,8018000000,System.Administrator
300000003782679,ELECTRONIC,300000004060133,ADIA_SWIFT_Payment_FRM,BLANK,EFT PAY,8023000000,System.Administrator
300000009979086,ELECTRONIC,300000009979013,IBY_PAY_EDI_SWIFT_MT100,BLANK,EFT PAY,1000,ERP_PROD_SAAS
300000009979087,ELECTRONIC,300000009979014,IBY_PAY_EDI_SWIFT_MT100,BLANK,EFT PAY,1000,ERP_PROD_SAAS
300000009979088,ELECTRONIC,300000009979021,IBY_PAY_EDI_SWIFT_MT100,BLANK,,1000,ERP_PROD_SAAS
300000009979089,ELECTRONIC,300000009979022,IBY_PAY_EDI_SWIFT_MT100,BLANK,EFT PAY,1000,ERP_PROD_SAAS
300000009979090,ELECTRONIC,300000009979032,IBY_PAY_EDI_SWIFT_MT100,BLANK,EFT PAY,1000,ERP_PROD_SAAS
300000009997316,ADIA Clearing Pay,300000009997305,ADIA_OPEX_SWIFT_Payment_FRM,BLANK,CLEAR PAY,128737,ERP_PROD_SAAS
300000027874767,Check,300000009553647,ADIA_OPEX_CHECK,BLANK,CHECK PAY,296465,svcERPProdServiceAdm@adia.ae
300000039619522,ELECTRONIC,300000039619518,ADIA_SWIFT_Payment_FRM,BLANK,EFT PAY,8025000001,svcERPProdServiceAdm@adia.ae
300000039619525,ELECTRONIC,300000039619523,ADIA_SWIFT_Payment_FRM,BLANK,EFT PAY,7025000001,svcERPProdServiceAdm@adia.ae
300000039619554,ELECTRONIC,300000039619552,ADIA_SWIFT_Payment_FRM,BLANK,EFT PAY,3025000001,svcERPProdServiceAdm@adia.ae
300000003782591,ELECTRONIC,300000003577778,ADIA_SWIFT_Payment_FRM,BLANK,EFT PAY,9004000000,System.Administrator
300000003782597,ELECTRONIC,300000003577781,ADIA_SWIFT_Payment_FRM,BLANK,EFT PAY,9007000000,System.Administrator
300000003782610,ELECTRONIC,300000003577787,ADIA_SWIFT_Payment_FRM,BLANK,EFT PAY,9013000000,System.Administrator
300000003782672,ELECTRONIC,300000004060130,ADIA_SWIFT_Payment_FRM,BLANK,EFT PAY,8020000000,System.Administrator
300000010383881,Electronic,300000009553701,ADIA_OPEX_SWIFT_Payment_FRM,BLANK,EFT PAY,1040000,System.Administrator
300000003782589,ELECTRONIC,300000003577777,ADIA_SWIFT_Payment_FRM,BLANK,EFT PAY,9003000000,System.Administrator
300000003782608,ELECTRONIC,300000003577786,ADIA_SWIFT_Payment_FRM,BLANK,EFT PAY,9012000000,System.Administrator
300000003782618,ELECTRONIC,300000003577791,ADIA_SWIFT_Payment_FRM,BLANK,EFT PAY,9017000000,System.Administrator
300000003782628,ELECTRONIC,300000003577795,ADIA_SWIFT_Payment_FRM,BLANK,EFT PAY,9022000000,System.Administrator
300000003782630,ELECTRONIC,300000003577796,ADIA_SWIFT_Payment_FRM,BLANK,EFT PAY,9023000000,System.Administrator
300000003782632,ELECTRONIC,300000003577797,ADIA_SWIFT_Payment_FRM,BLANK,EFT PAY,9024000000,System.Administrator
300000003782642,ELECTRONIC,300000003577802,ADIA_SWIFT_Payment_FRM,BLANK,EFT PAY,8005000000,System.Administrator
300000003782646,ELECTRONIC,300000003577804,ADIA_SWIFT_Payment_FRM,BLANK,EFT PAY,8007000000,System.Administrator
300000003782650,ELECTRONIC,300000003577806,ADIA_SWIFT_Payment_FRM,BLANK,EFT PAY,8009000000,System.Administrator
300000003782681,ELECTRONIC,300000004060134,ADIA_SWIFT_Payment_FRM,BLANK,EFT PAY,8024000000,System.Administrator
300000010383880,Electronic,300000009553694,ADIA_OPEX_SWIFT_Payment_FRM,BLANK,EFT PAY,6040000,System.Administrator
300000003782601,ELECTRONIC,300000003577783,ADIA_SWIFT_Payment_FRM,BLANK,EFT PAY,9009000000,System.Administrator
300000003782612,ELECTRONIC,300000003577788,ADIA_SWIFT_Payment_FRM,BLANK,EFT PAY,9014000000,System.Administrator
300000003782616,ELECTRONIC,300000003577790,ADIA_SWIFT_Payment_FRM,BLANK,EFT PAY,9016000000,System.Administrator
300000003782634,ELECTRONIC,300000003577798,ADIA_SWIFT_Payment_FRM,BLANK,EFT PAY,8001000000,System.Administrator
300000003782648,ELECTRONIC,300000003577805,ADIA_SWIFT_Payment_FRM,BLANK,EFT PAY,8008000000,System.Administrator
300000003782678,ELECTRONIC,300000004060132,ADIA_SWIFT_Payment_FRM,BLANK,EFT PAY,8022000000,System.Administrator
300000031260600,Electronic,300000031260592,ADIA_OPEX_SWIFT_Payment_FRM,BLANK,EFT PAY,80400000,Mansoor.Hussain@adia.ae
300000039619573,ELECTRONIC,300000039619571,ADIA_SWIFT_Payment_FRM,BLANK,EFT PAY,6025000001,svcERPProdServiceAdm@adia.ae
300000003782606,ELECTRONIC,300000003577785,ADIA_SWIFT_Payment_FRM,BLANK,EFT PAY,9011000000,System.Administrator
300000003782624,ELECTRONIC,300000003577793,ADIA_SWIFT_Payment_FRM,BLANK,EFT PAY,9020000000,System.Administrator
300000003782644,ELECTRONIC,300000003577803,ADIA_SWIFT_Payment_FRM,BLANK,EFT PAY,8006000000,System.Administrator
300000003782675,ELECTRONIC,300000004060131,ADIA_SWIFT_Payment_FRM,BLANK,EFT PAY,8021000000,System.Administrator
300000010383874,Electronic,300000009553647,ADIA_OPEX_SWIFT_Payment_FRM,BLANK,EFT PAY,8040000,System.Administrator
300000039619561,ELECTRONIC,300000039619559,ADIA_SWIFT_Payment_FRM,BLANK,EFT PAY,2025000001,svcERPProdServiceAdm@adia.ae
300000039619577,ELECTRONIC,300000039619575,ADIA_SWIFT_Payment_FRM,BLANK,EFT PAY,1025000001,svcERPProdServiceAdm@adia.ae
300000003782593,ELECTRONIC,300000003577779,ADIA_SWIFT_Payment_FRM,BLANK,EFT PAY,9005000000,System.Administrator
300000003782599,ELECTRONIC,300000003577782,ADIA_SWIFT_Payment_FRM,BLANK,EFT PAY,9008000000,System.Administrator
300000003782640,ELECTRONIC,300000003577801,ADIA_SWIFT_Payment_FRM,BLANK,EFT PAY,8004000000,System.Administrator
300000003782652,ELECTRONIC,300000003577807,ADIA_SWIFT_Payment_FRM,BLANK,EFT PAY,8010000000,System.Administrator
300000003782656,ELECTRONIC,300000003577809,ADIA_SWIFT_Payment_FRM,BLANK,EFT PAY,8012000000,System.Administrator
300000003782660,ELECTRONIC,300000003577811,ADIA_SWIFT_Payment_FRM,BLANK,EFT PAY,8014000000,System.Administrator
300000010383877,Electronic,300000009553672,ADIA_OPEX_SWIFT_Payment_FRM,BLANK,EFT PAY,3040000,System.Administrator
300000010383879,Electronic,300000009553687,ADIA_OPEX_SWIFT_Payment_FRM,BLANK,EFT PAY,5040000,System.Administrator
300000039619565,ELECTRONIC,300000039619563,ADIA_SWIFT_Payment_FRM,BLANK,EFT PAY,5025000001,svcERPProdServiceAdm@adia.ae
300000003782595,ELECTRONIC,300000003577780,ADIA_SWIFT_Payment_FRM,BLANK,EFT PAY,9006000000,System.Administrator
300000010383875,Electronic,300000009553658,ADIA_OPEX_SWIFT_Payment_FRM,BLANK,EFT PAY,7040000,System.Administrator
300000039619569,ELECTRONIC,300000039619567,ADIA_SWIFT_Payment_FRM,BLANK,EFT PAY,9025000001,svcERPProdServiceAdm@adia.ae
