TRANSACTION_CODE_ID,TRX_CODE,CREATED_BY,TRX_TYPE
300000009002579,NMSC,System.Administrator,MSC
300000009002580,NTCK,System.Administrator,CHK
300000009002586,NECK,System.Administrator,CHK
300000009002590,NSTO,System.Administrator,EFT
300000009002591,NCHK,System.Administrator,CHK
300000009002593,NCOM,System.Administrator,MSC
300000009002598,NFEX,System.Administrator,EFT
300000009002576,NCMS,System.Administrator,MSC
300000009002577,NCOL,System.Administrator,EFT
300000009002582,NBRF,System.Administrator,MSC
300000009002585,NDIV,System.Administrator,MSC
300000009002597,NVDA,System.Administrator,MSC
300000009002599,NBOE,System.Administrator,MSC
300000009002600,NEQA,System.Administrator,EFT
300000009002601,NRTI,System.Administrator,MSC
300000009002604,NCMZ,System.Administrator,ZBA
300000009002606,NCMN,System.Administrator,MSC
300000009002578,NDDT,System.Administrator,EFT
300000009002588,NLBX,System.Administrator,LBX
300000009002594,NLDP,System.Administrator,EFT
300000009002595,NCLR,System.Administrator,CHK
300000009002596,NINT,System.Administrator,INT
300000009002605,NSEC,System.Administrator,EFT
300000009002589,NMIS,System.Administrator,MSC
300000009002592,NCMT,System.Administrator,MSC
300000009002581,NTRF,System.Administrator,EFT
300000009002583,NCHG,System.Administrator,MSC
300000009002584,NDCR,System.Administrator,EFT
300000009002603,NCMI,System.Administrator,MSC
