APPLICATION_ID,APPLICATION_NAME,APPLICATION_SHORT_NAME
10530,Quality Issue and Action Management,ENQ
10531,Maintenance Management,MNT
10532,Loyalty,LOY
10529,Sales for Automotive,ZQA
10528,Sales for Pharmaceuticals,ZQP
800,Global Human Resources,PER
8403,Labor Distribution,PSP
10116,SaaS Enablement,FOD
10119,Product Lifecycle Portfolio Management,ACE
10120,Product Requirements and Ideation Management,ACN
10121,Product Concept Design,ACD
10124,Product Development,ACA
10114,Supply Chain Orchestration,DOS
10115,Supply Chain Financial Orchestration Foundation,FOS
10570,Sales Assistant,CDA
10566,Channel Revenue Management,CJM
10491,Mobilytics,MSA
3,Applications Utilities,AU
10448,Migration for E-Business Financials,MFI
10145,Migration for PeopleSoft FSCM,MGF
10144,Migration for PeopleSoft HCM,MGH
10576,Supply Chain for Healthcare,SCH
10591,DX4C - Buying Experience,DXB
10125,Project Integration Gateway,PJG
10484,Enterprise Visualization,EVI
10592,DX4C - Commerce Experience,DXF
10593,CX Industry DevOps,XIO
10594,Industry Solutions Fabric,XIF
10596,Cloud ESG,ESG
10595,HCM Celebrate,CEL
10567,Inspector,ISP
10109,Advanced Constraint Technology,ACT
10108,Supply Chain Management Common Components,RCS
10485,Visual Information Navigator,EVN
10094,Customer Center,ZCM
10095,CRM Application Composer,ZCX
10099,Total Compensation Statement,CMS
10097,Goal Management,HRG
10098,Talent Review,HRR
10096,Receipt Accounting,CMR
10101,Workforce Modeling,HMO
10103,Workforce Predictions,HWP
10502,HCM Connect,HRH
10581,Customer Experience for Utilities,UER
10480,Applications Integration for Oracle Transportation Management,MTI
10478,Collaboration Messaging Framework,CMK
10479,Applications Integration for Oracle Global Trade Management,GTI
10505,Advisement,HEA
10507,Campus Community,HEY
10506,Financial Aid,HEF
10509,Student Financials,HES
10508,Student Records,HER
10568,Joint Venture Management,JV
10605,Field Service,FFS
10476,Upgrade Assistant for Oracle CRM On Demand,ZMH
10475,Bill Management,ARB
10575,Enterprise Catalog for Communications,ECC
10494,Common Work Setup,WIS
10492,Discrete Manufacturing,WIP
10493,Common Work Execution,WIE
7003,Financials for Regional Localizations,JG
10460,CRM Analytics,ACM
10463,Social Media and Intelligence,ISM
10462,Project Management Control,PJE
10487,Product Hub Portal,EGS
10488,Voice for Oracle Cloud Applications,VFA
10486,Applications Security,ASE
10551,Self Service Procurement Mobile,POR_MB
10503,Work Life,WLF
10504,Visual Information Builder,EVB
10126,Help Portal Content,AFH
10127,Activity Stream for CRM,ZSO
10481,Workforce Reputation Management,HWR
10572,Lease Accounting,FLA
10573,CX Sales Mobile,CXM
10468,Planning Central,YPB
10470,Workforce Health and Safety Incidents,HNS
10471,Web Marketing,MKW
10473,Real Estate Portfolio Management,PNP
10474,Real Estate Accounting,PNR
10472,"Enterprise Governance, Risk, and Compliance Manager",GRC
10527,Sales for Utilities,ZQU
10526,Sales for Wealth Management,ZQW
10563,Subscription Management,OSS
10571,Oracle PSCR Subledger,PSX
10106,Transactional Business Intelligence,FBI
10105,Application Common Resources,ACR
10564,HCM Cloud Mobile,MOB
10134,Common Search,ACH
10135,Common Analytics,ACL
10136,Common Java Authorization,ACJ
10039,Project Control,PJO
10040,Project Resource Management,PJR
10041,Project Performance Reporting,PJS
10042,Project Management,PJT
240,Real Estate Leases,PNL
873,Asset Tracking,CSE
542,Installed Base,CSI
707,Cost Management,CST
10007,Configure To Order,CTO
708,Configurator,CZ
10008,Distributed Order Orchestration,DOO
709,E-Signatures and E-Records,EDR
10009,Product Hub,EGI
10010,Product and Catalog Management,EGO
10011,Product Model,EGP
401,Inventory Management,INV
778,Supply Chain Localizations,JMF
724,Planning Common,MSC
250,Quality Inspection Management,QA
667,Pricing,QP
10049,Receiving,RCV
665,Shipping,WSH
10068,Demand Management,YPD
10464,Planning Collaboration,YPC
10466,Supply Planning,YPS
10469,Tap for Oracle Applications,FTA
10516,Service,SVC
10512,Sales for Retail Banking,AFS
10513,Sales for Communications,ATC
10514,Sales for Consumer Goods Retail Execution,ACO
10128,Migration for Siebel CRM,ZMG
10574,Oracle Municipal Code Officer,MCM
10036,Project Costing,PJC
10037,Project Foundation,PJF
10038,Project Collaboration,PJL
10111,Partner Management,ZPM
10110,Absence Management,ANC
440,Project Portfolio Analysis,PJP
10447,Migration for E-Business Common Components,MCO
10453,Migration for E-Business SCM,MSM
10452,Migration for E-Business Projects,MPJ
10459,Migration for E-Business Procurement,MPR
10458,Migration for E-Business IC,MIC
10457,Migration for E-Business HCM,MHC
10454,Migration for E-Business TCA,MTC
10477,Fiscal Document Capture,CMF
10569,Public Sector Subledger,PSC
10051,Workforce Lifecycle Manager,WLM
201,Purchasing,PO
396,Sourcing,PON
10071,Self Service Procurement,POR
177,Supplier Portal,POS
10044,Supplier Model,POZ
8402,Grants Management,GMS
8404,Grants Proposal,IGW
10035,Project Billing,PJB
10515,Sales for High Tech Manufacturing,AHT
10131,GRC Configuration Controls Governor,CCC
10132,GRC Audit Controls Composer,GRP
10130,Risks and Controls,GTG
10450,Landed Cost Management,CML
10449,Questionnaire,HRQ
10579,DX4C - Care Experience,DXC
10577,DX4C - Sales Experience,DXS
10578,DX4C - Launch Experience,DXL
10129,Supplier Qualification,POQ
10446,Workforce Management,HWM
10013,Self Service Common CRM Components,EMK
10014,E-Service,EMV
10015,E-Mail and Web Marketing,EWM
10024,Trading Community Model,HZ
10028,Multichannel Technologies,MCT
10029,Lead Management,MKL
10031,Marketing,MKT
10032,Opportunity Management,MOO
10070,Promotions and Deal Management,MOP
10033,Territory Management,MOT
10034,Work Management,MOW
510,Enterprise Contracts,OKC
10048,Sales Catalog,QSC
10053,Sales,ZBS
10054,Common CRM,ZCA
10055,Contact Center Application,ZCC
10056,Trading Community Hub,ZCH
10057,Trading Community Policies,ZCP
10058,Trading Community Data Quality,ZCQ
10059,Field Service Management,ZFS
10061,Marketing Common Components,ZMC
10062,Applications Common Components,ZMM
10552,Planning and Zoning,PSC_PZ
10553,Permits,PSC_PER
10483,Career Development,HRD
10002,Application Toolkit,ATK
10005,Knowledge Management,CSO
10006,Service Request Management,CSY
10012,E-Commerce,EMC
10583,Touchpoints,HRE
10586,HCM Communicate,HCO
10585,Sales for Zoom,CXZ
10500,Order Management,FOM
10456,Succession Management,HRM
10455,Revenue Management,VRM
10063,Order Capture Common Components,ZOC
673,Payments,IBY
695,Advanced Collections,IEX
7000,Financials for Asia/Pacific,JA
7002,Financials for EMEA,JE
7004,Financials for the Americas,JL
10557,Service Logistics,RCL
10558,Policy Automation Data Connector,ZUP
10089,Disconnected Mobile Client,ZMF
10090,Mobile Sales,ZMS
10091,Sales Prediction Engine,ZSP
10092,State Management,ZST
10541,Sales Cloud for Higher Education,AHE
10582,Sales for Outlook,CXO
10588,Intelligent Advisor,OIA
10112,Topology Manager,ATM
10597,Solution Adoption Map,SAM
10587,Recruiting Booster,FRB
10511,Global Payroll Interface,HRY
10580,Spend Classification,POI
10107,Workforce Directory Management,HRL
10590,CX Fragments,CXF
10598,AI,FAI
10599,Cloud Sustainability,SUS
10589,Cloud Marketing,FMK
10064,CRM for Microsoft Outlook,ZOE
10065,Contact Center Common Components,ZON
10066,Sales Forecasting,ZSF
10067,CRM Infrastructure Components,ZVC
200,Payables,AP
222,Receivables,AR
260,Cash Management,CE
10016,Expenses,EXM
140,Assets,FA
435,Financials Common Module,FUN
8901,U.S. Federal Financials,FV
101,General Ledger,GL
10538,Sales Cloud for Office 365,ZPS_365
10539,Sales Cloud for Gmail,ZPS_GM
10540,Digital Customer Service,CSS
10533,Corporate Social Responsibility,HHR
10534,Customer Experience Integration Solution,CXI
10088,Accounting Hub,XLH
10086,Social Connection,HRS
10076,HCM Country and Vertical Extensions,HRX
10083,Sales and Operations Planning,YPA
10077,Global Order Promising,MSP
10082,Production Scheduling,MSS
10565,Backlog Management,MSX
10542,Human Resources Advisor,HQZ
10543,CX Cloud Mobile,ZEM
10544,HCM Central Components,HCM_CC
10546,Tap for Android,HCM_AND
10547,Tap for iOS,HCM_IOS
10545,HCM Extracts,HEX
10559,Public Sector Tech Stack,PSC_TS
10560,Public Sector Common Components,PSC_CC
10561,Public Sector Lifecycle Management,PSC_LCM
10562,Public Sector DevOps Internal,PSC_OPS
10548,Replenishment Planning,YPR
10549,Student Admissions,HEQ
10550,Checklist,CHK
10535,Risk Manager,GTR
10536,Business Intelligence for Risk Management,GTO
10537,Sales Cloud for IBM Notes,ZPS_IBM
10052,Budgetary Control,XCC
602,Subledger Accounting,XLA
204,Legal Entity Configurator,XLE
235,Tax,ZX
438,GRC Application Access Controls Governor,GRA
805,Benefits,BEN
10003,Compensation,CMP
283,Incentive Compensation,CN
802,Fast Formula,FF
10020,Performance Management,HRA
10021,HCM Common Architecture,HRC
10022,Profile Management,HRT
10023,HCM Configuration Workbench,HRW
10069,Workforce Scheduling,HTS
808,Time and Labor,HXT
821,Recruiting,IRC
801,Global Payroll,PAY
10501,Employee Wellness,EHW
10600,Cloud Customer Data Platform,CDP
10601,Supply Chain Smart Operations,SMO
10602,Grow Cloud Service,GRW
10554,Code Enforcement,PSC_CE
10555,Business Licenses,PSC_BL
10556,Professional Licenses,PSC_POL
10603,CPQ,CPQ
0,Oracle Middleware Extensions for Applications,FND
1,System Administration,SYSADMIN
2,Reference Data Sharing,SETID
10000,Applications Functional Core,ASK
10001,Functional Setup Manager,ASM
10525,Supply Chain Collaboration,VCS
10604,Digital Government,DGV
