DETERMINANT_VALUE,REFERENCE_GROUP_NAME,SET_ID,DETERMINANT_TYPE
300000003738276,OKC_APPLY_HOLD_REASONS,0,BU
300000003738276,OKC_CANCELLATION_REASONS,0,BU
300000003738276,CJM_ADJUSTMENT_TYPES,0,BU
300000003738276,CJM_CLAIM_CLASS_SOURCE_MAP,0,BU
300000003738276,CJM_CLAIM_TYPES,0,BU
300000003738276,CJM_CLAIM_REASONS,0,BU
300000003738276,OKC_CLOSE_REASONS,0,BU
300000003738276,IEX_COLLECTIONS_SETUPS,0,BU
300000003738276,OKC_CONTRACT_TYPES,0,BU
300000003738276,MOO_CRED_ALLOC_TEMPLATES,0,BU
300000003738276,HZ_CUSTOMER_ACCOUNT_RELATION,0,BU
300000003738276,HZ_CUSTOMER_ACCOUNT_SITE,0,BU
300000003738276,MKL_DEAL_TYPE_SETID,0,BU
300000003738276,MOO_SETID_DECISION_LEVEL,0,BU
300000003738276,PER_DEPARTMENTS,0,BU
300000003738276,IEX_DUNNING_PLANS,0,BU
300000003738276,MOO_SETID_DEAL_HORIZION,0,BU
300000003738276,FND_TREE_GROUP,0,BU
300000003738276,PER_GRADES,0,BU
300000003738276,HED_ADJ_CAL_SETID,0,BU
300000003738276,HED_DUE_DATE_CAL_SETID,0,BU
300000003738276,DOO_HOLD_CODES,0,BU
300000003738276,JA_CN_TRANSFER_RULE,0,BU
300000003738276,PER_JOBS,0,BU
300000003738276,CML_SETUPS,0,BU
300000003738276,MKL_LEAD_BUDGET_STATUS_SETID,0,BU
300000003738276,MKL_LEAD_CHANNEL_SETID,0,BU
300000003738276,ORA_MKL_LEAD_OPTOUT_RSN_SETID,0,BU
300000003738276,MKL_LEAD_RANK_SETID,0,BU
300000003738276,MKL_LEAD_REASSIGN_REASON_SETID,0,BU
300000003738276,MKL_REJECT_REASON_SETID,0,BU
300000003738276,MKL_RETIRE_REASON_CD_SETID,0,BU
300000003738276,MKL_LEAD_TIMELINE_SETID,0,BU
300000003738276,MOO_SETID_RISK_LEVEL,0,BU
300000003738276,PER_LOCATIONS,0,BU
300000003738276,MOW_ASSESS_TEMPL_GROUP,0,BU
300000003738276,MOO_SETID_ASSESS_OVRRIDE_RSN,0,BU
300000003738276,DOO_ORCHESTRATION_PROCESS,0,BU
300000003738276,AP_PAYMENT_TERMS,0,BU
300000003738276,HRA_PERFORMANCE_TEMPLATES,0,BU
300000003738276,QP_PRICING_RULES,0,BU
300000003738276,PJF_ACCOUNTING_DEFINITION,0,BU
300000003738276,PJF_RATES,0,BU
300000003738276,AR_ACCOUNTING_RULES,0,BU
300000003738276,AR_AGING_BUCKETS,0,BU
300000003738276,AR_APP_EXCEPTION_RULES,0,BU
300000003738276,AR_AUTOCASH_RULES,0,BU
300000003738276,AR_AUTOMATCH_RULES,0,BU
300000003738276,AR_COLLECTORS,0,BU
300000003738276,AR_LOCKBOX,0,BU
300000003738250,AR_MEMO_LINES,0,BU
300000003738250,AR_PAYMENT_TERMS,0,BU
300000003738250,AR_REMIT_TO_ADDRESS,0,BU
300000003738250,AR_REVENUE_CONTINGENCIES,0,BU
300000003738250,AR_TRANSACTION_SOURCE,0,BU
300000003738250,AR_TRANSACTION_TYPE,0,BU
300000003738250,VRM_REVENUE_POLICIES,0,BU
300000003738250,VRM_REVENUE_RULES,0,BU
300000003738250,MOO_SALES_METHODS,0,BU
300000003738250,HZ_SALES_PERSON,0,BU
300000003738250,MOO_SETID_REVN_CATEGORY,0,BU
300000003738250,MOO_SETID_REVENUE_TYPE,0,BU
300000003738250,MOO_STAGE_PHASE_CD,0,BU
300000003738250,SVC_SR_SEVERITIES,0,BU
300000003738250,ZBS_STATUS_LOOKUP_VALUES,0,BU
300000003738250,MOO_SETID_STRATEGIC_VALUE,0,BU
300000003738250,ZX_TAX_CLASSIFICATION_CODES,0,BU
300000003738250,MOO_SETID_WIN_LOSS_REASON,0,BU
300000003738276,AR_MEMO_LINES,0,BU
300000003738276,AR_PAYMENT_TERMS,0,BU
300000003738276,AR_REMIT_TO_ADDRESS,0,BU
300000003738276,AR_REVENUE_CONTINGENCIES,0,BU
300000003738276,AR_TRANSACTION_SOURCE,0,BU
300000003738276,AR_TRANSACTION_TYPE,0,BU
300000003738276,VRM_REVENUE_POLICIES,0,BU
300000003738276,VRM_REVENUE_RULES,0,BU
300000003738276,MOO_SALES_METHODS,0,BU
300000003738276,HZ_SALES_PERSON,0,BU
300000003738276,MOO_SETID_REVN_CATEGORY,0,BU
300000003738276,MOO_SETID_REVENUE_TYPE,0,BU
300000003738276,MOO_STAGE_PHASE_CD,0,BU
300000003738276,SVC_SR_SEVERITIES,0,BU
300000003738276,ZBS_STATUS_LOOKUP_VALUES,0,BU
300000003738276,MOO_SETID_STRATEGIC_VALUE,0,BU
300000003738276,ZX_TAX_CLASSIFICATION_CODES,0,BU
300000003738276,MOO_SETID_WIN_LOSS_REASON,0,BU
300000003738289,OKC_APPLY_HOLD_REASONS,0,BU
300000003738289,OKC_CANCELLATION_REASONS,0,BU
300000003738289,CJM_ADJUSTMENT_TYPES,0,BU
300000003738289,CJM_CLAIM_CLASS_SOURCE_MAP,0,BU
300000003738289,CJM_CLAIM_TYPES,0,BU
300000003738289,CJM_CLAIM_REASONS,0,BU
300000003738289,OKC_CLOSE_REASONS,0,BU
300000003738289,IEX_COLLECTIONS_SETUPS,0,BU
300000003738289,OKC_CONTRACT_TYPES,0,BU
300000003738289,MOO_CRED_ALLOC_TEMPLATES,0,BU
300000003738289,HZ_CUSTOMER_ACCOUNT_RELATION,0,BU
300000003738289,HZ_CUSTOMER_ACCOUNT_SITE,0,BU
300000003738289,MKL_DEAL_TYPE_SETID,0,BU
300000003738289,MOO_SETID_DECISION_LEVEL,0,BU
300000003738250,OKC_APPLY_HOLD_REASONS,0,BU
300000003738250,OKC_CANCELLATION_REASONS,0,BU
300000003738250,CJM_ADJUSTMENT_TYPES,0,BU
300000003738250,CJM_CLAIM_CLASS_SOURCE_MAP,0,BU
300000003738250,CJM_CLAIM_TYPES,0,BU
300000003738250,CJM_CLAIM_REASONS,0,BU
300000003738250,OKC_CLOSE_REASONS,0,BU
300000003738250,IEX_COLLECTIONS_SETUPS,0,BU
300000003738250,OKC_CONTRACT_TYPES,0,BU
300000003738250,MOO_CRED_ALLOC_TEMPLATES,0,BU
300000003738250,HZ_CUSTOMER_ACCOUNT_RELATION,0,BU
300000003738250,HZ_CUSTOMER_ACCOUNT_SITE,0,BU
300000003738250,MKL_DEAL_TYPE_SETID,0,BU
300000003738250,MOO_SETID_DECISION_LEVEL,0,BU
300000003738250,PER_DEPARTMENTS,0,BU
300000003738250,IEX_DUNNING_PLANS,0,BU
300000003738250,MOO_SETID_DEAL_HORIZION,0,BU
300000003738250,FND_TREE_GROUP,0,BU
300000003738250,PER_GRADES,0,BU
300000003738250,HED_ADJ_CAL_SETID,0,BU
300000003738250,HED_DUE_DATE_CAL_SETID,0,BU
300000003738250,DOO_HOLD_CODES,0,BU
300000003738250,JA_CN_TRANSFER_RULE,0,BU
300000003738250,PER_JOBS,0,BU
300000003738250,CML_SETUPS,0,BU
300000003738250,MKL_LEAD_BUDGET_STATUS_SETID,0,BU
300000003738250,MKL_LEAD_CHANNEL_SETID,0,BU
300000003738250,ORA_MKL_LEAD_OPTOUT_RSN_SETID,0,BU
300000003738250,MKL_LEAD_RANK_SETID,0,BU
300000003738250,MKL_LEAD_REASSIGN_REASON_SETID,0,BU
300000003738250,MKL_REJECT_REASON_SETID,0,BU
300000003738250,MKL_RETIRE_REASON_CD_SETID,0,BU
300000003738250,MKL_LEAD_TIMELINE_SETID,0,BU
300000003738250,MOO_SETID_RISK_LEVEL,0,BU
300000003738250,PER_LOCATIONS,0,BU
300000003738250,MOW_ASSESS_TEMPL_GROUP,0,BU
300000003738250,MOO_SETID_ASSESS_OVRRIDE_RSN,0,BU
300000003738250,DOO_ORCHESTRATION_PROCESS,0,BU
300000003738250,AP_PAYMENT_TERMS,0,BU
300000003738250,HRA_PERFORMANCE_TEMPLATES,0,BU
300000003738250,QP_PRICING_RULES,0,BU
300000003738250,PJF_ACCOUNTING_DEFINITION,0,BU
300000003738250,PJF_RATES,0,BU
300000003738250,AR_ACCOUNTING_RULES,0,BU
300000003738250,AR_AGING_BUCKETS,0,BU
300000003738250,AR_APP_EXCEPTION_RULES,0,BU
300000003738250,AR_AUTOCASH_RULES,0,BU
300000003738250,AR_AUTOMATCH_RULES,0,BU
300000003738250,AR_COLLECTORS,0,BU
300000003738250,AR_LOCKBOX,0,BU
300000003738263,OKC_APPLY_HOLD_REASONS,0,BU
300000003738263,OKC_CANCELLATION_REASONS,0,BU
300000003738263,CJM_ADJUSTMENT_TYPES,0,BU
300000003738263,CJM_CLAIM_CLASS_SOURCE_MAP,0,BU
300000003738263,CJM_CLAIM_TYPES,0,BU
300000003738263,CJM_CLAIM_REASONS,0,BU
300000003738263,OKC_CLOSE_REASONS,0,BU
300000003738263,IEX_COLLECTIONS_SETUPS,0,BU
300000003738263,OKC_CONTRACT_TYPES,0,BU
300000003738263,MOO_CRED_ALLOC_TEMPLATES,0,BU
300000003738263,HZ_CUSTOMER_ACCOUNT_RELATION,0,BU
300000003738263,HZ_CUSTOMER_ACCOUNT_SITE,0,BU
300000003738263,MKL_DEAL_TYPE_SETID,0,BU
300000003738263,MOO_SETID_DECISION_LEVEL,0,BU
300000003738263,PER_DEPARTMENTS,0,BU
300000003738263,IEX_DUNNING_PLANS,0,BU
300000003738263,MOO_SETID_DEAL_HORIZION,0,BU
300000003738263,FND_TREE_GROUP,0,BU
300000003738263,PER_GRADES,0,BU
300000003738263,HED_ADJ_CAL_SETID,0,BU
300000003738263,HED_DUE_DATE_CAL_SETID,0,BU
300000003738263,DOO_HOLD_CODES,0,BU
300000003738263,JA_CN_TRANSFER_RULE,0,BU
300000003738263,PER_JOBS,0,BU
300000003738263,CML_SETUPS,0,BU
300000003738263,MKL_LEAD_BUDGET_STATUS_SETID,0,BU
300000003738263,MKL_LEAD_CHANNEL_SETID,0,BU
300000003738263,ORA_MKL_LEAD_OPTOUT_RSN_SETID,0,BU
300000003738263,MKL_LEAD_RANK_SETID,0,BU
300000003738263,MKL_LEAD_REASSIGN_REASON_SETID,0,BU
300000003738263,MKL_REJECT_REASON_SETID,0,BU
300000003738263,MKL_RETIRE_REASON_CD_SETID,0,BU
300000003738263,MKL_LEAD_TIMELINE_SETID,0,BU
300000003738263,MOO_SETID_RISK_LEVEL,0,BU
300000003738263,PER_LOCATIONS,0,BU
300000003738263,MOW_ASSESS_TEMPL_GROUP,0,BU
300000003738263,MOO_SETID_ASSESS_OVRRIDE_RSN,0,BU
300000003738263,DOO_ORCHESTRATION_PROCESS,0,BU
300000003738263,AP_PAYMENT_TERMS,0,BU
300000003738263,HRA_PERFORMANCE_TEMPLATES,0,BU
300000003738263,QP_PRICING_RULES,0,BU
300000003738263,PJF_ACCOUNTING_DEFINITION,0,BU
300000003738263,PJF_RATES,0,BU
300000003738263,AR_ACCOUNTING_RULES,0,BU
300000003738263,AR_AGING_BUCKETS,0,BU
300000003738263,AR_APP_EXCEPTION_RULES,0,BU
300000003738263,AR_AUTOCASH_RULES,0,BU
300000003738263,AR_AUTOMATCH_RULES,0,BU
300000003738263,AR_COLLECTORS,0,BU
300000003738263,AR_LOCKBOX,0,BU
300000003738263,AR_MEMO_LINES,0,BU
300000003738263,AR_PAYMENT_TERMS,0,BU
300000003738263,AR_REMIT_TO_ADDRESS,0,BU
300000003738263,AR_REVENUE_CONTINGENCIES,0,BU
300000003738263,AR_TRANSACTION_SOURCE,0,BU
300000003738263,AR_TRANSACTION_TYPE,0,BU
300000003738263,VRM_REVENUE_POLICIES,0,BU
300000003738263,VRM_REVENUE_RULES,0,BU
300000003738263,MOO_SALES_METHODS,0,BU
300000003738263,HZ_SALES_PERSON,0,BU
300000003738263,MOO_SETID_REVN_CATEGORY,0,BU
300000003738263,MOO_SETID_REVENUE_TYPE,0,BU
300000003738263,MOO_STAGE_PHASE_CD,0,BU
300000003738263,SVC_SR_SEVERITIES,0,BU
300000003738263,ZBS_STATUS_LOOKUP_VALUES,0,BU
300000003738263,MOO_SETID_STRATEGIC_VALUE,0,BU
300000003738263,ZX_TAX_CLASSIFICATION_CODES,0,BU
300000003738263,MOO_SETID_WIN_LOSS_REASON,0,BU
300000003738289,PER_DEPARTMENTS,0,BU
300000003738289,IEX_DUNNING_PLANS,0,BU
300000003738289,MOO_SETID_DEAL_HORIZION,0,BU
300000003738289,FND_TREE_GROUP,0,BU
300000003738289,PER_GRADES,0,BU
300000003738289,HED_ADJ_CAL_SETID,0,BU
300000003738289,HED_DUE_DATE_CAL_SETID,0,BU
300000003738289,DOO_HOLD_CODES,0,BU
300000003738289,JA_CN_TRANSFER_RULE,0,BU
300000003738289,PER_JOBS,0,BU
300000003738289,CML_SETUPS,0,BU
300000003738289,MKL_LEAD_BUDGET_STATUS_SETID,0,BU
300000003738289,MKL_LEAD_CHANNEL_SETID,0,BU
300000003738289,ORA_MKL_LEAD_OPTOUT_RSN_SETID,0,BU
300000003738289,MKL_LEAD_RANK_SETID,0,BU
300000003738289,MKL_LEAD_REASSIGN_REASON_SETID,0,BU
300000003738289,MKL_REJECT_REASON_SETID,0,BU
300000003738289,MKL_RETIRE_REASON_CD_SETID,0,BU
300000003738289,MKL_LEAD_TIMELINE_SETID,0,BU
300000003738289,MOO_SETID_RISK_LEVEL,0,BU
300000003738289,PER_LOCATIONS,0,BU
300000003738289,MOW_ASSESS_TEMPL_GROUP,0,BU
300000003738289,MOO_SETID_ASSESS_OVRRIDE_RSN,0,BU
300000003738289,DOO_ORCHESTRATION_PROCESS,0,BU
300000003738289,AP_PAYMENT_TERMS,0,BU
300000003738289,HRA_PERFORMANCE_TEMPLATES,0,BU
300000003738289,QP_PRICING_RULES,0,BU
300000003738289,PJF_ACCOUNTING_DEFINITION,0,BU
300000003738289,PJF_RATES,0,BU
300000003738289,AR_ACCOUNTING_RULES,0,BU
300000003738289,AR_AGING_BUCKETS,0,BU
300000003738289,AR_APP_EXCEPTION_RULES,0,BU
300000003738289,AR_AUTOCASH_RULES,0,BU
300000003738289,AR_AUTOMATCH_RULES,0,BU
300000003738289,AR_COLLECTORS,0,BU
300000003738289,AR_LOCKBOX,0,BU
300000003738289,AR_MEMO_LINES,0,BU
300000003738289,AR_PAYMENT_TERMS,0,BU
300000003738289,AR_REMIT_TO_ADDRESS,0,BU
300000003738289,AR_REVENUE_CONTINGENCIES,0,BU
300000003738289,AR_TRANSACTION_SOURCE,0,BU
300000003738289,AR_TRANSACTION_TYPE,0,BU
300000003738289,VRM_REVENUE_POLICIES,0,BU
300000003738289,VRM_REVENUE_RULES,0,BU
300000003738289,MOO_SALES_METHODS,0,BU
300000003738289,HZ_SALES_PERSON,0,BU
300000003738289,MOO_SETID_REVN_CATEGORY,0,BU
300000003738289,MOO_SETID_REVENUE_TYPE,0,BU
300000003738289,MOO_STAGE_PHASE_CD,0,BU
300000003738289,SVC_SR_SEVERITIES,0,BU
300000003738289,ZBS_STATUS_LOOKUP_VALUES,0,BU
300000003738289,MOO_SETID_STRATEGIC_VALUE,0,BU
300000003738289,ZX_TAX_CLASSIFICATION_CODES,0,BU
300000003738289,MOO_SETID_WIN_LOSS_REASON,0,BU
300000003738332,AR_MEMO_LINES,0,BU
300000003738332,AR_PAYMENT_TERMS,0,BU
300000003738332,AR_REMIT_TO_ADDRESS,0,BU
300000003738332,AR_REVENUE_CONTINGENCIES,0,BU
300000003738332,AR_TRANSACTION_SOURCE,0,BU
300000003738332,AR_TRANSACTION_TYPE,0,BU
300000003738332,VRM_REVENUE_POLICIES,0,BU
300000003738332,VRM_REVENUE_RULES,0,BU
300000003738332,MOO_SALES_METHODS,0,BU
300000003738332,HZ_SALES_PERSON,0,BU
300000003738332,MOO_SETID_REVN_CATEGORY,0,BU
300000003738332,MOO_SETID_REVENUE_TYPE,0,BU
300000003738332,MOO_STAGE_PHASE_CD,0,BU
300000003738332,SVC_SR_SEVERITIES,0,BU
300000003738332,ZBS_STATUS_LOOKUP_VALUES,0,BU
300000003738332,MOO_SETID_STRATEGIC_VALUE,0,BU
300000003738332,ZX_TAX_CLASSIFICATION_CODES,0,BU
300000003738332,MOO_SETID_WIN_LOSS_REASON,0,BU
300000003738358,OKC_APPLY_HOLD_REASONS,0,BU
300000003738358,OKC_CANCELLATION_REASONS,0,BU
300000003738358,CJM_ADJUSTMENT_TYPES,0,BU
300000003738358,CJM_CLAIM_CLASS_SOURCE_MAP,0,BU
300000003738358,CJM_CLAIM_TYPES,0,BU
300000003738358,CJM_CLAIM_REASONS,0,BU
300000003738358,OKC_CLOSE_REASONS,0,BU
300000003738358,IEX_COLLECTIONS_SETUPS,0,BU
300000003738358,OKC_CONTRACT_TYPES,0,BU
300000003738358,MOO_CRED_ALLOC_TEMPLATES,0,BU
300000003738315,AR_MEMO_LINES,0,BU
300000003738315,AR_PAYMENT_TERMS,0,BU
300000003738315,AR_REMIT_TO_ADDRESS,0,BU
300000003738315,AR_REVENUE_CONTINGENCIES,0,BU
300000003738315,AR_TRANSACTION_SOURCE,0,BU
300000003738315,AR_TRANSACTION_TYPE,0,BU
300000003738315,VRM_REVENUE_POLICIES,0,BU
300000003738315,VRM_REVENUE_RULES,0,BU
300000003738315,MOO_SALES_METHODS,0,BU
300000003738315,HZ_SALES_PERSON,0,BU
300000003738315,MOO_SETID_REVN_CATEGORY,0,BU
300000003738315,MOO_SETID_REVENUE_TYPE,0,BU
300000003738315,MOO_STAGE_PHASE_CD,0,BU
300000003738315,SVC_SR_SEVERITIES,0,BU
300000003738315,ZBS_STATUS_LOOKUP_VALUES,0,BU
300000003738315,MOO_SETID_STRATEGIC_VALUE,0,BU
300000003738315,ZX_TAX_CLASSIFICATION_CODES,0,BU
300000003738315,MOO_SETID_WIN_LOSS_REASON,0,BU
300000003738371,OKC_APPLY_HOLD_REASONS,0,BU
300000003738371,OKC_CANCELLATION_REASONS,0,BU
300000003738371,CJM_ADJUSTMENT_TYPES,0,BU
300000003738371,CJM_CLAIM_CLASS_SOURCE_MAP,0,BU
300000003738371,CJM_CLAIM_TYPES,0,BU
300000003738371,CJM_CLAIM_REASONS,0,BU
300000003738371,OKC_CLOSE_REASONS,0,BU
300000003738371,IEX_COLLECTIONS_SETUPS,0,BU
300000003738371,OKC_CONTRACT_TYPES,0,BU
300000003738371,MOO_CRED_ALLOC_TEMPLATES,0,BU
300000003738371,HZ_CUSTOMER_ACCOUNT_RELATION,0,BU
300000003738371,HZ_CUSTOMER_ACCOUNT_SITE,0,BU
300000003738371,MKL_DEAL_TYPE_SETID,0,BU
300000003738371,MOO_SETID_DECISION_LEVEL,0,BU
300000003738371,PER_DEPARTMENTS,0,BU
300000003738371,IEX_DUNNING_PLANS,0,BU
300000003738371,MOO_SETID_DEAL_HORIZION,0,BU
300000003738371,FND_TREE_GROUP,0,BU
300000003738371,PER_GRADES,0,BU
300000003738371,HED_ADJ_CAL_SETID,0,BU
300000003738371,HED_DUE_DATE_CAL_SETID,0,BU
300000003738371,DOO_HOLD_CODES,0,BU
300000003738371,JA_CN_TRANSFER_RULE,0,BU
300000003738371,PER_JOBS,0,BU
300000003738371,CML_SETUPS,0,BU
300000003738371,MKL_LEAD_BUDGET_STATUS_SETID,0,BU
300000003738371,MKL_LEAD_CHANNEL_SETID,0,BU
300000003738371,ORA_MKL_LEAD_OPTOUT_RSN_SETID,0,BU
300000003738371,MKL_LEAD_RANK_SETID,0,BU
300000003738371,MKL_LEAD_REASSIGN_REASON_SETID,0,BU
300000003738371,MKL_REJECT_REASON_SETID,0,BU
300000003738371,MKL_RETIRE_REASON_CD_SETID,0,BU
300000003738302,OKC_APPLY_HOLD_REASONS,0,BU
300000003738302,OKC_CANCELLATION_REASONS,0,BU
300000003738302,CJM_ADJUSTMENT_TYPES,0,BU
300000003738302,CJM_CLAIM_CLASS_SOURCE_MAP,0,BU
300000003738302,CJM_CLAIM_TYPES,0,BU
300000003738302,CJM_CLAIM_REASONS,0,BU
300000003738302,OKC_CLOSE_REASONS,0,BU
300000003738302,IEX_COLLECTIONS_SETUPS,0,BU
300000003738302,OKC_CONTRACT_TYPES,0,BU
300000003738302,MOO_CRED_ALLOC_TEMPLATES,0,BU
300000003738302,HZ_CUSTOMER_ACCOUNT_RELATION,0,BU
300000003738302,HZ_CUSTOMER_ACCOUNT_SITE,0,BU
300000003738302,MKL_DEAL_TYPE_SETID,0,BU
300000003738302,MOO_SETID_DECISION_LEVEL,0,BU
300000003738302,PER_DEPARTMENTS,0,BU
300000003738302,IEX_DUNNING_PLANS,0,BU
300000003738302,MOO_SETID_DEAL_HORIZION,0,BU
300000003738302,FND_TREE_GROUP,0,BU
300000003738302,PER_GRADES,0,BU
300000003738302,HED_ADJ_CAL_SETID,0,BU
300000003738302,HED_DUE_DATE_CAL_SETID,0,BU
300000003738302,DOO_HOLD_CODES,0,BU
300000003738302,JA_CN_TRANSFER_RULE,0,BU
300000003738302,PER_JOBS,0,BU
300000003738302,CML_SETUPS,0,BU
300000003738302,MKL_LEAD_BUDGET_STATUS_SETID,0,BU
300000003738302,MKL_LEAD_CHANNEL_SETID,0,BU
300000003738302,ORA_MKL_LEAD_OPTOUT_RSN_SETID,0,BU
300000003738302,MKL_LEAD_RANK_SETID,0,BU
300000003738302,MKL_LEAD_REASSIGN_REASON_SETID,0,BU
300000003738302,MKL_REJECT_REASON_SETID,0,BU
300000003738302,MKL_RETIRE_REASON_CD_SETID,0,BU
300000003738302,MKL_LEAD_TIMELINE_SETID,0,BU
300000003738302,MOO_SETID_RISK_LEVEL,0,BU
300000003738302,PER_LOCATIONS,0,BU
300000003738302,MOW_ASSESS_TEMPL_GROUP,0,BU
300000003738302,MOO_SETID_ASSESS_OVRRIDE_RSN,0,BU
300000003738302,DOO_ORCHESTRATION_PROCESS,0,BU
300000003738302,AP_PAYMENT_TERMS,0,BU
300000003738302,HRA_PERFORMANCE_TEMPLATES,0,BU
300000003738302,QP_PRICING_RULES,0,BU
300000003738302,PJF_ACCOUNTING_DEFINITION,0,BU
300000003738302,PJF_RATES,0,BU
300000003738302,AR_ACCOUNTING_RULES,0,BU
300000003738302,AR_AGING_BUCKETS,0,BU
300000003738302,AR_APP_EXCEPTION_RULES,0,BU
300000003738302,AR_AUTOCASH_RULES,0,BU
300000003738302,AR_AUTOMATCH_RULES,0,BU
300000003738302,AR_COLLECTORS,0,BU
300000003738302,AR_LOCKBOX,0,BU
300000003738315,OKC_APPLY_HOLD_REASONS,0,BU
300000003738315,OKC_CANCELLATION_REASONS,0,BU
300000003738315,CJM_ADJUSTMENT_TYPES,0,BU
300000003738315,CJM_CLAIM_CLASS_SOURCE_MAP,0,BU
300000003738315,CJM_CLAIM_TYPES,0,BU
300000003738315,CJM_CLAIM_REASONS,0,BU
300000003738315,OKC_CLOSE_REASONS,0,BU
300000003738315,IEX_COLLECTIONS_SETUPS,0,BU
300000003738315,OKC_CONTRACT_TYPES,0,BU
300000003738315,MOO_CRED_ALLOC_TEMPLATES,0,BU
300000003738315,HZ_CUSTOMER_ACCOUNT_RELATION,0,BU
300000003738315,HZ_CUSTOMER_ACCOUNT_SITE,0,BU
300000003738315,MKL_DEAL_TYPE_SETID,0,BU
300000003738315,MOO_SETID_DECISION_LEVEL,0,BU
300000003738315,PER_DEPARTMENTS,0,BU
300000003738315,IEX_DUNNING_PLANS,0,BU
300000003738315,MOO_SETID_DEAL_HORIZION,0,BU
300000003738315,FND_TREE_GROUP,0,BU
300000003738315,PER_GRADES,0,BU
300000003738315,HED_ADJ_CAL_SETID,0,BU
300000003738315,HED_DUE_DATE_CAL_SETID,0,BU
300000003738315,DOO_HOLD_CODES,0,BU
300000003738315,JA_CN_TRANSFER_RULE,0,BU
300000003738315,PER_JOBS,0,BU
300000003738315,CML_SETUPS,0,BU
300000003738315,MKL_LEAD_BUDGET_STATUS_SETID,0,BU
300000003738315,MKL_LEAD_CHANNEL_SETID,0,BU
300000003738315,ORA_MKL_LEAD_OPTOUT_RSN_SETID,0,BU
300000003738315,MKL_LEAD_RANK_SETID,0,BU
300000003738315,MKL_LEAD_REASSIGN_REASON_SETID,0,BU
300000003738315,MKL_REJECT_REASON_SETID,0,BU
300000003738315,MKL_RETIRE_REASON_CD_SETID,0,BU
300000003738315,MKL_LEAD_TIMELINE_SETID,0,BU
300000003738315,MOO_SETID_RISK_LEVEL,0,BU
300000003738315,PER_LOCATIONS,0,BU
300000003738315,MOW_ASSESS_TEMPL_GROUP,0,BU
300000003738315,MOO_SETID_ASSESS_OVRRIDE_RSN,0,BU
300000003738315,DOO_ORCHESTRATION_PROCESS,0,BU
300000003738315,AP_PAYMENT_TERMS,0,BU
300000003738315,HRA_PERFORMANCE_TEMPLATES,0,BU
300000003738315,QP_PRICING_RULES,0,BU
300000003738315,PJF_ACCOUNTING_DEFINITION,0,BU
300000003738315,PJF_RATES,0,BU
300000003738315,AR_ACCOUNTING_RULES,0,BU
300000003738315,AR_AGING_BUCKETS,0,BU
300000003738315,AR_APP_EXCEPTION_RULES,0,BU
300000003738315,AR_AUTOCASH_RULES,0,BU
300000003738315,AR_AUTOMATCH_RULES,0,BU
300000003738315,AR_COLLECTORS,0,BU
300000003738315,AR_LOCKBOX,0,BU
300000003738302,AR_MEMO_LINES,0,BU
300000003738302,AR_PAYMENT_TERMS,0,BU
300000003738302,AR_REMIT_TO_ADDRESS,0,BU
300000003738302,AR_REVENUE_CONTINGENCIES,0,BU
300000003738302,AR_TRANSACTION_SOURCE,0,BU
300000003738302,AR_TRANSACTION_TYPE,0,BU
300000003738302,VRM_REVENUE_POLICIES,0,BU
300000003738302,VRM_REVENUE_RULES,0,BU
300000003738302,MOO_SALES_METHODS,0,BU
300000003738302,HZ_SALES_PERSON,0,BU
300000003738302,MOO_SETID_REVN_CATEGORY,0,BU
300000003738302,MOO_SETID_REVENUE_TYPE,0,BU
300000003738302,MOO_STAGE_PHASE_CD,0,BU
300000003738302,SVC_SR_SEVERITIES,0,BU
300000003738302,ZBS_STATUS_LOOKUP_VALUES,0,BU
300000003738302,MOO_SETID_STRATEGIC_VALUE,0,BU
300000003738302,ZX_TAX_CLASSIFICATION_CODES,0,BU
300000003738302,MOO_SETID_WIN_LOSS_REASON,0,BU
300000003738345,OKC_APPLY_HOLD_REASONS,0,BU
300000003738345,OKC_CANCELLATION_REASONS,0,BU
300000003738345,CJM_ADJUSTMENT_TYPES,0,BU
300000003738345,CJM_CLAIM_CLASS_SOURCE_MAP,0,BU
300000003738345,CJM_CLAIM_TYPES,0,BU
300000003738345,CJM_CLAIM_REASONS,0,BU
300000003738345,OKC_CLOSE_REASONS,0,BU
300000003738345,IEX_COLLECTIONS_SETUPS,0,BU
300000003738345,OKC_CONTRACT_TYPES,0,BU
300000003738345,MOO_CRED_ALLOC_TEMPLATES,0,BU
300000003738345,HZ_CUSTOMER_ACCOUNT_RELATION,0,BU
300000003738345,HZ_CUSTOMER_ACCOUNT_SITE,0,BU
300000003738345,MKL_DEAL_TYPE_SETID,0,BU
300000003738345,MOO_SETID_DECISION_LEVEL,0,BU
300000003738345,PER_DEPARTMENTS,0,BU
300000003738345,IEX_DUNNING_PLANS,0,BU
300000003738345,MOO_SETID_DEAL_HORIZION,0,BU
300000003738345,FND_TREE_GROUP,0,BU
300000003738345,PER_GRADES,0,BU
300000003738345,HED_ADJ_CAL_SETID,0,BU
300000003738345,HED_DUE_DATE_CAL_SETID,0,BU
300000003738345,DOO_HOLD_CODES,0,BU
300000003738345,JA_CN_TRANSFER_RULE,0,BU
300000003738345,PER_JOBS,0,BU
300000003738345,CML_SETUPS,0,BU
300000003738345,MKL_LEAD_BUDGET_STATUS_SETID,0,BU
300000003738345,MKL_LEAD_CHANNEL_SETID,0,BU
300000003738345,ORA_MKL_LEAD_OPTOUT_RSN_SETID,0,BU
300000003738345,MKL_LEAD_RANK_SETID,0,BU
300000003738345,MKL_LEAD_REASSIGN_REASON_SETID,0,BU
300000003738345,MKL_REJECT_REASON_SETID,0,BU
300000003738345,MKL_RETIRE_REASON_CD_SETID,0,BU
300000003738345,MKL_LEAD_TIMELINE_SETID,0,BU
300000003738345,MOO_SETID_RISK_LEVEL,0,BU
300000003738345,PER_LOCATIONS,0,BU
300000003738345,MOW_ASSESS_TEMPL_GROUP,0,BU
300000003738345,MOO_SETID_ASSESS_OVRRIDE_RSN,0,BU
300000003738345,DOO_ORCHESTRATION_PROCESS,0,BU
300000003738345,AP_PAYMENT_TERMS,0,BU
300000003738345,HRA_PERFORMANCE_TEMPLATES,0,BU
300000003738345,QP_PRICING_RULES,0,BU
300000003738345,PJF_ACCOUNTING_DEFINITION,0,BU
300000003738345,PJF_RATES,0,BU
300000003738345,AR_ACCOUNTING_RULES,0,BU
300000003738345,AR_AGING_BUCKETS,0,BU
300000003738345,AR_APP_EXCEPTION_RULES,0,BU
300000003738345,AR_AUTOCASH_RULES,0,BU
300000003738345,AR_AUTOMATCH_RULES,0,BU
300000003738345,AR_COLLECTORS,0,BU
300000003738345,AR_LOCKBOX,0,BU
300000003738345,AR_MEMO_LINES,0,BU
300000003738345,AR_PAYMENT_TERMS,0,BU
300000003738345,AR_REMIT_TO_ADDRESS,0,BU
300000003738345,AR_REVENUE_CONTINGENCIES,0,BU
300000003738345,AR_TRANSACTION_SOURCE,0,BU
300000003738345,AR_TRANSACTION_TYPE,0,BU
300000003738345,VRM_REVENUE_POLICIES,0,BU
300000003738345,VRM_REVENUE_RULES,0,BU
300000003738345,MOO_SALES_METHODS,0,BU
300000003738345,HZ_SALES_PERSON,0,BU
300000003738345,MOO_SETID_REVN_CATEGORY,0,BU
300000003738345,MOO_SETID_REVENUE_TYPE,0,BU
300000003738345,MOO_STAGE_PHASE_CD,0,BU
300000003738345,SVC_SR_SEVERITIES,0,BU
300000003738345,ZBS_STATUS_LOOKUP_VALUES,0,BU
300000003738345,MOO_SETID_STRATEGIC_VALUE,0,BU
300000003738345,ZX_TAX_CLASSIFICATION_CODES,0,BU
300000003738345,MOO_SETID_WIN_LOSS_REASON,0,BU
300000003738358,MOO_SETID_REVENUE_TYPE,0,BU
300000003738358,MOO_STAGE_PHASE_CD,0,BU
300000003738358,SVC_SR_SEVERITIES,0,BU
300000003738358,ZBS_STATUS_LOOKUP_VALUES,0,BU
300000003738358,MOO_SETID_STRATEGIC_VALUE,0,BU
300000003738358,ZX_TAX_CLASSIFICATION_CODES,0,BU
300000003738358,MOO_SETID_WIN_LOSS_REASON,0,BU
300000003738371,MKL_LEAD_TIMELINE_SETID,0,BU
300000003738371,MOO_SETID_RISK_LEVEL,0,BU
300000003738371,PER_LOCATIONS,0,BU
300000003738371,MOW_ASSESS_TEMPL_GROUP,0,BU
300000003738371,MOO_SETID_ASSESS_OVRRIDE_RSN,0,BU
300000003738371,DOO_ORCHESTRATION_PROCESS,0,BU
300000003738371,AP_PAYMENT_TERMS,0,BU
300000003738358,HZ_CUSTOMER_ACCOUNT_RELATION,0,BU
300000003738358,HZ_CUSTOMER_ACCOUNT_SITE,0,BU
300000003738358,MKL_DEAL_TYPE_SETID,0,BU
300000003738358,MOO_SETID_DECISION_LEVEL,0,BU
300000003738358,PER_DEPARTMENTS,0,BU
300000003738358,IEX_DUNNING_PLANS,0,BU
300000003738358,MOO_SETID_DEAL_HORIZION,0,BU
300000003738358,FND_TREE_GROUP,0,BU
300000003738358,PER_GRADES,0,BU
300000003738358,HED_ADJ_CAL_SETID,0,BU
300000003738358,HED_DUE_DATE_CAL_SETID,0,BU
300000003738358,DOO_HOLD_CODES,0,BU
300000003738358,JA_CN_TRANSFER_RULE,0,BU
300000003738358,PER_JOBS,0,BU
300000003738358,CML_SETUPS,0,BU
300000003738358,MKL_LEAD_BUDGET_STATUS_SETID,0,BU
300000003738358,MKL_LEAD_CHANNEL_SETID,0,BU
300000003738358,ORA_MKL_LEAD_OPTOUT_RSN_SETID,0,BU
300000003738358,MKL_LEAD_RANK_SETID,0,BU
300000003738358,MKL_LEAD_REASSIGN_REASON_SETID,0,BU
300000003738358,MKL_REJECT_REASON_SETID,0,BU
300000003738358,MKL_RETIRE_REASON_CD_SETID,0,BU
300000003738358,MKL_LEAD_TIMELINE_SETID,0,BU
300000003738358,MOO_SETID_RISK_LEVEL,0,BU
300000003738358,PER_LOCATIONS,0,BU
300000003738358,MOW_ASSESS_TEMPL_GROUP,0,BU
300000003738358,MOO_SETID_ASSESS_OVRRIDE_RSN,0,BU
300000003738358,DOO_ORCHESTRATION_PROCESS,0,BU
300000003738358,AP_PAYMENT_TERMS,0,BU
300000003738358,HRA_PERFORMANCE_TEMPLATES,0,BU
300000003738358,QP_PRICING_RULES,0,BU
300000003738358,PJF_ACCOUNTING_DEFINITION,0,BU
300000003738358,PJF_RATES,0,BU
300000003738358,AR_ACCOUNTING_RULES,0,BU
300000003738358,AR_AGING_BUCKETS,0,BU
300000003738358,AR_APP_EXCEPTION_RULES,0,BU
300000003738358,AR_AUTOCASH_RULES,0,BU
300000003738358,AR_AUTOMATCH_RULES,0,BU
300000003738358,AR_COLLECTORS,0,BU
300000003738358,AR_LOCKBOX,0,BU
300000003738358,AR_MEMO_LINES,0,BU
300000003738358,AR_PAYMENT_TERMS,0,BU
300000003738358,AR_REMIT_TO_ADDRESS,0,BU
300000003738358,AR_REVENUE_CONTINGENCIES,0,BU
300000003738358,AR_TRANSACTION_SOURCE,0,BU
300000003738358,AR_TRANSACTION_TYPE,0,BU
300000003738358,VRM_REVENUE_POLICIES,0,BU
300000003738358,VRM_REVENUE_RULES,0,BU
300000003738358,MOO_SALES_METHODS,0,BU
300000003738358,HZ_SALES_PERSON,0,BU
300000003738358,MOO_SETID_REVN_CATEGORY,0,BU
300000003738332,OKC_APPLY_HOLD_REASONS,0,BU
300000003738332,OKC_CANCELLATION_REASONS,0,BU
300000003738332,CJM_ADJUSTMENT_TYPES,0,BU
300000003738332,CJM_CLAIM_CLASS_SOURCE_MAP,0,BU
300000003738332,CJM_CLAIM_TYPES,0,BU
300000003738332,CJM_CLAIM_REASONS,0,BU
300000003738332,OKC_CLOSE_REASONS,0,BU
300000003738332,IEX_COLLECTIONS_SETUPS,0,BU
300000003738332,OKC_CONTRACT_TYPES,0,BU
300000003738332,MOO_CRED_ALLOC_TEMPLATES,0,BU
300000003738332,HZ_CUSTOMER_ACCOUNT_RELATION,0,BU
300000003738332,HZ_CUSTOMER_ACCOUNT_SITE,0,BU
300000003738332,MKL_DEAL_TYPE_SETID,0,BU
300000003738332,MOO_SETID_DECISION_LEVEL,0,BU
300000003738332,PER_DEPARTMENTS,0,BU
300000003738332,IEX_DUNNING_PLANS,0,BU
300000003738332,MOO_SETID_DEAL_HORIZION,0,BU
300000003738332,FND_TREE_GROUP,0,BU
300000003738332,PER_GRADES,0,BU
300000003738332,HED_ADJ_CAL_SETID,0,BU
300000003738332,HED_DUE_DATE_CAL_SETID,0,BU
300000003738332,DOO_HOLD_CODES,0,BU
300000003738332,JA_CN_TRANSFER_RULE,0,BU
300000003738332,PER_JOBS,0,BU
300000003738332,CML_SETUPS,0,BU
300000003738332,MKL_LEAD_BUDGET_STATUS_SETID,0,BU
300000003738332,MKL_LEAD_CHANNEL_SETID,0,BU
300000003738332,ORA_MKL_LEAD_OPTOUT_RSN_SETID,0,BU
300000003738332,MKL_LEAD_RANK_SETID,0,BU
300000003738332,MKL_LEAD_REASSIGN_REASON_SETID,0,BU
300000003738332,MKL_REJECT_REASON_SETID,0,BU
300000003738332,MKL_RETIRE_REASON_CD_SETID,0,BU
300000003738332,MKL_LEAD_TIMELINE_SETID,0,BU
300000003738332,MOO_SETID_RISK_LEVEL,0,BU
300000003738332,PER_LOCATIONS,0,BU
300000003738332,MOW_ASSESS_TEMPL_GROUP,0,BU
300000003738332,MOO_SETID_ASSESS_OVRRIDE_RSN,0,BU
300000003738332,DOO_ORCHESTRATION_PROCESS,0,BU
300000003738332,AP_PAYMENT_TERMS,0,BU
300000003738332,HRA_PERFORMANCE_TEMPLATES,0,BU
300000003738332,QP_PRICING_RULES,0,BU
300000003738332,PJF_ACCOUNTING_DEFINITION,0,BU
300000003738332,PJF_RATES,0,BU
300000003738332,AR_ACCOUNTING_RULES,0,BU
300000003738332,AR_AGING_BUCKETS,0,BU
300000003738332,AR_APP_EXCEPTION_RULES,0,BU
300000003738332,AR_AUTOCASH_RULES,0,BU
300000003738332,AR_AUTOMATCH_RULES,0,BU
300000003738332,AR_COLLECTORS,0,BU
300000003738332,AR_LOCKBOX,0,BU
300000003738397,AR_MEMO_LINES,0,BU
300000003738397,AR_PAYMENT_TERMS,0,BU
300000003738397,AR_REMIT_TO_ADDRESS,0,BU
300000003738397,AR_REVENUE_CONTINGENCIES,0,BU
300000003738397,AR_TRANSACTION_SOURCE,0,BU
300000003738397,AR_TRANSACTION_TYPE,0,BU
300000003738397,VRM_REVENUE_POLICIES,0,BU
300000003738397,VRM_REVENUE_RULES,0,BU
300000003738397,MOO_SALES_METHODS,0,BU
300000003738397,HZ_SALES_PERSON,0,BU
300000003738397,MOO_SETID_REVN_CATEGORY,0,BU
300000003738397,MOO_SETID_REVENUE_TYPE,0,BU
300000003738397,MOO_STAGE_PHASE_CD,0,BU
300000003738397,SVC_SR_SEVERITIES,0,BU
300000003738397,ZBS_STATUS_LOOKUP_VALUES,0,BU
300000003738397,MOO_SETID_STRATEGIC_VALUE,0,BU
300000003738397,ZX_TAX_CLASSIFICATION_CODES,0,BU
300000003738397,MOO_SETID_WIN_LOSS_REASON,0,BU
300000003738436,PER_DEPARTMENTS,0,BU
300000003738436,IEX_DUNNING_PLANS,0,BU
300000003738436,MOO_SETID_DEAL_HORIZION,0,BU
300000003738436,FND_TREE_GROUP,0,BU
300000003738436,PER_GRADES,0,BU
300000003738436,HED_ADJ_CAL_SETID,0,BU
300000003738436,HED_DUE_DATE_CAL_SETID,0,BU
300000003738436,DOO_HOLD_CODES,0,BU
300000003738436,JA_CN_TRANSFER_RULE,0,BU
300000003738436,PER_JOBS,0,BU
300000003738436,CML_SETUPS,0,BU
300000003738436,MKL_LEAD_BUDGET_STATUS_SETID,0,BU
300000003738436,MKL_LEAD_CHANNEL_SETID,0,BU
300000003738436,ORA_MKL_LEAD_OPTOUT_RSN_SETID,0,BU
300000003738436,MKL_LEAD_RANK_SETID,0,BU
300000003738436,MKL_LEAD_REASSIGN_REASON_SETID,0,BU
300000003738436,MKL_REJECT_REASON_SETID,0,BU
300000003738436,MKL_RETIRE_REASON_CD_SETID,0,BU
300000003738436,MKL_LEAD_TIMELINE_SETID,0,BU
300000003738436,MOO_SETID_RISK_LEVEL,0,BU
300000003738436,PER_LOCATIONS,0,BU
300000003738436,MOW_ASSESS_TEMPL_GROUP,0,BU
300000003738436,MOO_SETID_ASSESS_OVRRIDE_RSN,0,BU
300000003738436,DOO_ORCHESTRATION_PROCESS,0,BU
300000003738436,AP_PAYMENT_TERMS,0,BU
300000003738436,HRA_PERFORMANCE_TEMPLATES,0,BU
300000003738436,QP_PRICING_RULES,0,BU
300000003738436,PJF_ACCOUNTING_DEFINITION,0,BU
300000003738436,PJF_RATES,0,BU
300000003738436,AR_ACCOUNTING_RULES,0,BU
300000003738436,AR_AGING_BUCKETS,0,BU
300000003738436,AR_APP_EXCEPTION_RULES,0,BU
300000003738410,JA_CN_TRANSFER_RULE,0,BU
300000003738410,PER_JOBS,0,BU
300000003738410,CML_SETUPS,0,BU
300000003738410,MKL_LEAD_BUDGET_STATUS_SETID,0,BU
300000003738410,MKL_LEAD_CHANNEL_SETID,0,BU
300000003738410,ORA_MKL_LEAD_OPTOUT_RSN_SETID,0,BU
300000003738410,MKL_LEAD_RANK_SETID,0,BU
300000003738410,MKL_LEAD_REASSIGN_REASON_SETID,0,BU
300000003738410,MKL_REJECT_REASON_SETID,0,BU
300000003738410,MKL_RETIRE_REASON_CD_SETID,0,BU
300000003738410,MKL_LEAD_TIMELINE_SETID,0,BU
300000003738410,MOO_SETID_RISK_LEVEL,0,BU
300000003738410,PER_LOCATIONS,0,BU
300000003738410,MOW_ASSESS_TEMPL_GROUP,0,BU
300000003738410,MOO_SETID_ASSESS_OVRRIDE_RSN,0,BU
300000003738410,DOO_ORCHESTRATION_PROCESS,0,BU
300000003738410,AP_PAYMENT_TERMS,0,BU
300000003738410,HRA_PERFORMANCE_TEMPLATES,0,BU
300000003738410,QP_PRICING_RULES,0,BU
300000003738410,PJF_ACCOUNTING_DEFINITION,0,BU
300000003738410,PJF_RATES,0,BU
300000003738410,AR_ACCOUNTING_RULES,0,BU
300000003738410,AR_AGING_BUCKETS,0,BU
300000003738410,AR_APP_EXCEPTION_RULES,0,BU
300000003738410,AR_AUTOCASH_RULES,0,BU
300000003738410,AR_AUTOMATCH_RULES,0,BU
300000003738410,AR_COLLECTORS,0,BU
300000003738410,AR_LOCKBOX,0,BU
300000003738410,AR_MEMO_LINES,0,BU
300000003738410,AR_PAYMENT_TERMS,0,BU
300000003738410,AR_REMIT_TO_ADDRESS,0,BU
300000003738410,AR_REVENUE_CONTINGENCIES,0,BU
300000003738410,AR_TRANSACTION_SOURCE,0,BU
300000003738410,AR_TRANSACTION_TYPE,0,BU
300000003738410,VRM_REVENUE_POLICIES,0,BU
300000003738410,VRM_REVENUE_RULES,0,BU
300000003738410,MOO_SALES_METHODS,0,BU
300000003738410,HZ_SALES_PERSON,0,BU
300000003738410,MOO_SETID_REVN_CATEGORY,0,BU
300000003738410,MOO_SETID_REVENUE_TYPE,0,BU
300000003738410,MOO_STAGE_PHASE_CD,0,BU
300000003738410,SVC_SR_SEVERITIES,0,BU
300000003738410,ZBS_STATUS_LOOKUP_VALUES,0,BU
300000003738410,MOO_SETID_STRATEGIC_VALUE,0,BU
300000003738410,ZX_TAX_CLASSIFICATION_CODES,0,BU
300000003738410,MOO_SETID_WIN_LOSS_REASON,0,BU
300000003738436,AR_AUTOCASH_RULES,0,BU
300000003738436,AR_AUTOMATCH_RULES,0,BU
300000003738436,AR_COLLECTORS,0,BU
300000003738436,AR_LOCKBOX,0,BU
300000003738436,AR_MEMO_LINES,0,BU
300000003738397,OKC_APPLY_HOLD_REASONS,0,BU
300000003738397,OKC_CANCELLATION_REASONS,0,BU
300000003738397,CJM_ADJUSTMENT_TYPES,0,BU
300000003738397,CJM_CLAIM_CLASS_SOURCE_MAP,0,BU
300000003738397,CJM_CLAIM_TYPES,0,BU
300000003738397,CJM_CLAIM_REASONS,0,BU
300000003738397,OKC_CLOSE_REASONS,0,BU
300000003738397,IEX_COLLECTIONS_SETUPS,0,BU
300000003738397,OKC_CONTRACT_TYPES,0,BU
300000003738397,MOO_CRED_ALLOC_TEMPLATES,0,BU
300000003738397,HZ_CUSTOMER_ACCOUNT_RELATION,0,BU
300000003738397,HZ_CUSTOMER_ACCOUNT_SITE,0,BU
300000003738397,MKL_DEAL_TYPE_SETID,0,BU
300000003738397,MOO_SETID_DECISION_LEVEL,0,BU
300000003738397,PER_DEPARTMENTS,0,BU
300000003738397,IEX_DUNNING_PLANS,0,BU
300000003738397,MOO_SETID_DEAL_HORIZION,0,BU
300000003738397,FND_TREE_GROUP,0,BU
300000003738397,PER_GRADES,0,BU
300000003738397,HED_ADJ_CAL_SETID,0,BU
300000003738397,HED_DUE_DATE_CAL_SETID,0,BU
300000003738397,DOO_HOLD_CODES,0,BU
300000003738397,JA_CN_TRANSFER_RULE,0,BU
300000003738397,PER_JOBS,0,BU
300000003738397,CML_SETUPS,0,BU
300000003738397,MKL_LEAD_BUDGET_STATUS_SETID,0,BU
300000003738397,MKL_LEAD_CHANNEL_SETID,0,BU
300000003738397,ORA_MKL_LEAD_OPTOUT_RSN_SETID,0,BU
300000003738397,MKL_LEAD_RANK_SETID,0,BU
300000003738397,MKL_LEAD_REASSIGN_REASON_SETID,0,BU
300000003738397,MKL_REJECT_REASON_SETID,0,BU
300000003738397,MKL_RETIRE_REASON_CD_SETID,0,BU
300000003738397,MKL_LEAD_TIMELINE_SETID,0,BU
300000003738397,MOO_SETID_RISK_LEVEL,0,BU
300000003738397,PER_LOCATIONS,0,BU
300000003738397,MOW_ASSESS_TEMPL_GROUP,0,BU
300000003738397,MOO_SETID_ASSESS_OVRRIDE_RSN,0,BU
300000003738397,DOO_ORCHESTRATION_PROCESS,0,BU
300000003738397,AP_PAYMENT_TERMS,0,BU
300000003738397,HRA_PERFORMANCE_TEMPLATES,0,BU
300000003738397,QP_PRICING_RULES,0,BU
300000003738397,PJF_ACCOUNTING_DEFINITION,0,BU
300000003738397,PJF_RATES,0,BU
300000003738397,AR_ACCOUNTING_RULES,0,BU
300000003738397,AR_AGING_BUCKETS,0,BU
300000003738397,AR_APP_EXCEPTION_RULES,0,BU
300000003738397,AR_AUTOCASH_RULES,0,BU
300000003738397,AR_AUTOMATCH_RULES,0,BU
300000003738397,AR_COLLECTORS,0,BU
300000003738397,AR_LOCKBOX,0,BU
300000003738384,OKC_APPLY_HOLD_REASONS,0,BU
300000003738384,OKC_CANCELLATION_REASONS,0,BU
300000003738384,CJM_ADJUSTMENT_TYPES,0,BU
300000003738384,CJM_CLAIM_CLASS_SOURCE_MAP,0,BU
300000003738384,CJM_CLAIM_TYPES,0,BU
300000003738384,CJM_CLAIM_REASONS,0,BU
300000003738384,OKC_CLOSE_REASONS,0,BU
300000003738384,IEX_COLLECTIONS_SETUPS,0,BU
300000003738384,OKC_CONTRACT_TYPES,0,BU
300000003738384,MOO_CRED_ALLOC_TEMPLATES,0,BU
300000003738384,HZ_CUSTOMER_ACCOUNT_RELATION,0,BU
300000003738384,HZ_CUSTOMER_ACCOUNT_SITE,0,BU
300000003738384,MKL_DEAL_TYPE_SETID,0,BU
300000003738384,MOO_SETID_DECISION_LEVEL,0,BU
300000003738384,PER_DEPARTMENTS,0,BU
300000003738384,IEX_DUNNING_PLANS,0,BU
300000003738384,MOO_SETID_DEAL_HORIZION,0,BU
300000003738384,FND_TREE_GROUP,0,BU
300000003738384,PER_GRADES,0,BU
300000003738384,HED_ADJ_CAL_SETID,0,BU
300000003738384,HED_DUE_DATE_CAL_SETID,0,BU
300000003738384,DOO_HOLD_CODES,0,BU
300000003738384,JA_CN_TRANSFER_RULE,0,BU
300000003738384,PER_JOBS,0,BU
300000003738384,CML_SETUPS,0,BU
300000003738384,MKL_LEAD_BUDGET_STATUS_SETID,0,BU
300000003738384,MKL_LEAD_CHANNEL_SETID,0,BU
300000003738384,ORA_MKL_LEAD_OPTOUT_RSN_SETID,0,BU
300000003738384,MKL_LEAD_RANK_SETID,0,BU
300000003738384,MKL_LEAD_REASSIGN_REASON_SETID,0,BU
300000003738384,MKL_REJECT_REASON_SETID,0,BU
300000003738384,MKL_RETIRE_REASON_CD_SETID,0,BU
300000003738384,MKL_LEAD_TIMELINE_SETID,0,BU
300000003738384,MOO_SETID_RISK_LEVEL,0,BU
300000003738384,PER_LOCATIONS,0,BU
300000003738384,MOW_ASSESS_TEMPL_GROUP,0,BU
300000003738384,MOO_SETID_ASSESS_OVRRIDE_RSN,0,BU
300000003738384,DOO_ORCHESTRATION_PROCESS,0,BU
300000003738384,AP_PAYMENT_TERMS,0,BU
300000003738384,HRA_PERFORMANCE_TEMPLATES,0,BU
300000003738384,QP_PRICING_RULES,0,BU
300000003738384,PJF_ACCOUNTING_DEFINITION,0,BU
300000003738384,PJF_RATES,0,BU
300000003738384,AR_ACCOUNTING_RULES,0,BU
300000003738384,AR_AGING_BUCKETS,0,BU
300000003738384,AR_APP_EXCEPTION_RULES,0,BU
300000003738384,AR_AUTOCASH_RULES,0,BU
300000003738384,AR_AUTOMATCH_RULES,0,BU
300000003738384,AR_COLLECTORS,0,BU
300000003738384,AR_LOCKBOX,0,BU
300000003738384,AR_MEMO_LINES,0,BU
300000003738384,AR_PAYMENT_TERMS,0,BU
300000003738384,AR_REMIT_TO_ADDRESS,0,BU
300000003738384,AR_REVENUE_CONTINGENCIES,0,BU
300000003738384,AR_TRANSACTION_SOURCE,0,BU
300000003738384,AR_TRANSACTION_TYPE,0,BU
300000003738384,VRM_REVENUE_POLICIES,0,BU
300000003738384,VRM_REVENUE_RULES,0,BU
300000003738384,MOO_SALES_METHODS,0,BU
300000003738384,HZ_SALES_PERSON,0,BU
300000003738384,MOO_SETID_REVN_CATEGORY,0,BU
300000003738384,MOO_SETID_REVENUE_TYPE,0,BU
300000003738384,MOO_STAGE_PHASE_CD,0,BU
300000003738384,SVC_SR_SEVERITIES,0,BU
300000003738384,ZBS_STATUS_LOOKUP_VALUES,0,BU
300000003738384,MOO_SETID_STRATEGIC_VALUE,0,BU
300000003738384,ZX_TAX_CLASSIFICATION_CODES,0,BU
300000003738384,MOO_SETID_WIN_LOSS_REASON,0,BU
300000003738423,OKC_APPLY_HOLD_REASONS,0,BU
300000003738423,OKC_CANCELLATION_REASONS,0,BU
300000003738423,CJM_ADJUSTMENT_TYPES,0,BU
300000003738423,CJM_CLAIM_CLASS_SOURCE_MAP,0,BU
300000003738423,CJM_CLAIM_TYPES,0,BU
300000003738423,CJM_CLAIM_REASONS,0,BU
300000003738423,OKC_CLOSE_REASONS,0,BU
300000003738423,IEX_COLLECTIONS_SETUPS,0,BU
300000003738423,OKC_CONTRACT_TYPES,0,BU
300000003738423,MOO_CRED_ALLOC_TEMPLATES,0,BU
300000003738423,HZ_CUSTOMER_ACCOUNT_RELATION,0,BU
300000003738423,HZ_CUSTOMER_ACCOUNT_SITE,0,BU
300000003738423,MKL_DEAL_TYPE_SETID,0,BU
300000003738423,MOO_SETID_DECISION_LEVEL,0,BU
300000003738423,PER_DEPARTMENTS,0,BU
300000003738423,IEX_DUNNING_PLANS,0,BU
300000003738423,MOO_SETID_DEAL_HORIZION,0,BU
300000003738423,FND_TREE_GROUP,0,BU
300000003738423,PER_GRADES,0,BU
300000003738423,HED_ADJ_CAL_SETID,0,BU
300000003738423,HED_DUE_DATE_CAL_SETID,0,BU
300000003738423,DOO_HOLD_CODES,0,BU
300000003738423,JA_CN_TRANSFER_RULE,0,BU
300000003738423,PER_JOBS,0,BU
300000003738423,CML_SETUPS,0,BU
300000003738423,MKL_LEAD_BUDGET_STATUS_SETID,0,BU
300000003738423,MKL_LEAD_CHANNEL_SETID,0,BU
300000003738423,ORA_MKL_LEAD_OPTOUT_RSN_SETID,0,BU
300000003738423,MKL_LEAD_RANK_SETID,0,BU
300000003738423,MKL_LEAD_REASSIGN_REASON_SETID,0,BU
300000003738423,MKL_REJECT_REASON_SETID,0,BU
300000003738423,MKL_RETIRE_REASON_CD_SETID,0,BU
300000003738423,MKL_LEAD_TIMELINE_SETID,0,BU
300000003738423,MOO_SETID_RISK_LEVEL,0,BU
300000003738423,PER_LOCATIONS,0,BU
300000003738423,MOW_ASSESS_TEMPL_GROUP,0,BU
300000003738423,MOO_SETID_ASSESS_OVRRIDE_RSN,0,BU
300000003738423,DOO_ORCHESTRATION_PROCESS,0,BU
300000003738423,AP_PAYMENT_TERMS,0,BU
300000003738423,HRA_PERFORMANCE_TEMPLATES,0,BU
300000003738423,QP_PRICING_RULES,0,BU
300000003738423,PJF_ACCOUNTING_DEFINITION,0,BU
300000003738423,PJF_RATES,0,BU
300000003738423,AR_ACCOUNTING_RULES,0,BU
300000003738423,AR_AGING_BUCKETS,0,BU
300000003738423,AR_APP_EXCEPTION_RULES,0,BU
300000003738423,AR_AUTOCASH_RULES,0,BU
300000003738423,AR_AUTOMATCH_RULES,0,BU
300000003738423,AR_COLLECTORS,0,BU
300000003738423,AR_LOCKBOX,0,BU
300000003738423,AR_MEMO_LINES,0,BU
300000003738423,AR_PAYMENT_TERMS,0,BU
300000003738423,AR_REMIT_TO_ADDRESS,0,BU
300000003738423,AR_REVENUE_CONTINGENCIES,0,BU
300000003738423,AR_TRANSACTION_SOURCE,0,BU
300000003738423,AR_TRANSACTION_TYPE,0,BU
300000003738423,VRM_REVENUE_POLICIES,0,BU
300000003738423,VRM_REVENUE_RULES,0,BU
300000003738423,MOO_SALES_METHODS,0,BU
300000003738423,HZ_SALES_PERSON,0,BU
300000003738423,MOO_SETID_REVN_CATEGORY,0,BU
300000003738423,MOO_SETID_REVENUE_TYPE,0,BU
300000003738423,MOO_STAGE_PHASE_CD,0,BU
300000003738423,SVC_SR_SEVERITIES,0,BU
300000003738423,ZBS_STATUS_LOOKUP_VALUES,0,BU
300000003738423,MOO_SETID_STRATEGIC_VALUE,0,BU
300000003738423,ZX_TAX_CLASSIFICATION_CODES,0,BU
300000003738423,MOO_SETID_WIN_LOSS_REASON,0,BU
300000003738436,OKC_APPLY_HOLD_REASONS,0,BU
300000003738436,OKC_CANCELLATION_REASONS,0,BU
300000003738436,CJM_ADJUSTMENT_TYPES,0,BU
300000003738436,CJM_CLAIM_CLASS_SOURCE_MAP,0,BU
300000003738436,CJM_CLAIM_TYPES,0,BU
300000003738436,CJM_CLAIM_REASONS,0,BU
300000003738436,OKC_CLOSE_REASONS,0,BU
300000003738436,IEX_COLLECTIONS_SETUPS,0,BU
300000003738436,OKC_CONTRACT_TYPES,0,BU
300000003738436,MOO_CRED_ALLOC_TEMPLATES,0,BU
300000003738436,HZ_CUSTOMER_ACCOUNT_RELATION,0,BU
300000003738436,HZ_CUSTOMER_ACCOUNT_SITE,0,BU
300000003738436,MKL_DEAL_TYPE_SETID,0,BU
300000003738436,MOO_SETID_DECISION_LEVEL,0,BU
300000003738371,HRA_PERFORMANCE_TEMPLATES,0,BU
300000003738371,QP_PRICING_RULES,0,BU
300000003738371,PJF_ACCOUNTING_DEFINITION,0,BU
300000003738371,PJF_RATES,0,BU
300000003738371,AR_ACCOUNTING_RULES,0,BU
300000003738371,AR_AGING_BUCKETS,0,BU
300000003738371,AR_APP_EXCEPTION_RULES,0,BU
300000003738371,AR_AUTOCASH_RULES,0,BU
300000003738371,AR_AUTOMATCH_RULES,0,BU
300000003738371,AR_COLLECTORS,0,BU
300000003738371,AR_LOCKBOX,0,BU
300000003738371,AR_MEMO_LINES,0,BU
300000003738371,AR_PAYMENT_TERMS,0,BU
300000003738371,AR_REMIT_TO_ADDRESS,0,BU
300000003738371,AR_REVENUE_CONTINGENCIES,0,BU
300000003738371,AR_TRANSACTION_SOURCE,0,BU
300000003738371,AR_TRANSACTION_TYPE,0,BU
300000003738371,VRM_REVENUE_POLICIES,0,BU
300000003738371,VRM_REVENUE_RULES,0,BU
300000003738371,MOO_SALES_METHODS,0,BU
300000003738371,HZ_SALES_PERSON,0,BU
300000003738371,MOO_SETID_REVN_CATEGORY,0,BU
300000003738371,MOO_SETID_REVENUE_TYPE,0,BU
300000003738371,MOO_STAGE_PHASE_CD,0,BU
300000003738371,SVC_SR_SEVERITIES,0,BU
300000003738371,ZBS_STATUS_LOOKUP_VALUES,0,BU
300000003738371,MOO_SETID_STRATEGIC_VALUE,0,BU
300000003738371,ZX_TAX_CLASSIFICATION_CODES,0,BU
300000003738371,MOO_SETID_WIN_LOSS_REASON,0,BU
300000003738410,OKC_APPLY_HOLD_REASONS,0,BU
300000003738410,OKC_CANCELLATION_REASONS,0,BU
300000003738410,CJM_ADJUSTMENT_TYPES,0,BU
300000003738410,CJM_CLAIM_CLASS_SOURCE_MAP,0,BU
300000003738410,CJM_CLAIM_TYPES,0,BU
300000003738410,CJM_CLAIM_REASONS,0,BU
300000003738410,OKC_CLOSE_REASONS,0,BU
300000003738410,IEX_COLLECTIONS_SETUPS,0,BU
300000003738410,OKC_CONTRACT_TYPES,0,BU
300000003738410,MOO_CRED_ALLOC_TEMPLATES,0,BU
300000003738410,HZ_CUSTOMER_ACCOUNT_RELATION,0,BU
300000003738410,HZ_CUSTOMER_ACCOUNT_SITE,0,BU
300000003738410,MKL_DEAL_TYPE_SETID,0,BU
300000003738410,MOO_SETID_DECISION_LEVEL,0,BU
300000003738410,PER_DEPARTMENTS,0,BU
300000003738410,IEX_DUNNING_PLANS,0,BU
300000003738410,MOO_SETID_DEAL_HORIZION,0,BU
300000003738410,FND_TREE_GROUP,0,BU
300000003738410,PER_GRADES,0,BU
300000003738410,HED_ADJ_CAL_SETID,0,BU
300000003738410,HED_DUE_DATE_CAL_SETID,0,BU
300000003738410,DOO_HOLD_CODES,0,BU
300000003738501,SVC_SR_SEVERITIES,0,BU
300000003738501,ZBS_STATUS_LOOKUP_VALUES,0,BU
300000003738501,MOO_SETID_STRATEGIC_VALUE,0,BU
300000003738501,ZX_TAX_CLASSIFICATION_CODES,0,BU
300000003738501,MOO_SETID_WIN_LOSS_REASON,0,BU
300000003738514,OKC_APPLY_HOLD_REASONS,0,BU
300000003738514,OKC_CANCELLATION_REASONS,0,BU
300000003738514,CJM_ADJUSTMENT_TYPES,0,BU
300000003738514,CJM_CLAIM_CLASS_SOURCE_MAP,0,BU
300000003738514,CJM_CLAIM_TYPES,0,BU
300000003738514,CJM_CLAIM_REASONS,0,BU
300000003738514,OKC_CLOSE_REASONS,0,BU
300000003738514,IEX_COLLECTIONS_SETUPS,0,BU
300000003738514,OKC_CONTRACT_TYPES,0,BU
300000003738514,MOO_CRED_ALLOC_TEMPLATES,0,BU
300000003738514,HZ_CUSTOMER_ACCOUNT_RELATION,0,BU
300000003738514,HZ_CUSTOMER_ACCOUNT_SITE,0,BU
300000003738514,MKL_DEAL_TYPE_SETID,0,BU
300000003738514,MOO_SETID_DECISION_LEVEL,0,BU
300000003738514,PER_DEPARTMENTS,0,BU
300000003738514,IEX_DUNNING_PLANS,0,BU
300000003738514,MOO_SETID_DEAL_HORIZION,0,BU
300000003738514,FND_TREE_GROUP,0,BU
300000003738514,PER_GRADES,0,BU
300000003738514,HED_ADJ_CAL_SETID,0,BU
300000003738514,HED_DUE_DATE_CAL_SETID,0,BU
300000003738514,DOO_HOLD_CODES,0,BU
300000003738514,JA_CN_TRANSFER_RULE,0,BU
300000003738514,PER_JOBS,0,BU
300000003738514,CML_SETUPS,0,BU
300000003738514,MKL_LEAD_BUDGET_STATUS_SETID,0,BU
300000003738514,MKL_LEAD_CHANNEL_SETID,0,BU
300000003738514,ORA_MKL_LEAD_OPTOUT_RSN_SETID,0,BU
300000003738514,MKL_LEAD_RANK_SETID,0,BU
300000003738514,MKL_LEAD_REASSIGN_REASON_SETID,0,BU
300000003738514,MKL_REJECT_REASON_SETID,0,BU
300000003738514,MKL_RETIRE_REASON_CD_SETID,0,BU
300000003738514,MKL_LEAD_TIMELINE_SETID,0,BU
300000003738514,MOO_SETID_RISK_LEVEL,0,BU
300000003738514,PER_LOCATIONS,0,BU
300000003738514,MOW_ASSESS_TEMPL_GROUP,0,BU
300000003738514,MOO_SETID_ASSESS_OVRRIDE_RSN,0,BU
300000003738514,DOO_ORCHESTRATION_PROCESS,0,BU
300000003738514,AP_PAYMENT_TERMS,0,BU
300000003738514,HRA_PERFORMANCE_TEMPLATES,0,BU
300000003738514,QP_PRICING_RULES,0,BU
300000003738514,PJF_ACCOUNTING_DEFINITION,0,BU
300000003738514,PJF_RATES,0,BU
300000003738514,AR_ACCOUNTING_RULES,0,BU
300000003738514,AR_AGING_BUCKETS,0,BU
300000003738475,IEX_DUNNING_PLANS,0,BU
300000003738475,MOO_SETID_DEAL_HORIZION,0,BU
300000003738475,FND_TREE_GROUP,0,BU
300000003738475,PER_GRADES,0,BU
300000003738475,HED_ADJ_CAL_SETID,0,BU
300000003738475,HED_DUE_DATE_CAL_SETID,0,BU
300000003738475,DOO_HOLD_CODES,0,BU
300000003738475,JA_CN_TRANSFER_RULE,0,BU
300000003738475,PER_JOBS,0,BU
300000003738475,CML_SETUPS,0,BU
300000003738475,MKL_LEAD_BUDGET_STATUS_SETID,0,BU
300000003738475,MKL_LEAD_CHANNEL_SETID,0,BU
300000003738475,ORA_MKL_LEAD_OPTOUT_RSN_SETID,0,BU
300000003738475,MKL_LEAD_RANK_SETID,0,BU
300000003738475,MKL_LEAD_REASSIGN_REASON_SETID,0,BU
300000003738475,MKL_REJECT_REASON_SETID,0,BU
300000003738475,MKL_RETIRE_REASON_CD_SETID,0,BU
300000003738475,MKL_LEAD_TIMELINE_SETID,0,BU
300000003738475,MOO_SETID_RISK_LEVEL,0,BU
300000003738475,PER_LOCATIONS,0,BU
300000003738475,MOW_ASSESS_TEMPL_GROUP,0,BU
300000003738475,MOO_SETID_ASSESS_OVRRIDE_RSN,0,BU
300000003738475,DOO_ORCHESTRATION_PROCESS,0,BU
300000003738475,AP_PAYMENT_TERMS,0,BU
300000003738475,HRA_PERFORMANCE_TEMPLATES,0,BU
300000003738475,QP_PRICING_RULES,0,BU
300000003738475,PJF_ACCOUNTING_DEFINITION,0,BU
300000003738475,PJF_RATES,0,BU
300000003738475,AR_ACCOUNTING_RULES,0,BU
300000003738475,AR_AGING_BUCKETS,0,BU
300000003738475,AR_APP_EXCEPTION_RULES,0,BU
300000003738475,AR_AUTOCASH_RULES,0,BU
300000003738475,AR_AUTOMATCH_RULES,0,BU
300000003738475,AR_COLLECTORS,0,BU
300000003738475,AR_LOCKBOX,0,BU
300000003738475,AR_MEMO_LINES,0,BU
300000003738475,AR_PAYMENT_TERMS,0,BU
300000003738475,AR_REMIT_TO_ADDRESS,0,BU
300000003738475,AR_REVENUE_CONTINGENCIES,0,BU
300000003738475,AR_TRANSACTION_SOURCE,0,BU
300000003738475,AR_TRANSACTION_TYPE,0,BU
300000003738475,VRM_REVENUE_POLICIES,0,BU
300000003738475,VRM_REVENUE_RULES,0,BU
300000003738475,MOO_SALES_METHODS,0,BU
300000003738475,HZ_SALES_PERSON,0,BU
300000003738475,MOO_SETID_REVN_CATEGORY,0,BU
300000003738475,MOO_SETID_REVENUE_TYPE,0,BU
300000003738475,MOO_STAGE_PHASE_CD,0,BU
300000003738475,SVC_SR_SEVERITIES,0,BU
300000003738475,ZBS_STATUS_LOOKUP_VALUES,0,BU
300000003738475,MOO_SETID_STRATEGIC_VALUE,0,BU
300000003738449,OKC_APPLY_HOLD_REASONS,0,BU
300000003738449,OKC_CANCELLATION_REASONS,0,BU
300000003738449,CJM_ADJUSTMENT_TYPES,0,BU
300000003738449,CJM_CLAIM_CLASS_SOURCE_MAP,0,BU
300000003738449,CJM_CLAIM_TYPES,0,BU
300000003738449,CJM_CLAIM_REASONS,0,BU
300000003738449,OKC_CLOSE_REASONS,0,BU
300000003738449,IEX_COLLECTIONS_SETUPS,0,BU
300000003738449,OKC_CONTRACT_TYPES,0,BU
300000003738449,MOO_CRED_ALLOC_TEMPLATES,0,BU
300000003738449,HZ_CUSTOMER_ACCOUNT_RELATION,0,BU
300000003738449,HZ_CUSTOMER_ACCOUNT_SITE,0,BU
300000003738449,MKL_DEAL_TYPE_SETID,0,BU
300000003738449,MOO_SETID_DECISION_LEVEL,0,BU
300000003738449,PER_DEPARTMENTS,0,BU
300000003738449,IEX_DUNNING_PLANS,0,BU
300000003738449,MOO_SETID_DEAL_HORIZION,0,BU
300000003738449,FND_TREE_GROUP,0,BU
300000003738449,PER_GRADES,0,BU
300000003738449,HED_ADJ_CAL_SETID,0,BU
300000003738449,HED_DUE_DATE_CAL_SETID,0,BU
300000003738449,DOO_HOLD_CODES,0,BU
300000003738449,JA_CN_TRANSFER_RULE,0,BU
300000003738449,PER_JOBS,0,BU
300000003738449,CML_SETUPS,0,BU
300000003738449,MKL_LEAD_BUDGET_STATUS_SETID,0,BU
300000003738449,MKL_LEAD_CHANNEL_SETID,0,BU
300000003738449,ORA_MKL_LEAD_OPTOUT_RSN_SETID,0,BU
300000003738449,MKL_LEAD_RANK_SETID,0,BU
300000003738449,MKL_LEAD_REASSIGN_REASON_SETID,0,BU
300000003738449,MKL_REJECT_REASON_SETID,0,BU
300000003738449,MKL_RETIRE_REASON_CD_SETID,0,BU
300000003738449,MKL_LEAD_TIMELINE_SETID,0,BU
300000003738449,MOO_SETID_RISK_LEVEL,0,BU
300000003738449,PER_LOCATIONS,0,BU
300000003738449,MOW_ASSESS_TEMPL_GROUP,0,BU
300000003738449,MOO_SETID_ASSESS_OVRRIDE_RSN,0,BU
300000003738449,DOO_ORCHESTRATION_PROCESS,0,BU
300000003738449,AP_PAYMENT_TERMS,0,BU
300000003738449,HRA_PERFORMANCE_TEMPLATES,0,BU
300000003738449,QP_PRICING_RULES,0,BU
300000003738449,PJF_ACCOUNTING_DEFINITION,0,BU
300000003738449,PJF_RATES,0,BU
300000003738449,AR_ACCOUNTING_RULES,0,BU
300000003738449,AR_AGING_BUCKETS,0,BU
300000003738449,AR_APP_EXCEPTION_RULES,0,BU
300000003738449,AR_AUTOCASH_RULES,0,BU
300000003738449,AR_AUTOMATCH_RULES,0,BU
300000003738449,AR_COLLECTORS,0,BU
300000003738449,AR_LOCKBOX,0,BU
300000003738449,AR_MEMO_LINES,0,BU
300000003738449,AR_PAYMENT_TERMS,0,BU
300000003738449,AR_REMIT_TO_ADDRESS,0,BU
300000003738449,AR_REVENUE_CONTINGENCIES,0,BU
300000003738449,AR_TRANSACTION_SOURCE,0,BU
300000003738449,AR_TRANSACTION_TYPE,0,BU
300000003738449,VRM_REVENUE_POLICIES,0,BU
300000003738449,VRM_REVENUE_RULES,0,BU
300000003738449,MOO_SALES_METHODS,0,BU
300000003738449,HZ_SALES_PERSON,0,BU
300000003738449,MOO_SETID_REVN_CATEGORY,0,BU
300000003738449,MOO_SETID_REVENUE_TYPE,0,BU
300000003738449,MOO_STAGE_PHASE_CD,0,BU
300000003738449,SVC_SR_SEVERITIES,0,BU
300000003738449,ZBS_STATUS_LOOKUP_VALUES,0,BU
300000003738449,MOO_SETID_STRATEGIC_VALUE,0,BU
300000003738449,ZX_TAX_CLASSIFICATION_CODES,0,BU
300000003738449,MOO_SETID_WIN_LOSS_REASON,0,BU
300000003738475,ZX_TAX_CLASSIFICATION_CODES,0,BU
300000003738475,MOO_SETID_WIN_LOSS_REASON,0,BU
300000003738488,OKC_APPLY_HOLD_REASONS,0,BU
300000003738488,OKC_CANCELLATION_REASONS,0,BU
300000003738488,CJM_ADJUSTMENT_TYPES,0,BU
300000003738488,CJM_CLAIM_CLASS_SOURCE_MAP,0,BU
300000003738488,CJM_CLAIM_TYPES,0,BU
300000003738488,CJM_CLAIM_REASONS,0,BU
300000003738488,OKC_CLOSE_REASONS,0,BU
300000003738488,IEX_COLLECTIONS_SETUPS,0,BU
300000003738488,OKC_CONTRACT_TYPES,0,BU
300000003738488,MOO_CRED_ALLOC_TEMPLATES,0,BU
300000003738488,HZ_CUSTOMER_ACCOUNT_RELATION,0,BU
300000003738488,HZ_CUSTOMER_ACCOUNT_SITE,0,BU
300000003738488,MKL_DEAL_TYPE_SETID,0,BU
300000003738488,MOO_SETID_DECISION_LEVEL,0,BU
300000003738488,PER_DEPARTMENTS,0,BU
300000003738488,IEX_DUNNING_PLANS,0,BU
300000003738488,MOO_SETID_DEAL_HORIZION,0,BU
300000003738488,FND_TREE_GROUP,0,BU
300000003738488,PER_GRADES,0,BU
300000003738488,HED_ADJ_CAL_SETID,0,BU
300000003738488,HED_DUE_DATE_CAL_SETID,0,BU
300000003738488,DOO_HOLD_CODES,0,BU
300000003738488,JA_CN_TRANSFER_RULE,0,BU
300000003738488,PER_JOBS,0,BU
300000003738488,CML_SETUPS,0,BU
300000003738488,MKL_LEAD_BUDGET_STATUS_SETID,0,BU
300000003738488,MKL_LEAD_CHANNEL_SETID,0,BU
300000003738488,ORA_MKL_LEAD_OPTOUT_RSN_SETID,0,BU
300000003738488,MKL_LEAD_RANK_SETID,0,BU
300000003738488,MKL_LEAD_REASSIGN_REASON_SETID,0,BU
300000003738488,MKL_REJECT_REASON_SETID,0,BU
300000003738488,MKL_RETIRE_REASON_CD_SETID,0,BU
300000003738488,MKL_LEAD_TIMELINE_SETID,0,BU
300000003738488,MOO_SETID_RISK_LEVEL,0,BU
300000003738488,PER_LOCATIONS,0,BU
300000003738488,MOW_ASSESS_TEMPL_GROUP,0,BU
300000003738488,MOO_SETID_ASSESS_OVRRIDE_RSN,0,BU
300000003738488,DOO_ORCHESTRATION_PROCESS,0,BU
300000003738488,AP_PAYMENT_TERMS,0,BU
300000003738488,HRA_PERFORMANCE_TEMPLATES,0,BU
300000003738488,QP_PRICING_RULES,0,BU
300000003738488,PJF_ACCOUNTING_DEFINITION,0,BU
300000003738488,PJF_RATES,0,BU
300000003738488,AR_ACCOUNTING_RULES,0,BU
300000003738488,AR_AGING_BUCKETS,0,BU
300000003738488,AR_APP_EXCEPTION_RULES,0,BU
300000003738488,AR_AUTOCASH_RULES,0,BU
300000003738488,AR_AUTOMATCH_RULES,0,BU
300000003738488,AR_COLLECTORS,0,BU
300000003738488,AR_LOCKBOX,0,BU
300000003738488,AR_MEMO_LINES,0,BU
300000003738488,AR_PAYMENT_TERMS,0,BU
300000003738488,AR_REMIT_TO_ADDRESS,0,BU
300000003738488,AR_REVENUE_CONTINGENCIES,0,BU
300000003738488,AR_TRANSACTION_SOURCE,0,BU
300000003738488,AR_TRANSACTION_TYPE,0,BU
300000003738488,VRM_REVENUE_POLICIES,0,BU
300000003738488,VRM_REVENUE_RULES,0,BU
300000003738488,MOO_SALES_METHODS,0,BU
300000003738488,HZ_SALES_PERSON,0,BU
300000003738488,MOO_SETID_REVN_CATEGORY,0,BU
300000003738488,MOO_SETID_REVENUE_TYPE,0,BU
300000003738488,MOO_STAGE_PHASE_CD,0,BU
300000003738488,SVC_SR_SEVERITIES,0,BU
300000003738488,ZBS_STATUS_LOOKUP_VALUES,0,BU
300000003738488,MOO_SETID_STRATEGIC_VALUE,0,BU
300000003738488,ZX_TAX_CLASSIFICATION_CODES,0,BU
300000003738488,MOO_SETID_WIN_LOSS_REASON,0,BU
300000003738501,OKC_APPLY_HOLD_REASONS,0,BU
300000003738501,OKC_CANCELLATION_REASONS,0,BU
300000003738501,CJM_ADJUSTMENT_TYPES,0,BU
300000003738501,CJM_CLAIM_CLASS_SOURCE_MAP,0,BU
300000003738501,CJM_CLAIM_TYPES,0,BU
300000003738501,CJM_CLAIM_REASONS,0,BU
300000003738501,OKC_CLOSE_REASONS,0,BU
300000003738501,IEX_COLLECTIONS_SETUPS,0,BU
300000003738501,OKC_CONTRACT_TYPES,0,BU
300000003738501,MOO_CRED_ALLOC_TEMPLATES,0,BU
300000003738501,HZ_CUSTOMER_ACCOUNT_RELATION,0,BU
300000003738501,HZ_CUSTOMER_ACCOUNT_SITE,0,BU
300000003738436,AR_PAYMENT_TERMS,0,BU
300000003738436,AR_REMIT_TO_ADDRESS,0,BU
300000003738436,AR_REVENUE_CONTINGENCIES,0,BU
300000003738436,AR_TRANSACTION_SOURCE,0,BU
300000003738436,AR_TRANSACTION_TYPE,0,BU
300000003738436,VRM_REVENUE_POLICIES,0,BU
300000003738436,VRM_REVENUE_RULES,0,BU
300000003738436,MOO_SALES_METHODS,0,BU
300000003738436,HZ_SALES_PERSON,0,BU
300000003738436,MOO_SETID_REVN_CATEGORY,0,BU
300000003738436,MOO_SETID_REVENUE_TYPE,0,BU
300000003738436,MOO_STAGE_PHASE_CD,0,BU
300000003738436,SVC_SR_SEVERITIES,0,BU
300000003738436,ZBS_STATUS_LOOKUP_VALUES,0,BU
300000003738436,MOO_SETID_STRATEGIC_VALUE,0,BU
300000003738436,ZX_TAX_CLASSIFICATION_CODES,0,BU
300000003738436,MOO_SETID_WIN_LOSS_REASON,0,BU
300000003738462,OKC_APPLY_HOLD_REASONS,0,BU
300000003738462,OKC_CANCELLATION_REASONS,0,BU
300000003738462,CJM_ADJUSTMENT_TYPES,0,BU
300000003738462,CJM_CLAIM_CLASS_SOURCE_MAP,0,BU
300000003738462,CJM_CLAIM_TYPES,0,BU
300000003738462,CJM_CLAIM_REASONS,0,BU
300000003738462,OKC_CLOSE_REASONS,0,BU
300000003738462,IEX_COLLECTIONS_SETUPS,0,BU
300000003738462,OKC_CONTRACT_TYPES,0,BU
300000003738462,MOO_CRED_ALLOC_TEMPLATES,0,BU
300000003738462,HZ_CUSTOMER_ACCOUNT_RELATION,0,BU
300000003738462,HZ_CUSTOMER_ACCOUNT_SITE,0,BU
300000003738462,MKL_DEAL_TYPE_SETID,0,BU
300000003738462,MOO_SETID_DECISION_LEVEL,0,BU
300000003738462,PER_DEPARTMENTS,0,BU
300000003738462,IEX_DUNNING_PLANS,0,BU
300000003738462,MOO_SETID_DEAL_HORIZION,0,BU
300000003738462,FND_TREE_GROUP,0,BU
300000003738462,PER_GRADES,0,BU
300000003738462,HED_ADJ_CAL_SETID,0,BU
300000003738462,HED_DUE_DATE_CAL_SETID,0,BU
300000003738462,DOO_HOLD_CODES,0,BU
300000003738462,JA_CN_TRANSFER_RULE,0,BU
300000003738462,PER_JOBS,0,BU
300000003738462,CML_SETUPS,0,BU
300000003738462,MKL_LEAD_BUDGET_STATUS_SETID,0,BU
300000003738462,MKL_LEAD_CHANNEL_SETID,0,BU
300000003738462,ORA_MKL_LEAD_OPTOUT_RSN_SETID,0,BU
300000003738462,MKL_LEAD_RANK_SETID,0,BU
300000003738462,MKL_LEAD_REASSIGN_REASON_SETID,0,BU
300000003738462,MKL_REJECT_REASON_SETID,0,BU
300000003738462,MKL_RETIRE_REASON_CD_SETID,0,BU
300000003738462,MKL_LEAD_TIMELINE_SETID,0,BU
300000003738462,MOO_SETID_RISK_LEVEL,0,BU
300000003738462,PER_LOCATIONS,0,BU
300000003738462,MOW_ASSESS_TEMPL_GROUP,0,BU
300000003738462,MOO_SETID_ASSESS_OVRRIDE_RSN,0,BU
300000003738462,DOO_ORCHESTRATION_PROCESS,0,BU
300000003738462,AP_PAYMENT_TERMS,0,BU
300000003738462,HRA_PERFORMANCE_TEMPLATES,0,BU
300000003738462,QP_PRICING_RULES,0,BU
300000003738462,PJF_ACCOUNTING_DEFINITION,0,BU
300000003738462,PJF_RATES,0,BU
300000003738462,AR_ACCOUNTING_RULES,0,BU
300000003738462,AR_AGING_BUCKETS,0,BU
300000003738462,AR_APP_EXCEPTION_RULES,0,BU
300000003738462,AR_AUTOCASH_RULES,0,BU
300000003738462,AR_AUTOMATCH_RULES,0,BU
300000003738462,AR_COLLECTORS,0,BU
300000003738462,AR_LOCKBOX,0,BU
300000003738462,AR_MEMO_LINES,0,BU
300000003738462,AR_PAYMENT_TERMS,0,BU
300000003738462,AR_REMIT_TO_ADDRESS,0,BU
300000003738462,AR_REVENUE_CONTINGENCIES,0,BU
300000003738462,AR_TRANSACTION_SOURCE,0,BU
300000003738462,AR_TRANSACTION_TYPE,0,BU
300000003738462,VRM_REVENUE_POLICIES,0,BU
300000003738462,VRM_REVENUE_RULES,0,BU
300000003738462,MOO_SALES_METHODS,0,BU
300000003738462,HZ_SALES_PERSON,0,BU
300000003738462,MOO_SETID_REVN_CATEGORY,0,BU
300000003738462,MOO_SETID_REVENUE_TYPE,0,BU
300000003738462,MOO_STAGE_PHASE_CD,0,BU
300000003738462,SVC_SR_SEVERITIES,0,BU
300000003738462,ZBS_STATUS_LOOKUP_VALUES,0,BU
300000003738462,MOO_SETID_STRATEGIC_VALUE,0,BU
300000003738462,ZX_TAX_CLASSIFICATION_CODES,0,BU
300000003738462,MOO_SETID_WIN_LOSS_REASON,0,BU
300000003738475,OKC_APPLY_HOLD_REASONS,0,BU
300000003738475,OKC_CANCELLATION_REASONS,0,BU
300000003738475,CJM_ADJUSTMENT_TYPES,0,BU
300000003738475,CJM_CLAIM_CLASS_SOURCE_MAP,0,BU
300000003738475,CJM_CLAIM_TYPES,0,BU
300000003738475,CJM_CLAIM_REASONS,0,BU
300000003738475,OKC_CLOSE_REASONS,0,BU
300000003738475,IEX_COLLECTIONS_SETUPS,0,BU
300000003738475,OKC_CONTRACT_TYPES,0,BU
300000003738475,MOO_CRED_ALLOC_TEMPLATES,0,BU
300000003738475,HZ_CUSTOMER_ACCOUNT_RELATION,0,BU
300000003738475,HZ_CUSTOMER_ACCOUNT_SITE,0,BU
300000003738475,MKL_DEAL_TYPE_SETID,0,BU
300000003738475,MOO_SETID_DECISION_LEVEL,0,BU
300000003738475,PER_DEPARTMENTS,0,BU
300000003738501,MKL_DEAL_TYPE_SETID,0,BU
300000003738501,MOO_SETID_DECISION_LEVEL,0,BU
300000003738501,PER_DEPARTMENTS,0,BU
300000003738501,IEX_DUNNING_PLANS,0,BU
300000003738501,MOO_SETID_DEAL_HORIZION,0,BU
300000003738501,FND_TREE_GROUP,0,BU
300000003738501,PER_GRADES,0,BU
300000003738501,HED_ADJ_CAL_SETID,0,BU
300000003738501,HED_DUE_DATE_CAL_SETID,0,BU
300000003738501,DOO_HOLD_CODES,0,BU
300000003738501,JA_CN_TRANSFER_RULE,0,BU
300000003738501,PER_JOBS,0,BU
300000003738501,CML_SETUPS,0,BU
300000003738501,MKL_LEAD_BUDGET_STATUS_SETID,0,BU
300000003738501,MKL_LEAD_CHANNEL_SETID,0,BU
300000003738501,ORA_MKL_LEAD_OPTOUT_RSN_SETID,0,BU
300000003738501,MKL_LEAD_RANK_SETID,0,BU
300000003738501,MKL_LEAD_REASSIGN_REASON_SETID,0,BU
300000003738501,MKL_REJECT_REASON_SETID,0,BU
300000003738501,MKL_RETIRE_REASON_CD_SETID,0,BU
300000003738501,MKL_LEAD_TIMELINE_SETID,0,BU
300000003738501,MOO_SETID_RISK_LEVEL,0,BU
300000003738501,PER_LOCATIONS,0,BU
300000003738501,MOW_ASSESS_TEMPL_GROUP,0,BU
300000003738501,MOO_SETID_ASSESS_OVRRIDE_RSN,0,BU
300000003738501,DOO_ORCHESTRATION_PROCESS,0,BU
300000003738501,AP_PAYMENT_TERMS,0,BU
300000003738501,HRA_PERFORMANCE_TEMPLATES,0,BU
300000003738501,QP_PRICING_RULES,0,BU
300000003738501,PJF_ACCOUNTING_DEFINITION,0,BU
300000003738501,PJF_RATES,0,BU
300000003738501,AR_ACCOUNTING_RULES,0,BU
300000003738501,AR_AGING_BUCKETS,0,BU
300000003738501,AR_APP_EXCEPTION_RULES,0,BU
300000003738501,AR_AUTOCASH_RULES,0,BU
300000003738501,AR_AUTOMATCH_RULES,0,BU
300000003738501,AR_COLLECTORS,0,BU
300000003738501,AR_LOCKBOX,0,BU
300000003738501,AR_MEMO_LINES,0,BU
300000003738501,AR_PAYMENT_TERMS,0,BU
300000003738501,AR_REMIT_TO_ADDRESS,0,BU
300000003738501,AR_REVENUE_CONTINGENCIES,0,BU
300000003738501,AR_TRANSACTION_SOURCE,0,BU
300000003738501,AR_TRANSACTION_TYPE,0,BU
300000003738501,VRM_REVENUE_POLICIES,0,BU
300000003738501,VRM_REVENUE_RULES,0,BU
300000003738501,MOO_SALES_METHODS,0,BU
300000003738501,HZ_SALES_PERSON,0,BU
300000003738501,MOO_SETID_REVN_CATEGORY,0,BU
300000003738501,MOO_SETID_REVENUE_TYPE,0,BU
300000003738501,MOO_STAGE_PHASE_CD,0,BU
300000009013059,MKL_LEAD_BUDGET_STATUS_SETID,0,BU
300000009013059,MKL_LEAD_CHANNEL_SETID,0,BU
300000009013059,ORA_MKL_LEAD_OPTOUT_RSN_SETID,0,BU
300000009013059,MKL_LEAD_RANK_SETID,0,BU
300000009013059,MKL_LEAD_REASSIGN_REASON_SETID,0,BU
300000009013059,MKL_REJECT_REASON_SETID,0,BU
300000009013059,MKL_RETIRE_REASON_CD_SETID,0,BU
300000009013059,MKL_LEAD_TIMELINE_SETID,0,BU
300000009013059,MOO_SETID_RISK_LEVEL,0,BU
300000009013059,PER_LOCATIONS,0,BU
300000009013059,MOW_ASSESS_TEMPL_GROUP,0,BU
300000009013059,MOO_SETID_ASSESS_OVRRIDE_RSN,0,BU
300000009013059,DOO_ORCHESTRATION_PROCESS,0,BU
300000009013059,AP_PAYMENT_TERMS,0,BU
300000009013059,HRA_PERFORMANCE_TEMPLATES,0,BU
300000009013059,QP_PRICING_RULES,0,BU
300000009013059,PJF_ACCOUNTING_DEFINITION,0,BU
300000009013059,PJF_RATES,0,BU
300000009013059,AR_ACCOUNTING_RULES,0,BU
300000009013059,AR_AGING_BUCKETS,0,BU
300000009013059,AR_APP_EXCEPTION_RULES,0,BU
300000009013059,AR_AUTOCASH_RULES,0,BU
300000009013059,AR_AUTOMATCH_RULES,0,BU
300000009013059,AR_COLLECTORS,0,BU
300000009013059,AR_LOCKBOX,0,BU
300000009013059,AR_MEMO_LINES,0,BU
300000009013059,AR_PAYMENT_TERMS,0,BU
300000009013059,AR_REMIT_TO_ADDRESS,0,BU
300000009013059,AR_REVENUE_CONTINGENCIES,0,BU
300000009013059,AR_TRANSACTION_SOURCE,0,BU
300000009013059,AR_TRANSACTION_TYPE,0,BU
300000009013059,VRM_REVENUE_POLICIES,0,BU
300000009013059,VRM_REVENUE_RULES,0,BU
300000009013059,MOO_SALES_METHODS,0,BU
300000009013059,HZ_SALES_PERSON,0,BU
300000009013059,MOO_SETID_REVN_CATEGORY,0,BU
300000009013059,MOO_SETID_REVENUE_TYPE,0,BU
300000009013059,MOO_STAGE_PHASE_CD,0,BU
300000009013059,SVC_SR_SEVERITIES,0,BU
300000009013059,ZBS_STATUS_LOOKUP_VALUES,0,BU
300000009013059,MOO_SETID_STRATEGIC_VALUE,0,BU
300000009013059,ZX_TAX_CLASSIFICATION_CODES,0,BU
300000009013059,MOO_SETID_WIN_LOSS_REASON,0,BU
300000003738540,MOO_SETID_REVENUE_TYPE,0,BU
300000003738540,MOO_STAGE_PHASE_CD,0,BU
300000003738540,SVC_SR_SEVERITIES,0,BU
300000003738540,ZBS_STATUS_LOOKUP_VALUES,0,BU
300000003738540,MOO_SETID_STRATEGIC_VALUE,0,BU
300000003738540,ZX_TAX_CLASSIFICATION_CODES,0,BU
300000003738540,MOO_SETID_WIN_LOSS_REASON,0,BU
300000003738553,OKC_APPLY_HOLD_REASONS,0,BU
300000003738553,OKC_CANCELLATION_REASONS,0,BU
300000003738553,CJM_ADJUSTMENT_TYPES,0,BU
300000003738553,CJM_CLAIM_CLASS_SOURCE_MAP,0,BU
300000003738553,CJM_CLAIM_TYPES,0,BU
300000003738553,CJM_CLAIM_REASONS,0,BU
300000003738553,OKC_CLOSE_REASONS,0,BU
300000003738553,IEX_COLLECTIONS_SETUPS,0,BU
300000003738553,OKC_CONTRACT_TYPES,0,BU
300000003738553,MOO_CRED_ALLOC_TEMPLATES,0,BU
300000003738553,HZ_CUSTOMER_ACCOUNT_RELATION,0,BU
300000003738553,HZ_CUSTOMER_ACCOUNT_SITE,0,BU
300000003738553,MKL_DEAL_TYPE_SETID,0,BU
300000003738553,MOO_SETID_DECISION_LEVEL,0,BU
300000003738553,PER_DEPARTMENTS,0,BU
300000003738553,IEX_DUNNING_PLANS,0,BU
300000003738553,MOO_SETID_DEAL_HORIZION,0,BU
300000003738553,FND_TREE_GROUP,0,BU
300000003738553,PER_GRADES,0,BU
300000003738553,HED_ADJ_CAL_SETID,0,BU
300000003738553,HED_DUE_DATE_CAL_SETID,0,BU
300000003738553,DOO_HOLD_CODES,0,BU
300000003738553,JA_CN_TRANSFER_RULE,0,BU
300000003738553,PER_JOBS,0,BU
300000003738553,CML_SETUPS,0,BU
300000003738553,MKL_LEAD_BUDGET_STATUS_SETID,0,BU
300000003738553,MKL_LEAD_CHANNEL_SETID,0,BU
300000003738553,ORA_MKL_LEAD_OPTOUT_RSN_SETID,0,BU
300000003738553,MKL_LEAD_RANK_SETID,0,BU
300000003738553,MKL_LEAD_REASSIGN_REASON_SETID,0,BU
300000003738553,MKL_REJECT_REASON_SETID,0,BU
300000003738553,MKL_RETIRE_REASON_CD_SETID,0,BU
300000003738553,MKL_LEAD_TIMELINE_SETID,0,BU
300000003738553,MOO_SETID_RISK_LEVEL,0,BU
300000003738553,PER_LOCATIONS,0,BU
300000003738553,MOW_ASSESS_TEMPL_GROUP,0,BU
300000003738553,MOO_SETID_ASSESS_OVRRIDE_RSN,0,BU
300000003738553,DOO_ORCHESTRATION_PROCESS,0,BU
300000003738553,AP_PAYMENT_TERMS,0,BU
300000003738553,HRA_PERFORMANCE_TEMPLATES,0,BU
300000003738553,QP_PRICING_RULES,0,BU
300000003738553,PJF_ACCOUNTING_DEFINITION,0,BU
300000003738553,PJF_RATES,0,BU
300000031171029,OKC_APPLY_HOLD_REASONS,0,BU
300000031171029,OKC_CANCELLATION_REASONS,0,BU
300000031171029,CJM_ADJUSTMENT_TYPES,0,BU
300000031171029,CJM_CLAIM_CLASS_SOURCE_MAP,0,BU
300000031171029,CJM_CLAIM_TYPES,0,BU
300000031171029,CJM_CLAIM_REASONS,0,BU
300000031171029,OKC_CLOSE_REASONS,0,BU
300000031171029,IEX_COLLECTIONS_SETUPS,0,BU
300000031171029,OKC_CONTRACT_TYPES,0,BU
300000031171029,MOO_CRED_ALLOC_TEMPLATES,0,BU
300000031171029,HZ_CUSTOMER_ACCOUNT_RELATION,0,BU
300000031171029,HZ_CUSTOMER_ACCOUNT_SITE,0,BU
300000031171029,MKL_DEAL_TYPE_SETID,0,BU
300000031171029,MOO_SETID_DECISION_LEVEL,0,BU
300000031171029,PER_DEPARTMENTS,300000031170032,BU
300000031171029,IEX_DUNNING_PLANS,0,BU
300000031171029,MOO_SETID_DEAL_HORIZION,0,BU
300000031171029,FND_TREE_GROUP,0,BU
300000031171029,PER_GRADES,300000031170032,BU
300000031171029,HED_ADJ_CAL_SETID,0,BU
300000031171029,HED_DUE_DATE_CAL_SETID,0,BU
300000031171029,DOO_HOLD_CODES,0,BU
300000031171029,JA_CN_TRANSFER_RULE,0,BU
300000031171029,PER_JOBS,300000031170032,BU
300000031171029,CML_SETUPS,0,BU
300000031171029,MKL_LEAD_BUDGET_STATUS_SETID,0,BU
300000031171029,MKL_LEAD_CHANNEL_SETID,0,BU
300000031171029,ORA_MKL_LEAD_OPTOUT_RSN_SETID,0,BU
300000031171029,MKL_LEAD_RANK_SETID,0,BU
300000031171029,MKL_LEAD_REASSIGN_REASON_SETID,0,BU
300000031171029,MKL_REJECT_REASON_SETID,0,BU
300000003738540,HZ_CUSTOMER_ACCOUNT_RELATION,0,BU
300000003738540,HZ_CUSTOMER_ACCOUNT_SITE,0,BU
300000003738540,MKL_DEAL_TYPE_SETID,0,BU
300000003738540,MOO_SETID_DECISION_LEVEL,0,BU
300000003738540,PER_DEPARTMENTS,0,BU
300000003738540,IEX_DUNNING_PLANS,0,BU
300000003738540,MOO_SETID_DEAL_HORIZION,0,BU
300000003738540,FND_TREE_GROUP,0,BU
300000003738540,PER_GRADES,0,BU
300000003738540,HED_ADJ_CAL_SETID,0,BU
300000003738540,HED_DUE_DATE_CAL_SETID,0,BU
300000003738540,DOO_HOLD_CODES,0,BU
300000003738540,JA_CN_TRANSFER_RULE,0,BU
300000003738540,PER_JOBS,0,BU
300000003738540,CML_SETUPS,0,BU
300000003738540,MKL_LEAD_BUDGET_STATUS_SETID,0,BU
300000003738540,MKL_LEAD_CHANNEL_SETID,0,BU
300000003738540,ORA_MKL_LEAD_OPTOUT_RSN_SETID,0,BU
300000003738540,MKL_LEAD_RANK_SETID,0,BU
300000003738540,MKL_LEAD_REASSIGN_REASON_SETID,0,BU
300000003738540,MKL_REJECT_REASON_SETID,0,BU
300000003738540,MKL_RETIRE_REASON_CD_SETID,0,BU
300000003738540,MKL_LEAD_TIMELINE_SETID,0,BU
300000003738540,MOO_SETID_RISK_LEVEL,0,BU
300000003738540,PER_LOCATIONS,0,BU
300000003738540,MOW_ASSESS_TEMPL_GROUP,0,BU
300000003738540,MOO_SETID_ASSESS_OVRRIDE_RSN,0,BU
300000003738540,DOO_ORCHESTRATION_PROCESS,0,BU
300000003738540,AP_PAYMENT_TERMS,0,BU
300000003738540,HRA_PERFORMANCE_TEMPLATES,0,BU
300000003738540,QP_PRICING_RULES,0,BU
300000003738540,PJF_ACCOUNTING_DEFINITION,0,BU
300000003738540,PJF_RATES,0,BU
300000003738540,AR_ACCOUNTING_RULES,0,BU
300000003738540,AR_AGING_BUCKETS,0,BU
300000003738540,AR_APP_EXCEPTION_RULES,0,BU
300000003738540,AR_AUTOCASH_RULES,0,BU
300000003738540,AR_AUTOMATCH_RULES,0,BU
300000003738540,AR_COLLECTORS,0,BU
300000003738540,AR_LOCKBOX,0,BU
300000003738540,AR_MEMO_LINES,0,BU
300000003738540,AR_PAYMENT_TERMS,0,BU
300000003738540,AR_REMIT_TO_ADDRESS,0,BU
300000003738540,AR_REVENUE_CONTINGENCIES,0,BU
300000003738540,AR_TRANSACTION_SOURCE,0,BU
300000003738540,AR_TRANSACTION_TYPE,0,BU
300000003738540,VRM_REVENUE_POLICIES,0,BU
300000003738540,VRM_REVENUE_RULES,0,BU
300000003738540,MOO_SALES_METHODS,0,BU
300000003738540,HZ_SALES_PERSON,0,BU
300000003738540,MOO_SETID_REVN_CATEGORY,0,BU
300000003738527,MKL_LEAD_RANK_SETID,0,BU
300000003738527,MKL_LEAD_REASSIGN_REASON_SETID,0,BU
300000003738527,MKL_REJECT_REASON_SETID,0,BU
300000003738527,MKL_RETIRE_REASON_CD_SETID,0,BU
300000003738527,MKL_LEAD_TIMELINE_SETID,0,BU
300000003738527,MOO_SETID_RISK_LEVEL,0,BU
300000003738527,PER_LOCATIONS,0,BU
300000003738527,MOW_ASSESS_TEMPL_GROUP,0,BU
300000003738527,MOO_SETID_ASSESS_OVRRIDE_RSN,0,BU
300000003738527,DOO_ORCHESTRATION_PROCESS,0,BU
300000003738527,AP_PAYMENT_TERMS,0,BU
300000003738527,HRA_PERFORMANCE_TEMPLATES,0,BU
300000003738527,QP_PRICING_RULES,0,BU
300000003738527,PJF_ACCOUNTING_DEFINITION,0,BU
300000003738527,PJF_RATES,0,BU
300000003738527,AR_ACCOUNTING_RULES,0,BU
300000003738527,AR_AGING_BUCKETS,0,BU
300000003738527,AR_APP_EXCEPTION_RULES,0,BU
300000003738527,AR_AUTOCASH_RULES,0,BU
300000003738527,AR_AUTOMATCH_RULES,0,BU
300000003738527,AR_COLLECTORS,0,BU
300000003738527,AR_LOCKBOX,0,BU
300000003738527,AR_MEMO_LINES,0,BU
300000003738527,AR_PAYMENT_TERMS,0,BU
300000003738527,AR_REMIT_TO_ADDRESS,0,BU
300000003738527,AR_REVENUE_CONTINGENCIES,0,BU
300000003738527,AR_TRANSACTION_SOURCE,0,BU
300000003738527,AR_TRANSACTION_TYPE,0,BU
300000003738527,VRM_REVENUE_POLICIES,0,BU
300000003738527,VRM_REVENUE_RULES,0,BU
300000003738527,MOO_SALES_METHODS,0,BU
300000003738527,HZ_SALES_PERSON,0,BU
300000003738527,MOO_SETID_REVN_CATEGORY,0,BU
300000003738527,MOO_SETID_REVENUE_TYPE,0,BU
300000003738527,MOO_STAGE_PHASE_CD,0,BU
300000003738527,SVC_SR_SEVERITIES,0,BU
300000003738527,ZBS_STATUS_LOOKUP_VALUES,0,BU
300000003738527,MOO_SETID_STRATEGIC_VALUE,0,BU
300000003738527,ZX_TAX_CLASSIFICATION_CODES,0,BU
300000003738527,MOO_SETID_WIN_LOSS_REASON,0,BU
300000003738540,OKC_APPLY_HOLD_REASONS,0,BU
300000003738540,OKC_CANCELLATION_REASONS,0,BU
300000003738540,CJM_ADJUSTMENT_TYPES,0,BU
300000003738540,CJM_CLAIM_CLASS_SOURCE_MAP,0,BU
300000003738540,CJM_CLAIM_TYPES,0,BU
300000003738540,CJM_CLAIM_REASONS,0,BU
300000003738540,OKC_CLOSE_REASONS,0,BU
300000003738540,IEX_COLLECTIONS_SETUPS,0,BU
300000003738540,OKC_CONTRACT_TYPES,0,BU
300000003738540,MOO_CRED_ALLOC_TEMPLATES,0,BU
300000003738514,AR_APP_EXCEPTION_RULES,0,BU
300000003738514,AR_AUTOCASH_RULES,0,BU
300000003738514,AR_AUTOMATCH_RULES,0,BU
300000003738514,AR_COLLECTORS,0,BU
300000003738514,AR_LOCKBOX,0,BU
300000003738514,AR_MEMO_LINES,0,BU
300000003738514,AR_PAYMENT_TERMS,0,BU
300000003738514,AR_REMIT_TO_ADDRESS,0,BU
300000003738514,AR_REVENUE_CONTINGENCIES,0,BU
300000003738514,AR_TRANSACTION_SOURCE,0,BU
300000003738514,AR_TRANSACTION_TYPE,0,BU
300000003738514,VRM_REVENUE_POLICIES,0,BU
300000003738514,VRM_REVENUE_RULES,0,BU
300000003738514,MOO_SALES_METHODS,0,BU
300000003738514,HZ_SALES_PERSON,0,BU
300000003738514,MOO_SETID_REVN_CATEGORY,0,BU
300000003738514,MOO_SETID_REVENUE_TYPE,0,BU
300000003738514,MOO_STAGE_PHASE_CD,0,BU
300000003738514,SVC_SR_SEVERITIES,0,BU
300000003738514,ZBS_STATUS_LOOKUP_VALUES,0,BU
300000003738514,MOO_SETID_STRATEGIC_VALUE,0,BU
300000003738514,ZX_TAX_CLASSIFICATION_CODES,0,BU
300000003738514,MOO_SETID_WIN_LOSS_REASON,0,BU
300000003738527,OKC_APPLY_HOLD_REASONS,0,BU
300000003738527,OKC_CANCELLATION_REASONS,0,BU
300000003738527,CJM_ADJUSTMENT_TYPES,0,BU
300000003738527,CJM_CLAIM_CLASS_SOURCE_MAP,0,BU
300000003738527,CJM_CLAIM_TYPES,0,BU
300000003738527,CJM_CLAIM_REASONS,0,BU
300000003738527,OKC_CLOSE_REASONS,0,BU
300000003738527,IEX_COLLECTIONS_SETUPS,0,BU
300000003738527,OKC_CONTRACT_TYPES,0,BU
300000003738527,MOO_CRED_ALLOC_TEMPLATES,0,BU
300000003738527,HZ_CUSTOMER_ACCOUNT_RELATION,0,BU
300000003738527,HZ_CUSTOMER_ACCOUNT_SITE,0,BU
300000003738527,MKL_DEAL_TYPE_SETID,0,BU
300000003738527,MOO_SETID_DECISION_LEVEL,0,BU
300000003738527,PER_DEPARTMENTS,0,BU
300000003738527,IEX_DUNNING_PLANS,0,BU
300000003738527,MOO_SETID_DEAL_HORIZION,0,BU
300000003738527,FND_TREE_GROUP,0,BU
300000003738527,PER_GRADES,0,BU
300000003738527,HED_ADJ_CAL_SETID,0,BU
300000003738527,HED_DUE_DATE_CAL_SETID,0,BU
300000003738527,DOO_HOLD_CODES,0,BU
300000003738527,JA_CN_TRANSFER_RULE,0,BU
300000003738527,PER_JOBS,0,BU
300000003738527,CML_SETUPS,0,BU
300000003738527,MKL_LEAD_BUDGET_STATUS_SETID,0,BU
300000003738527,MKL_LEAD_CHANNEL_SETID,0,BU
300000003738527,ORA_MKL_LEAD_OPTOUT_RSN_SETID,0,BU
300000003738553,AR_ACCOUNTING_RULES,0,BU
300000003738553,AR_AGING_BUCKETS,0,BU
300000003738553,AR_APP_EXCEPTION_RULES,0,BU
300000003738553,AR_AUTOCASH_RULES,0,BU
300000003738553,AR_AUTOMATCH_RULES,0,BU
300000003738553,AR_COLLECTORS,0,BU
300000003738553,AR_LOCKBOX,0,BU
300000003738553,AR_MEMO_LINES,0,BU
300000003738553,AR_PAYMENT_TERMS,0,BU
300000003738553,AR_REMIT_TO_ADDRESS,0,BU
300000003738553,AR_REVENUE_CONTINGENCIES,0,BU
300000003738553,AR_TRANSACTION_SOURCE,0,BU
300000003738553,AR_TRANSACTION_TYPE,0,BU
300000003738553,VRM_REVENUE_POLICIES,0,BU
300000003738553,VRM_REVENUE_RULES,0,BU
300000003738553,MOO_SALES_METHODS,0,BU
300000003738553,HZ_SALES_PERSON,0,BU
300000003738553,MOO_SETID_REVN_CATEGORY,0,BU
300000003738553,MOO_SETID_REVENUE_TYPE,0,BU
300000003738553,MOO_STAGE_PHASE_CD,0,BU
300000003738553,SVC_SR_SEVERITIES,0,BU
300000003738553,ZBS_STATUS_LOOKUP_VALUES,0,BU
300000003738553,MOO_SETID_STRATEGIC_VALUE,0,BU
300000003738553,ZX_TAX_CLASSIFICATION_CODES,0,BU
300000003738553,MOO_SETID_WIN_LOSS_REASON,0,BU
300000009013059,OKC_APPLY_HOLD_REASONS,0,BU
300000009013059,OKC_CANCELLATION_REASONS,0,BU
300000009013059,CJM_ADJUSTMENT_TYPES,0,BU
300000009013059,CJM_CLAIM_CLASS_SOURCE_MAP,0,BU
300000009013059,CJM_CLAIM_TYPES,0,BU
300000009013059,CJM_CLAIM_REASONS,0,BU
300000009013059,OKC_CLOSE_REASONS,0,BU
300000009013059,IEX_COLLECTIONS_SETUPS,0,BU
300000009013059,OKC_CONTRACT_TYPES,0,BU
300000009013059,MOO_CRED_ALLOC_TEMPLATES,0,BU
300000009013059,HZ_CUSTOMER_ACCOUNT_RELATION,0,BU
300000009013059,HZ_CUSTOMER_ACCOUNT_SITE,0,BU
300000009013059,MKL_DEAL_TYPE_SETID,0,BU
300000009013059,MOO_SETID_DECISION_LEVEL,0,BU
300000009013059,PER_DEPARTMENTS,0,BU
300000009013059,IEX_DUNNING_PLANS,0,BU
300000009013059,MOO_SETID_DEAL_HORIZION,0,BU
300000009013059,FND_TREE_GROUP,0,BU
300000009013059,PER_GRADES,0,BU
300000009013059,HED_ADJ_CAL_SETID,0,BU
300000009013059,HED_DUE_DATE_CAL_SETID,0,BU
300000009013059,DOO_HOLD_CODES,0,BU
300000009013059,JA_CN_TRANSFER_RULE,0,BU
300000009013059,PER_JOBS,0,BU
300000009013059,CML_SETUPS,0,BU
300000039651768,AR_TRANSACTION_TYPE,0,BU
300000039651768,VRM_REVENUE_POLICIES,0,BU
300000039651768,VRM_REVENUE_RULES,0,BU
300000039651768,MOO_SALES_METHODS,0,BU
300000039651768,HZ_SALES_PERSON,0,BU
300000039651768,MOO_SETID_REVN_CATEGORY,0,BU
300000039651768,MOO_SETID_REVENUE_TYPE,0,BU
300000039651768,MOO_STAGE_PHASE_CD,0,BU
300000039651768,SVC_SR_SEVERITIES,0,BU
300000039651768,ZBS_STATUS_LOOKUP_VALUES,0,BU
300000039651768,MOO_SETID_STRATEGIC_VALUE,0,BU
300000039651768,ZX_TAX_CLASSIFICATION_CODES,0,BU
300000039651768,MOO_SETID_WIN_LOSS_REASON,0,BU
300000031171029,MKL_RETIRE_REASON_CD_SETID,0,BU
300000031171029,MKL_LEAD_TIMELINE_SETID,0,BU
300000031171029,MOO_SETID_RISK_LEVEL,0,BU
300000031171029,PER_LOCATIONS,300000031170032,BU
300000031171029,MOW_ASSESS_TEMPL_GROUP,0,BU
300000031171029,MOO_SETID_ASSESS_OVRRIDE_RSN,0,BU
300000031171029,DOO_ORCHESTRATION_PROCESS,0,BU
300000031171029,AP_PAYMENT_TERMS,0,BU
300000031171029,HRA_PERFORMANCE_TEMPLATES,0,BU
300000031171029,QP_PRICING_RULES,0,BU
300000031171029,PJF_ACCOUNTING_DEFINITION,0,BU
300000031171029,PJF_RATES,0,BU
300000031171029,AR_ACCOUNTING_RULES,0,BU
300000031171029,AR_AGING_BUCKETS,0,BU
300000031171029,AR_APP_EXCEPTION_RULES,0,BU
300000031171029,AR_AUTOCASH_RULES,0,BU
300000031171029,AR_AUTOMATCH_RULES,0,BU
300000031171029,AR_COLLECTORS,0,BU
300000031171029,AR_LOCKBOX,0,BU
300000031171029,AR_MEMO_LINES,0,BU
300000031171029,AR_PAYMENT_TERMS,0,BU
300000031171029,AR_REMIT_TO_ADDRESS,0,BU
300000031171029,AR_REVENUE_CONTINGENCIES,0,BU
300000031171029,AR_TRANSACTION_SOURCE,0,BU
300000031171029,AR_TRANSACTION_TYPE,0,BU
300000031171029,VRM_REVENUE_POLICIES,0,BU
300000031171029,VRM_REVENUE_RULES,0,BU
300000031171029,MOO_SALES_METHODS,0,BU
300000031171029,HZ_SALES_PERSON,0,BU
300000031171029,MOO_SETID_REVN_CATEGORY,0,BU
300000031171029,MOO_SETID_REVENUE_TYPE,0,BU
300000031171029,MOO_STAGE_PHASE_CD,0,BU
300000031171029,SVC_SR_SEVERITIES,0,BU
300000031171029,ZBS_STATUS_LOOKUP_VALUES,0,BU
300000031171029,MOO_SETID_STRATEGIC_VALUE,0,BU
300000031171029,ZX_TAX_CLASSIFICATION_CODES,0,BU
300000031171029,MOO_SETID_WIN_LOSS_REASON,0,BU
300000039651768,OKC_APPLY_HOLD_REASONS,0,BU
300000039651768,OKC_CANCELLATION_REASONS,0,BU
300000039651768,CJM_ADJUSTMENT_TYPES,0,BU
300000039651768,CJM_CLAIM_CLASS_SOURCE_MAP,0,BU
300000039651768,CJM_CLAIM_TYPES,0,BU
300000039651768,CJM_CLAIM_REASONS,0,BU
300000039651768,OKC_CLOSE_REASONS,0,BU
300000039651768,IEX_COLLECTIONS_SETUPS,0,BU
300000039651768,OKC_CONTRACT_TYPES,0,BU
300000039651768,MOO_CRED_ALLOC_TEMPLATES,0,BU
300000039651768,HZ_CUSTOMER_ACCOUNT_RELATION,0,BU
300000039651768,HZ_CUSTOMER_ACCOUNT_SITE,0,BU
300000039651768,MKL_DEAL_TYPE_SETID,0,BU
300000039651768,MOO_SETID_DECISION_LEVEL,0,BU
300000039651768,PER_DEPARTMENTS,0,BU
300000039651768,IEX_DUNNING_PLANS,0,BU
300000039651768,MOO_SETID_DEAL_HORIZION,0,BU
300000039651768,FND_TREE_GROUP,0,BU
300000039651768,PER_GRADES,0,BU
300000039651768,HED_ADJ_CAL_SETID,0,BU
300000039651768,HED_DUE_DATE_CAL_SETID,0,BU
300000039651768,DOO_HOLD_CODES,0,BU
300000039651768,JA_CN_TRANSFER_RULE,0,BU
300000039651768,PER_JOBS,0,BU
300000039651768,CML_SETUPS,0,BU
300000039651768,MKL_LEAD_BUDGET_STATUS_SETID,0,BU
300000039651768,MKL_LEAD_CHANNEL_SETID,0,BU
300000039651768,ORA_MKL_LEAD_OPTOUT_RSN_SETID,0,BU
300000039651768,MKL_LEAD_RANK_SETID,0,BU
300000039651768,MKL_LEAD_REASSIGN_REASON_SETID,0,BU
300000039651768,MKL_REJECT_REASON_SETID,0,BU
300000039651768,MKL_RETIRE_REASON_CD_SETID,0,BU
300000039651768,MKL_LEAD_TIMELINE_SETID,0,BU
300000039651768,MOO_SETID_RISK_LEVEL,0,BU
300000039651768,PER_LOCATIONS,0,BU
300000039651768,MOW_ASSESS_TEMPL_GROUP,0,BU
300000039651768,MOO_SETID_ASSESS_OVRRIDE_RSN,0,BU
300000039651768,DOO_ORCHESTRATION_PROCESS,0,BU
300000039651768,AP_PAYMENT_TERMS,0,BU
300000039651768,HRA_PERFORMANCE_TEMPLATES,0,BU
300000039651768,QP_PRICING_RULES,0,BU
300000039651768,PJF_ACCOUNTING_DEFINITION,0,BU
300000039651768,PJF_RATES,0,BU
300000039651768,AR_ACCOUNTING_RULES,0,BU
300000039651768,AR_AGING_BUCKETS,0,BU
300000039651768,AR_APP_EXCEPTION_RULES,0,BU
300000039651768,AR_AUTOCASH_RULES,0,BU
300000039651768,AR_AUTOMATCH_RULES,0,BU
300000039651768,AR_COLLECTORS,0,BU
300000039651768,AR_LOCKBOX,0,BU
300000039651768,AR_MEMO_LINES,0,BU
300000039651768,AR_PAYMENT_TERMS,0,BU
300000039651768,AR_REMIT_TO_ADDRESS,0,BU
300000039651768,AR_REVENUE_CONTINGENCIES,0,BU
300000039651768,AR_TRANSACTION_SOURCE,0,BU
