ID_FLEX_NUM,CONCATENATED_SEGMENT_DELIMITER,APPLICATION_ID,ENABLED_FLAG,CREATED_BY
1001,-,707,Y,SEED_DATA_FROM_APPLICATION
1002,-,707,Y,SEED_DATA_FROM_APPLICATION
1003,-,707,Y,SEED_DATA_FROM_APPLICATION
1005,-,707,Y,SEED_DATA_FROM_APPLICATION
1006,-,707,Y,SEED_DATA_FROM_APPLICATION
1007,-,707,Y,SEED_DATA_FROM_APPLICATION
1008,-,707,Y,SEED_DATA_FROM_APPLICATION
1009,-,707,Y,SEED_DATA_FROM_APPLICATION
1010,-,707,Y,SEED_DATA_FROM_APPLICATION
1011,-,707,Y,SEED_DATA_FROM_APPLICATION
1012,-,707,Y,SEED_DATA_FROM_APPLICATION
1013,-,707,Y,SEED_DATA_FROM_APPLICATION
1014,-,707,Y,SEED_DATA_FROM_APPLICATION
1015,-,707,Y,SEED_DATA_FROM_APPLICATION
1016,-,707,Y,SEED_DATA_FROM_APPLICATION
1017,-,707,Y,SEED_DATA_FROM_APPLICATION
1018,-,707,Y,SEED_DATA_FROM_APPLICATION
1019,-,707,Y,SEED_DATA_FROM_APPLICATION
1020,-,707,Y,SEED_DATA_FROM_APPLICATION
1021,-,707,Y,SEED_DATA_FROM_APPLICATION
1,.,800,Y,SEED_DATA_FROM_APPLICATION
1004,-,10455,Y,SEED_DATA_FROM_APPLICATION
1023,-,10455,Y,SEED_DATA_FROM_APPLICATION
1024,-,10455,Y,SEED_DATA_FROM_APPLICATION
1025,-,10455,Y,SEED_DATA_FROM_APPLICATION
1022,.,401,Y,SEED_DATA_FROM_APPLICATION
3001,.,101,Y,System.Administrator
5001,-,10052,Y,Shyam.Matlakunta@adia.ae
10001,.,140,Y,System.Administrator
10002,.,140,Y,System.Administrator
10003,.,140,Y,System.Administrator
12001,.,801,Y,System.Administrator
2001,.,101,Y,System.Administrator
11001,-,10052,Y,System.Administrator
