REFERENCE_GROUP_NAME,VISIBLE_GROUP_NAME
OKC_APPLY_HOLD_REASONS,Apply Hold Reasons
FA_BONUS_RULES,Asset Bonus Rules
FA_DEPRECIATION_CEILINGS,Asset Depreciation Ceilings
FA_DEPRECIATION_METHODS,Asset Depreciation Methods
FA_DESCRIPTIONS,Asset Descriptions
FA_PRORATE_CONVENTIONS,Asset Prorate Conventions
FA_QUEUE_NAMES,Asset Queue Names
FA_RETIREMENT_TYPES,Asset Retirement Types
FA_UNPLANNED_TYPES,Asset Unplanned Types
OKC_CANCELLATION_REASONS,Cancellation Reasons
CJM_ADJUSTMENT_TYPES,Channel Adjustment Types
CJM_CLAIM_CLASS_SOURCE_MAP,Channel Claim Class Source Map
CJM_CLAIM_TYPES,Channel Claim Types
CJM_CLAIM_REASONS,Claim Reasons
OKC_CLOSE_REASONS,Close Reasons
IEX_COLLECTIONS_SETUPS,Collections Setups
OKC_CONTRACT_TYPES,Contract Types
COST_PLANNING_SETUP,Cost Planning Setup
CST_CORE_SETUPS,Costing Core Setups
MOO_CRED_ALLOC_TEMPLATES,Credit Allocation Templates
HZ_CUSTOMER_ACCOUNT_RELATION,Customer Account Relationship
HZ_CUSTOMER_ACCOUNT_SITE,Customer Account Site
MKL_DEAL_TYPE_SETID,Deal Type Reference Group
MOO_SETID_DECISION_LEVEL,Decision Level
PER_DEPARTMENTS,Departments
IEX_DUNNING_PLANS,Dunning Plans
MOO_SETID_DEAL_HORIZION,Estimated Deal Duration
FND_TREE_GROUP,FND_TREE_GROUP
PER_GRADES,Grades
HED_ADJ_CAL_SETID,Higher Education Adjustment Calendar
HED_DUE_DATE_CAL_SETID,Higher Education Due Date Calendar
DOO_HOLD_CODES,Hold Codes
JA_CN_TRANSFER_RULE,JA_CN_TRANSFER_RULE
PER_JOBS,Jobs
CML_SETUPS,Landed Cost Setups
MKL_LEAD_BUDGET_STATUS_SETID,Lead Budget Status Reference Group
MKL_LEAD_CHANNEL_SETID,Lead Channel Reference Group
ORA_MKL_LEAD_OPTOUT_RSN_SETID,Lead Opt-Out Reason Codes Reference Group
MKL_LEAD_RANK_SETID,Lead Rank Reference Group
MKL_LEAD_REASSIGN_REASON_SETID,Lead Reassign Reasons Reference Group
MKL_REJECT_REASON_SETID,Lead Reject Reasons Reference Group
MKL_RETIRE_REASON_CD_SETID,Lead Retire Reason Codes Reference Group
MKL_LEAD_TIMELINE_SETID,Lead Timeline Reference Group
MOO_SETID_RISK_LEVEL,Level of Risk
PER_LOCATIONS,Locations
MOW_ASSESS_TEMPL_GROUP,MOW_ASSESS_TEMPL_GROUP
MOO_SETID_ASSESS_OVRRIDE_RSN,Opportunity Assessment Override Reason
DOO_ORCHESTRATION_PROCESS,Orchestration Process
AP_PAYMENT_TERMS,Payables Payment Terms
HRA_PERFORMANCE_TEMPLATES,Performance Templates
QP_PRICING_RULES,Pricing Rules
PJF_ACCOUNTING_DEFINITION,Project Accounting Definition
PJF_DEFINITION,Project Definition
PJF_RATES,Project Rates
PJF_TRANSACTION_TYPES,Project Transaction Types
AR_ACCOUNTING_RULES,Receivables Accounting Rules
AR_AGING_BUCKETS,Receivables Aging Buckets
AR_APP_EXCEPTION_RULES,Receivables Application Exception Rules
AR_AUTOCASH_RULES,Receivables Auto Cash Rules
AR_AUTOMATCH_RULES,Receivables Auto Match Rules
AR_COLLECTORS,Receivables Collectors
AR_LOCKBOX,Receivables Lockbox
AR_MEMO_LINES,Receivables Memo Lines
AR_PAYMENT_TERMS,Receivables Payment Terms
AR_REMIT_TO_ADDRESS,Receivables Remit To Address
AR_REVENUE_CONTINGENCIES,Receivables Revenue Contingencies
AR_TRANSACTION_SOURCE,Receivables Transaction Source
AR_TRANSACTION_TYPE,Receivables Transaction Type
VRM_REVENUE_POLICIES,Revenue Management Revenue Policies
VRM_REVENUE_RULES,Revenue Scheduling Rule
MOO_SALES_METHODS,Sales Methods
HZ_SALES_PERSON,Sales Person
MOO_SETID_REVN_CATEGORY,Sales Revenue Category
MOO_SETID_REVENUE_TYPE,Sales Revenue Type
MOO_STAGE_PHASE_CD,Sales Stage Phase
SVC_SR_SEVERITIES,Service Request Severities
ZBS_STATUS_LOOKUP_VALUES,Status Lookup Values
MOO_SETID_STRATEGIC_VALUE,Strategic Value
ZMM_TASK_TEMPLATE,Task Template
ZX_TAX_CLASSIFICATION_CODES,Tax Classification Codes
MOO_SETID_WIN_LOSS_REASON,Win/Loss Reasons
