DESCRIPTIVE_FLEXFIELD_NAME,APPLICATION_TABLE_NAME,TITLE,FORM_CONTEXT_PROMPT,APPLICATION_ID
FND_ATTACHED_DOCUMENTS,FND_ATTACHED_DOCUMENTS,Attached Documents DFF,Context Segment,0
FND_CONSOLE_ISSUE,FND_CONSOLE_ISSUE,BPM Issue DFF,Context Segment,0
FND_CONSOLE_TRANSACTION_INFO,FND_CONSOLE_TRANSACTION_INFO,BPM Transaction Information DFF,Context Segment,0
FND_CURRENCIES_GDF,FND_CURRENCIES_B,Currencies Regional Information,Regional Information,0
FND_LOOKUP_VALUES_B,FND_LOOKUP_VALUES_B,Lookup values descriptive flexfield,Context Segment,0
FND_VS_VALUES_B,FND_VS_VALUES_B,Value Set Values,Context Value,0
GL_ACCESS_SETS,GL_ACCESS_SETS,Access Sets,Context Value,101
GL_ACCESS_SET_NORM_ASSIGN,GL_ACCESS_SET_NORM_ASSIGN,Access Set: Access Details,Context Value,101
GL_AUTOMATIC_POSTING_OPTIONS,GL_AUTOMATIC_POSTING_OPTIONS,AutoPost Criteria,Context Value,101
GL_AUTOMATIC_POSTING_SETS,GL_AUTOMATIC_POSTING_SETS,AutoPost Criteria Sets,Context Value,101
GL_AUTOREVERSE_OPTIONS,GL_AUTOREVERSE_OPTIONS,AutoReverse Options,Context Value,101
GL_AUTOREV_CRITERIA_SETS,GL_AUTOREV_CRITERIA_SETS,AutoReverse Criteria Set,Context Value,101
GL_CALENDARS,GL_CALENDARS,Calendars,Context Value,101
GL_CAPTURED_INFO,GL_JE_LINES,Journals Captured Information,Account Number,101
GL_CODE_COMBINATIONS,GL_CODE_COMBINATIONS,General Ledger Accounts,Context,101
GL_CONCURRENT_SCHEDULES,GL_CONCURRENT_SCHEDULES,Define Submission Schedules,Context Value,101
GL_DAILY_CONVERSION_TYPES,GL_DAILY_CONVERSION_TYPES,Conversion Rate Types,Context Value,101
GL_DAILY_RATES,GL_DAILY_RATES,Daily Rates,Context Value,101
GL_ENCUMB_TYPES,GL_ENCUMBRANCE_TYPES_B,Encumbrance Types,Context Segment,101
GL_HISTORICAL_RATES,GL_HISTORICAL_RATES,Historical Rates,Context,101
GL_JE_BATCHES,GL_JE_BATCHES,Journal Batches,Additional Information,101
GL_JE_CATEGORIES,GL_JE_CATEGORIES_B,Journal Categories,Context,101
GL_JE_HEADERS,GL_JE_HEADERS,Journals,Additional Information,101
GL_JE_INCLUSION_RULES,GL_JE_INCLUSION_RULES,Secondary Ledger Source and Category Conversion,Context Value,101
GL_JE_LINES,GL_JE_LINES,Journal Lines,Account Details,101
GL_JE_SOURCES,GL_JE_SOURCES_B,Journal Sources,Context,101
GL_LEDGERS,GL_LEDGERS,Ledgers,Context Value,101
GL_LEDGER_RELATIONSHIPS,GL_LEDGER_RELATIONSHIPS,Secondary Ledger Conversion Rules,Context Value,101
GL_LEDGER_SET_NORM_ASSIGN,GL_LEDGER_SET_NORM_ASSIGN,Ledger Set Assignments,Context Value,101
GL_PERIODS,GL_PERIODS,Accounting Calendar Periods,Context Value,101
GL_PERIOD_STATUSES,GL_PERIOD_STATUSES,Open and Close Periods,Context Value,101
GL_REVALUATIONS,GL_REVALUATIONS,Revaluations,Context Value,101
GL_REVAL_ACCOUNT_RANGES,GL_REVAL_ACCOUNT_RANGES,Revaluation Account Ranges,Context Value,101
GL_SUSPENSE_ACCOUNTS,GL_SUSPENSE_ACCOUNTS,Suspense Accounts,Context Value,101
GL_TAX_CODES,GL_JE_LINES,Journal Value Added Tax,Is this a tax invoice?,101
GL_TRANSACTION_CALENDAR,GL_TRANSACTION_CALENDAR,Transaction Calendars,Context Value,101
GL_TRANSACTION_DATES,GL_TRANSACTION_DATES,Transaction Dates,Context Value,101
FA_ADDITIONS,FA_ADDITIONS_B,Asset Category,Context Value,140
FA_ASSET_INVOICES,FA_ASSET_INVOICES,Assets Invoices,Context Value,140
FA_BONUS_RATES,FA_BONUS_RATES,Bonus Rates,Context Value,140
FA_BONUS_RULES,FA_BONUS_RULES,Bonus Rules,Context Value,140
FA_BOOK_CONTROLS,FA_BOOK_CONTROLS,Book Controls,Context Value,140
FA_CALENDAR_TYPES,FA_CALENDAR_TYPES,Calendar Types,Context Value,140
FA_CATEGORIES,FA_CATEGORIES_B,Categories,Context Value,140
FA_CATEGORY_BOOKS,FA_CATEGORY_BOOKS,Category Books,Context Value,140
FA_CATEGORY_BOOK_DEFAULTS,FA_CATEGORY_BOOK_DEFAULTS,Category Book Defaults,Context Value,140
FA_CEILINGS,FA_CEILINGS,Ceilings,Context Value,140
FA_CONVENTION_TYPES,FA_CONVENTION_TYPES,Convention Types,Context Value,140
FA_DISTRIBUTION_HISTORY,FA_DISTRIBUTION_HISTORY,Assignments,Context Value,140
FA_FISCAL_YEAR,FA_FISCAL_YEAR,Fiscal Year,Context Value,140
FA_FLAT_RATES,FA_FLAT_RATES,Flat Rates,Context Value,140
FA_ITC_RATES,FA_ITC_RATES,ITC Rates,Context Value,140
FA_ITC_RECAPTURE_RATES,FA_ITC_RECAPTURE_RATES,ITC Recapture Rates,Context Value,140
FA_LEASES,FA_LEASES,Leases,Context Value,140
FA_LEASE_BOOKS,FA_LEASE_BOOKS,Lease Books,Context Segment,140
FA_LOCATIONS,FA_LOCATIONS,Locations,Context Value,140
FA_METHODS,FA_METHODS,Methods,Context Value,140
FA_PERIODIC_PRODUCTION,FA_PERIODIC_PRODUCTION,Periodic Production,Context Value,140
FA_PRICE_INDEXES,FA_PRICE_INDEXES,Price Index,Context Segment,140
FA_RETIREMENTS,FA_RETIREMENTS,Retirements,Context Value,140
FA_SYSTEM_CONTROLS,FA_SYSTEM_CONTROLS,System Controls,Context Value,140
AR_CUSTOMER_PROFILE_AMOUNTS_HZ,HZ_CUST_PROFILE_AMTS_F,Customer Profile Amounts,Context Value,222
AR_CUSTOMER_PROFILE_CLASSES_HZ,HZ_CUST_PROFILE_CLASSES,Credit Profile Class,Context Value,222
AR_CUST_PROF_CLASS_AMOUNTS_HZ,HZ_CUST_PROF_CLASS_AMTS,Customer Profile Class Amounts,Context Value,222
AR_INTERIM_CASH_RECEIPTS,AR_INTERIM_CASH_RECEIPTS_ALL,QuickCash Receipts,Context Value,222
AR_INTERIM_CASH_RECEIPTS_GOV,AR_INTERIM_CASH_RECEIPTS_ALL,Government QuickCash,Context Value,222
AR_INTERIM_CASH_RECEIPT_LINES,AR_INTERIM_CASH_RCPT_LINES_ALL,QuickCash Lines,Context Value,222
AR_INT_CASH_RECEIPT_LINES_GOV,AR_INTERIM_CASH_RCPT_LINES_ALL,Government QuickCash Lines,Context Value,222
AR_LOCKBOXES,AR_LOCKBOXES_ALL,Lockbox,Context Value,222
AR_MEMO_LINES,AR_MEMO_LINES_ALL_B,Memo Lines,Context Value,222
AR_MISC_CASH_DISTRIBUTIONS,AR_MISC_CASH_DISTRIBUTIONS_ALL,Accounting Distributions,Context Value,222
AR_MISC_CASH_DISTRIBUTIONS_GOV,AR_MISC_CASH_DISTRIBUTIONS_ALL,Government Distributions,Context Value,222
AR_PAYMENTS_INTERFACE,AR_PAYMENTS_INTERFACE_ALL,Payment Interface,Context Value,222
AR_PAYMENT_SCHEDULES,AR_PAYMENT_SCHEDULES_ALL,Payment Schedules,Context Value,222
AR_RATE_ADJUSTMENTS,AR_RATE_ADJUSTMENTS_ALL,Rate Adjustments,Context Value,222
AR_RECEIPT_CLASSES,AR_RECEIPT_CLASSES,Receipt Class,Context Value,222
AR_RECEIPT_METHODS,AR_RECEIPT_METHODS,Payment Method,Context Value,222
AR_RECEIPT_METHOD_ACCOUNTS,AR_RECEIPT_METHOD_ACCOUNTS_ALL,Remittance Bank,Context Value,222
AR_RECEIVABLES_TRX,AR_RECEIVABLES_TRX_ALL,Receivables Activity,Context Value,222
AR_RECEIVABLE_APPLICATIONS,AR_RECEIVABLE_APPLICATIONS_ALL,Receipt Applications,Context Value,222
AR_RECEIVABLE_APPLICATIONS_GOV,AR_RECEIVABLE_APPLICATIONS_ALL,Government Applications,Context Value,222
AR_REVENUE_ADJUSTMENTS,AR_REVENUE_ADJUSTMENTS_ALL,Revenue Adjustments,Context Value,222
AR_STANDARD_TEXT,AR_STANDARD_TEXT_B,Standard Text,Context Value,222
AR_STATEMENT_CYCLES,AR_STATEMENT_CYCLES,Statement Cycles,Context Value,222
AR_SYSTEM_PARAMETERS,AR_SYSTEM_PARAMETERS_ALL,System Parameters,Context Value,222
AR_TRANSMISSIONS,AR_TRANSMISSIONS_ALL,Transmissions,Context Value,222
AR_TRANSMISSION_FORMATS,AR_TRANSMISSION_FORMATS,Transmission Formats,Context Value,222
AR_TRANS_RECORD_FORMATS,AR_TRANS_RECORD_FORMATS,Transmission Records,Context Value,222
RA_ACCOUNT_DEFAULTS,RA_ACCOUNT_DEFAULTS_ALL,Account Defaults,Context Value,222
RA_ACCOUNT_DEFAULT_SEGMENTS,RA_ACCOUNT_DEFAULT_SEGMENTS,Default Segments,Context Value,222
RA_BATCHES,RA_BATCHES_ALL,Transaction Batch,Context Value,222
RA_BATCH_SOURCES,RA_BATCH_SOURCES_ALL,Transaction Source,Context Value,222
RA_CUSTOMER_TRX,RA_CUSTOMER_TRX_ALL,Transactions,Context Value,222
RA_CUSTOMER_TRX_GOV,RA_CUSTOMER_TRX_ALL,Government Transactions,Context Value,222
RA_CUSTOMER_TRX_LINES,RA_CUSTOMER_TRX_LINES_ALL,Invoice Lines,Context Value,222
RA_CUSTOMER_TRX_LINES_GOV,RA_CUSTOMER_TRX_LINES_ALL,Government Transaction Lines,Context Value,222
RA_CUSTOMER_TRX_LINES_ITEMS,RA_CUSTOMER_TRX_LINES_ALL,Items,Item Context,222
RA_CUST_RECEIPT_METHODS,RA_CUST_RECEIPT_METHODS,Customer Payment Methods,Context Value,222
RA_CUST_TRX_LINE_GL_DIST,RA_CUST_TRX_LINE_GL_DIST_ALL,Line Distributions,Context Value,222
RA_CUST_TRX_LINE_SALESREPS,RA_CUST_TRX_LINE_SALESREPS_ALL,Salesperson Lines,Context Value,222
RA_CUST_TRX_TYPES,RA_CUST_TRX_TYPES_ALL,Transaction Types,Context Value,222
RA_GROUPING_RULES,RA_GROUPING_RULES,Grouping Rules,Context Value,222
RA_GROUPING_TRX_TYPES,RA_GROUPING_TRX_TYPES,Grouping Transaction Types,Context Value,222
RA_GROUP_BYS,RA_GROUP_BYS,Group By,Context Value,222
RA_INTERFACE_DISTRIBUTIONS,RA_INTERFACE_DISTRIBUTIONS_ALL,Interface Distributions,Context Value,222
RA_INTERFACE_HEADER,RA_CUSTOMER_TRX_ALL,Invoice Transactions,Context Value,222
RA_INTERFACE_LINES,RA_INTERFACE_LINES_ALL,Line Transactions,Context Value,222
RA_INTERFACE_LINES_GOV,RA_INTERFACE_LINES_ALL,Government Interface Lines,Context Value,222
RA_INTERFACE_LINK_TO,RA_INTERFACE_LINES_ALL,Link-to Transactions,Context Value,222
RA_INTERFACE_REFERENCE,RA_INTERFACE_LINES_ALL,Reference Transactions,Context Value,222
RA_INTERFACE_SALESCREDITS,RA_INTERFACE_SALESCREDITS_ALL,Interface Sales Credits,Context Value,222
RA_LINE_ORDERING_RULES,RA_LINE_ORDERING_RULES,Line Ordering Rules,Context Value,222
RA_LINE_ORDER_BYS,RA_LINE_ORDER_BYS,Line Order By,Context Value,222
RA_REMIT_TOS,RA_REMIT_TOS_ALL,Remit to Addresses,Context Value,222
RA_RULES,RA_RULES,Invoice and Accounting Rules,Context Value,222
RA_RULE_SCHEDULES,RA_RULE_SCHEDULES,Rule Schedules,Context Value,222
INV_TRANSFER_ORDER_HEADERS,INV_TRANSFER_ORDER_HEADERS,Internal Material Transfer Order Headers,Context Segment,401
INV_TRANSFER_ORDER_LINES,INV_TRANSFER_ORDER_LINES,Internal Material Transfer Order Lines,Context Segment,401
INV_TXN_FLOW_HEADERS_DFF,INV_TRANSACTION_FLOW_HEADERS,Transaction Flow Headers DFF,Context Value,401
INV_TXN_FLOW_LINES_DFF,INV_TRANSACTION_FLOW_LINES,Transaction Flow Lines DFF,Context Value,401
INV_TXN_REQUEST_HEADERS,INV_TXN_REQUEST_HEADERS,Transfer Order Header,Context,401
INV_TXN_REQUEST_LINES,INV_TXN_REQUEST_LINES,Transfer Order Lines,Context,401
INV_TXN_SOURCE_TYPES,INV_TXN_SOURCE_TYPES_B,Transaction source types,Context Value,401
FUN_BATCH_DISTS,FUN_BATCH_DISTS,Intercompany Transaction Batch Distributions,Context Segment,435
FUN_DIST_LINES,FUN_DIST_LINES,Intercompany Transaction Distributions,Additional Information Context,435
FUN_INTERCO_MASTER_DOCUMENTS,FUN_INTERCO_MASTER_DOCUMENTS,Intercompany Agreements,Context Segment,435
FUN_INTERCO_ORGANIZATIONS,FUN_INTERCO_ORGANIZATIONS,Intercompany Organization,Context Segment,435
FUN_INTERCO_SOURCE_DOCUMENTS,FUN_INTERCO_SOURCE_DOCUMENTS,Intercompany Transfer Authorizations,Context Segment,435
FUN_INTERCO_SOURCE_DOC_GROUPS,FUN_INTERCO_SOURCE_DOC_GROUPS,Intercompany Transfer Authorization Groups,Context Segment,435
FUN_INTERCO_TRX_SOURCE_DOCS,FUN_INTERCO_TRX_SOURCE_DOCS,Intercompany Transaction Source Documents,Context Segment,435
FUN_STATISTIC_VALUES_DF,FUN_STATISTIC_VALUES,Statistic Dimension,Context,435
FUN_TRX_BATCHES,FUN_TRX_BATCHES,Intercompany Transaction Batches,Additional Information Context,435
FUN_TRX_HEADERS,FUN_TRX_HEADERS,Intercompany Transaction Headers,Additional Information Context,435
FUN_TRX_TYPES,FUN_TRX_TYPES_B,Intercompany Transaction Type,Context Segment,435
SEQ_CONTROL_ATTRIBUTES,FUN_SEQ_ASSIGNMENTS,Sequence Control Attributes,Attribute Structure,435
Contract Deliverable Flexfield,OKC_DTS_DELIVERABLES_B,Contract Fulfillment Line,Context Segment,510
ContractHeaderFlexfield,OKC_K_HEADERS_ALL_B,Contract Headers,Context Segment,510
ContractPartyContactFlexfield,OKC_CONTACTS,Contract Contacts,Context Segment,510
ContractPartyFlexfield,OKC_K_PARTY_ROLES_B,Contract Parties,Context Segment,510
ContractTermsDeliverableFlex,OKC_DELIVERABLES,Contract Terms Deliverable,Context Segment,510
ContractTermsTemplateFlexfield,OKC_TERMS_TEMPLATES_ALL,Contract Terms Template,Context Segment,510
OKC_ARTICLES_DESCFLEX,OKC_ARTICLE_VERSIONS,Clause,Context Value,510
OKC_LINES_DESC_FLEX,OKC_K_LINES_B,Contract Line,Context Value,510
XLA_AE_HEADERS,XLA_AE_HEADERS,Subledger Journal Entry Header,Context Value,602
XLA_AE_LINES,XLA_AE_LINES,Subledger Journal Entry Line,Context Value,602
WSH_CALENDAR_ASSIGNMENTS,WSH_CALENDAR_ASSIGNMENTS,Transportation Schedule Assignment,Context Value,665
WSH_CONTAINER_ITEMS,WSH_CONTAINER_ITEMS,Container Item,Context Value,665
WSH_DELIVERY_DETAILS,WSH_DELIVERY_DETAILS,Shipment Line,Context Value,665
WSH_EXCEPTIONS,WSH_EXCEPTIONS,Shipping Exception,Context Value,665
WSH_EXCEPTION_DEFINITIONS,WSH_EXCEPTION_DEFINITIONS_B,Shipping Exception Definition,Context Value,665
WSH_FREIGHT_COSTS,WSH_FREIGHT_COSTS,Shipping Cost,Context Value,665
WSH_FREIGHT_COST_TYPES,WSH_FREIGHT_COST_TYPES,Shipping Cost Type,Context Value,665
WSH_NEW_DELIVERIES,WSH_NEW_DELIVERIES,Shipment,Context Value,665
WSH_PICKING_BATCHES,WSH_PICKING_BATCHES,Picking Batch,Context Value,665
WSH_PICKING_RULES,WSH_PICKING_RULES,Picking Rule,Context Value,665
WSH_PICK_SEQUENCE_RULES,WSH_PICK_SEQUENCE_RULES_B,Pick Sequence Rule,Context Segment,665
WSH_SHIPPING_PARAMETERS,WSH_SHIPPING_PARAMETERS,Shipping Parameter,Context Value,665
WSHxShipmentGdf,WSH_NEW_DELIVERIES,Shipments Regional Information,Regional Information,665
QP_CHARGE_DEFINITIONS_FLEX,QP_CHARGE_DEFINITIONS_B,Charge Definition DFF,Context Value,667
QP_COST_LISTS_FLEX,QP_COST_LISTS_ALL_B,Cost List Header DFF,Context Value,667
QP_COST_LIST_CHARGES_FLEX,QP_COST_LIST_CHARGES,Cost List Charge DFF,Context Value,667
QP_COST_LIST_ITEMS_FLEX,QP_COST_LIST_ITEMS,Cost List Item DFF,Context Value,667
QP_CURR_CONV_DETAILS_FLEX,QP_CURR_CONV_DETAILS,Currency Conversion Detail DFF,Context Value,667
QP_CURR_CONV_LISTS_FLEX,QP_CURR_CONV_LISTS_ALL_B,Currency Conversion List Header DFF,Context Value,667
QP_CUST_PRICING_PROFILES_FLEX,QP_CUST_PRICING_PROFILES,Customer Pricing Profile DFF,Context Value,667
QP_DISCOUNT_LISTS_FLEX,QP_DISCOUNT_LISTS_ALL_B,Discount List Header DFF,Context Value,667
QP_DISCOUNT_LIST_ITEMS_FLEX,QP_DISCOUNT_LIST_ITEMS,Discount List Item DFF,Context Value,667
QP_PRICE_ELEMENTS_FLEX,QP_PRICE_ELEMENTS_B,Price Element DFF,Context Value,667
QP_PRICE_LISTS_FLEX,QP_PRICE_LISTS_ALL_B,Price List Header DFF,Context Value,667
QP_PRICE_LIST_CHARGES_FLEX,QP_PRICE_LIST_CHARGES,Price List Charge DFF,Context Value,667
QP_PRICE_LIST_ITEMS_FLEX,QP_PRICE_LIST_ITEMS,Price List Item DFF,Context Value,667
QP_PRICING_GUIDELINES_FLEX,QP_PRICING_GUIDELINES_ALL_B,Pricing Guideline Header DFF,Context Value,667
QP_PRICING_GUIDE_COMPS_FLEX,QP_PRICING_GUIDE_COMPONENTS,Pricing Guideline Component DFF,Context Value,667
QP_PRICING_GUIDE_ITEMS_FLEX,QP_PRICING_GUIDELINE_ITEMS,Pricing Guideline Item DFF,Context Value,667
QP_PRICING_STRATEGIES_FLEX,QP_PRICING_STRATEGIES_ALL_B,Pricing Strategy Header DFF,Context Value,667
QP_PRICING_STRATEGY_DETAILS_FLEX,QP_PRICING_STRATEGY_DETAILS,Pricing Strategy Detail DFF,Context Value,667
QP_PRICING_TERMS_FLEX,QP_PRICING_TERMS_B,Pricing Term DFF,Context Value,667
MSC_DEMANDS,MSC_DEMANDS,Demands Descriptive Flexfield,Context Segment,724
MSC_PARAMETERS,MSC_PARAMETERS,Organization Parameters,Context Segment,724
MSC_SUPPLIES,MSC_SUPPLIES,Supplies Descriptive Flexfield,Context Segment,724
MSC_SYSTEM_ITEMS,MSC_SYSTEM_ITEMS,Item Descriptive Flexfield,Context Segment,724
PER_ABSENCE_CASE_DFF,PER_ABSENCE_CASES,Absence Case Attributes,Context Value,800
PER_ABSENCE_CASE_LEG_DDF,PER_ABSENCE_CASES,Absence Case Legislative Information,Context Value,800
PER_ABSENCE_DFF,PER_ABSENCE_ATTENDANCES,Absence Attributes,Context Value,800
PER_ABSENCE_LEG_DDF,PER_ABSENCE_ATTENDANCES,Absence Legislative Information,Context Value,800
PER_ABSENCE_TYPE_DFF,PER_ABSENCE_ATTENDANCE_TYPES_B,Absence Type Attributes,Context Value,800
PER_ABSENCE_TYPE_LEG_DDF,PER_ABSENCE_ATTENDANCE_TYPES_B,Absence Type Legislative Information,Context Value,800
PER_ACCRUAL_PLAN_LEG_DDF,PER_ACCRUAL_PLANS_B,Legislative Accrual Plan Attributes,Context Value,800
PER_ACTION_OCC_EIT_EFF,PER_ACT_OCCURRENCE_EXTRA_INFO,ActionOccurrence EIT Information EFF,Context Segment,800
PER_ACT_DFF,PER_ACTIONS_B,Additional Action Attributes,Context Value,800
PER_ACT_LEG_DDF,PER_ACTIONS_B,Legislative Action Attributes,Context Value,800
PER_ACT_REASONS_DFF,PER_ACTION_REASONS_B,Additional Action Reason Attributes,Context Value,800
PER_ACT_REASON_USG_DFF,PER_ACTION_REASON_USAGES,Additional Action Reason Usages Attributes,Context Value,800
PER_ADDRESSES_DFF,PER_ADDRESSES_F,Addresses Attributes,Context Value,800
PER_ALLOCATED_CHECKLISTS_DFF,PER_ALLOCATED_CHECKLISTS,Person Allocated Checklist Attributes,Context Value,800
PER_ALL_PEOPLE_DFF,PER_ALL_PEOPLE_F,All People Attributes,Context Value,800
PER_ASG_DF,PER_ALL_ASSIGNMENTS_M,Assignment Attributes,Context Value,800
PER_ASG_GRADE_STEPS_LEG_DDF,PER_ASSIGN_GRADE_STEPS_F,Assignment Grade Steps Legislative Information,Context Value,800
PER_ASG_LEG_DDF,PER_ALL_ASSIGNMENTS_M,Legislative Assignment Attributes,Context Value,800
PER_ASG_SUPERVISOR_DF,PER_ASSIGNMENT_SUPERVISORS_F,Assignment Supervisors Attributes,Context Value,800
PER_ASG_WORK_MEASURES_DF,PER_ASSIGN_WORK_MEASURES_F,Assignment Work Measures Attributes,Context Value,800
PER_ASSIGNMENT_EIT_EFF,PER_ASSIGNMENT_EXTRA_INFO_M,Assignment EIT Information EFF,Context Value,800
PER_CHECKLISTS_DFF,PER_CHECKLISTS_B,Checklist Attributes,Context Value,800
PER_CITIZENSHIPS_DFF,PER_CITIZENSHIPS,Citizenship Attributes,Context Value,800
PER_COL_AGREEMENTS_DDF,PER_COL_AGREEMENTS_F,Collective Agreements Legislative Information,Context Segment,800
PER_COL_AGREEMENTS_DFF,PER_COL_AGREEMENTS_F,Collective Agreements Attributes,Context Segment,800
PER_COL_AGREEMENTS_EFF,PER_COL_AGRS_EXTRA_INFO_F,Collective Agreements EIT Information EFF,Context Segment,800
PER_CONTACT_RELSHIPS_DFF,PER_CONTACT_RELSHIPS_F,Contact Relationships Attributes,Context Value,800
PER_CONTRACT_DF,PER_CONTRACTS_F,Contract Attributes,Context Value,800
PER_CONTRACT_LEG_DDF,PER_CONTRACTS_F,Contract Legislative Information,Context Value,800
PER_DOCUMENTS_OF_RECORD_DFF,HR_DOCUMENTS_OF_RECORD,Documents of Record Attributes,Context Value,800
PER_DOCUMENT_TYPE_DFF,HR_DOCUMENT_TYPES_B,Document Type Attributes,Context Segment,800
PER_DOCUMENT_TYPE_LEG_DDF,HR_DOCUMENT_TYPES_B,Document Type Legislative Information,Context Segment,800
PER_DOC_OF_RECORD_LEG_DDF,HR_DOCUMENTS_OF_RECORD,Documents of Record Legislative Information,Context Value,800
PER_DRIVERS_LICENSE_TYPES_DFF,PER_DRIVERS_LICENSE_TYPES,Drivers License Types Attributes,Context Value,800
PER_EMAIL_ADDRESSES_DFF,PER_EMAIL_ADDRESSES,E-mail Addresses Attributes,Context Value,800
PER_ETHNICITIES_DFF,PER_ETHNICITIES,Ethnicity Attributes,Context Value,800
PER_EVALUATION_CRITERIA_DFF,PER_JOB_EVALUATIONS,Evaluation Criteria Attributes,Context Value,800
PER_EXT_DATA_ELEMENTS_DFF,PER_EXT_DATA_ELEMENTS_B,Extract Data Element Attributes,Context Value,800
PER_EXT_DEFINITIONS_DFF,PER_EXT_DEFINITIONS_B,Extract Definition Attributes,Context Value,800
PER_EXT_LOOKUP_CODES_LEG_DDF,HCM_EXTENDED_LOOKUP_CODES_B,Extended Lookup Codes Legislative Information,Context Value,800
PER_GRADES_DF,PER_GRADES_F,Grade Additional Details,Context,800
PER_GRADES_LEG_EFF,PER_GRADE_LEG_F,Grade Legislative Information,Context Value,800
PER_GRADE_LADDERS_DF,PER_GRADE_LADDERS_F,Grade Ladder Additional Details,Context,800
PER_JOBS_DFF,PER_JOBS_F,Job Attributes,Context Value,800
PER_JOBS_EIT_EFF,PER_JOB_EXTRA_INFO_F,Job EIT Information,Context Value,800
PER_JOBS_LEG_EFF,PER_JOB_LEG_F,Job Legislative Information,Context Value,800
PER_JOB_FAMILY_DFF,PER_JOB_FAMILY_F,Job Family Attributes,Context Value,800
PER_LOCATIONS_DF,PER_LOCATION_DETAILS_F,Location Attributes,Context Value,800
PER_LOCATION_INFORMATION_EFF,PER_LOCATION_EXTRA_INFO_F,Location Information EFF,Context Value,800
PER_LOCATION_LEG_EFF,PER_LOCATION_LEG_F,Location Legislative EFF,Context Value,800
PER_NATIONAL_IDENTIFIERS_DFF,PER_NATIONAL_IDENTIFIERS,National Identifiers Attributes,Context Value,800
PER_ORGANIZATION_INFORMATION_EFF,HR_ORGANIZATION_INFORMATION_F,Organization Information EFF,Context Value,800
PER_ORGANIZATION_UNIT_DFF,HR_ALL_ORGANIZATION_UNITS_F,Organization Attributes,Context Value,800
PAY_REL_GROUPS_DDF,PAY_REL_GROUPS_F,Payroll Relationship Group Information,Context Segment,801
PAY_REPORT_RECORDS_DFF,PAY_REPORT_RECORDS_F,Report Record Attributes,Context Segment,801
PAY_TIME_PERIODS_DDF,PAY_TIME_PERIODS,Time Period Information,Context Segment,801
PAY_TIME_PERIODS_DFF,PAY_TIME_PERIODS,Time Period Attributes,Context Segment,801
PAY_TIME_PERIOD_TYPES_DFF,PAY_TIME_PERIOD_TYPES,Period Type Attributes,Context Segment,801
Payroll Developer DF,PAY_ALL_PAYROLLS_F,Payroll Developer DF,Context Segment,801
BEN_ACRS_PTIP_CVG_DFF,BEN_ACRS_PTIP_CVG_F,Coverage Across Plan Types Attributes,Context Segment,805
BEN_ACTN_TYP_DFF,BEN_ACTN_TYP,Action Type Attributes,Context Segment,805
BEN_ACTY_BASE_RT_DFF,BEN_ACTY_BASE_RT_F,Rates Attributes,Context Segment,805
BEN_AGE_FCTR_DFF,BEN_AGE_FCTR,Age Factor Attributes,Context Segment,805
BEN_BENEFIT_RELATIONS_DFF,BEN_BENEFIT_RELATIONS_F,Benefit Relations Attributes,Context Segment,805
BEN_BENFTS_GRP_DFF,BEN_BENFTS_GRP,Benefit Group Attributes,Context Segment,805
BEN_BNFTS_BAL_DFF,BEN_BNFTS_BAL_F,Benefit Balance Attributes,Context Segment,805
BEN_BNFT_VRBL_RT_DFF,BEN_BNFT_VRBL_RT_F,Variable Rate Attributes,Context Segment,805
BEN_CMBN_AGE_LOS_FCTR_DFF,BEN_CMBN_AGE_LOS_FCTR,Age and Length Of Service Attributes,Context Segment,805
BEN_COMP_LVL_FCTR_DFF,BEN_COMP_LVL_FCTR,Compensation Factor Attributes,Context Segment,805
BEN_CVG_AMT_CALC_MTHD_DFF,BEN_CVG_AMT_CALC_MTHD_F,Coverage Attributes,Context Segment,805
BEN_ELCTBL_CHC_CTFN_DFF,BEN_ELCTBL_CHC_CTFN,Choice Certification Attributes,Context Segment,805
BEN_ELIGY_PRFL_DFF,BEN_ELIGY_PRFL,Eligibility Profile Attributes,Context Segment,805
BEN_ELIG_CVRD_DPNT_DFF,BEN_ELIG_CVRD_DPNT,Covered Dependent Attributes,Context Segment,805
BEN_ELIG_DPNT_DFF,BEN_ELIG_DPNT,Eligible Dependent Attributes,Context Segment,805
BEN_ELIG_PER_DFF,BEN_ELIG_PER_F,Eligible Plan Attributes,Context Segment,805
BEN_ELIG_PER_ELCTBL_CHC_DFF,BEN_ELIG_PER_ELCTBL_CHC,Electable Choice Details Attributes,Context Segment,805
BEN_ELIG_PER_OPT_DFF,BEN_ELIG_PER_OPT_F,Eligible Option Attributes,Context Segment,805
BEN_ENRT_BNFT_DFF,BEN_ENRT_BNFT,Enrollment Benefit Attribute,Context Segment,805
BEN_ENRT_RT_DFF,BEN_ENRT_RT,Enrollment Rate Attribute,Context Segment,805
BEN_ENTITLEMENT_DFF,BEN_ENTITLEMENT,Entitlement Attributes,Context Segment,805
BEN_LEG_ENTITY_DEFAULTS_DFF,BEN_LEG_ENTITY_DEFAULTS,Legal Entity Default Attributes,Context Segment,805
BEN_LER_DFF,BEN_LER_F,Life Event Attributes,Context Segment,805
BEN_LOS_FCTR_DFF,BEN_LOS_FCTR,Length Of Service Factor Attributes,Context Segment,805
BEN_OIPL_DFF,BEN_OIPL_F,Option In Plan Attributes,Context Segment,805
BEN_OPT_DFF,BEN_OPT_F,Option Attributes,Context Segment,805
BEN_PCT_FL_TM_FCTR_DFF,BEN_PCT_FL_TM_FCTR,Part Time Full Time Factor Attributes,Context Segment,805
BEN_PER_BNFTS_BAL_DFF,BEN_PER_BNFTS_BAL_F,Person Benefit Balance Attributes,Context Segment,805
BEN_PER_IN_LER_DFF,BEN_PER_IN_LER,Person Life Event Attributes,Context Segment,805
BEN_PGM_DFF,BEN_PGM_F,Program Attributes,Context Segment,805
BEN_PIL_ELCTBL_CHC_POPL_DFF,BEN_PIL_ELCTBL_CHC_POPL,Electable Choice Attributes,Context Segment,805
BEN_PLIP_DFF,BEN_PLIP_F,Plan In Program Attributes,Context Segment,805
BEN_PL_BNF_CTFN_PRVDD_DFF,BEN_PL_BNF_CTFN_PRVDD,Plan Beneficiary Certification Attributes,Context Segment,805
BEN_PL_BNF_DFF,BEN_PL_BNF,Plan Beneficiary Attributes,Context Segment,805
BEN_PL_DFF,BEN_PL_F,Plan Attributes,Context Segment,805
BEN_PL_PCP_DFF,BEN_PL_PCP,Plan Primary Care Provider Attributes,Context Segment,805
BEN_PL_REGN_DFF,BEN_PL_REGN_F,Plan Regulation Attributes,Context Segment,805
BEN_PL_TYP_DFF,BEN_PL_TYP_F,Plan Type Attributes,Context Segment,805
BEN_PRMRY_CARE_PRVDR_DFF,BEN_PRMRY_CARE_PRVDR,Primary Care Provider Attributes,Context Segment,805
BEN_PRTT_ENRT_ACTN_DFF,BEN_PRTT_ENRT_ACTN,Participant Enrollment Action Attributes,Context Segment,805
BEN_PRTT_ENRT_RSLT_DFF,BEN_PRTT_ENRT_RSLT,Enrollment Result Attributes,Context Segment,805
BEN_PRTT_RT_VAL_DFF,BEN_PRTT_RT_VAL,Participant Rate Attributes,Context Segment,805
JGxFAMassTransactions,FA_MASS_TRANSACTIONS,FA Mass Transaction Regional Information,Regional Information,7003
JGxFATransactionHeaders,FA_TRANSACTION_HEADERS,FA Transaction Headers Regional Information,Regional Information,7003
JGxFinancialsSystemParams,FINANCIALS_SYSTEM_PARAMS_ALL,FIN System Parameters Regional Information,Regional Information,7003
JGxGLPeriods,GL_PERIODS,GL Periods Regional Information,Regional Information,7003
JGxHZCustomerAccountSites,HZ_CUST_ACCT_SITES_ALL,Customer Account Site Regional Information,Regional Information,7003
JGxHZCustomerAccounts,HZ_CUST_ACCOUNTS,Customer Account Regional Information,Regional Information,7003
JGxIBYPaymentMethods,IBY_PAYMENT_METHODS_B,Payment Methods Regional Information,Regional Information,7003
JGxPODistributions,PO_DISTRIBUTIONS_ALL,PO Distributions Regional Information,Context Segment,7003
JGxPOHeaders,PO_HEADERS_ALL,Purchase Order Header Regional Information,Context Segment,7003
JGxPOLineLocation,PO_LINE_LOCATIONS_ALL,PO Line Location Regional Information,Context Segment,7003
JGxRACustTrxTypes,RA_CUST_TRX_TYPES_ALL,AR Transaction Type Regional Information,Regional Information,7003
JGxRATrxLineGLDistributions,RA_CUST_TRX_LINE_GL_DIST_ALL,Receivables Line Regional Information,Regional Information,7003
JlBrApCollectionDocs,JL_BR_AP_COLLECTION_DOCS_ALL,JlBrApCollectionDocs,Context Segment,7004
JlBrArSelectControls,JL_BR_AR_SELECT_CONTROLS_ALL,JlBrArSelectControls,Context Segment,7004
GMS_AWARD_HEADERS_DFF,GMS_AWARD_HEADERS_B,Award Descriptive Flexfield,Context Segment,8402
GMS_AWARD_PERSONNEL_DFF,GMS_AWARD_PERSONNEL,Award Personnel Descriptive Flexfield,Context Segment,8402
GMS_AWARD_PROJECTS_DFF,GMS_AWARD_PROJECTS,Award Project Descriptive Flexfield,Context Segment,8402
GMS_FUNDING_SOURCES_DFF,GMS_FUNDING_SOURCES_B,Grants Funding Source Descriptive Flexfield,Context Segment,8402
GMS_INSTITUTIONS_DFF,GMS_INSTITUTIONS_B,Grants Institution Descriptive Flexfield,Context Segment,8402
GMS_PERSONS_DFF,GMS_PERSONS,Grants Personnel Descriptive Flexfield,Context Segment,8402
FV_BC_CONTROL_SEGMENTS,FV_BC_CONTROL_SEGMENTS,Budget Control Segments,Context Segment,8901
FV_BC_CONTROL_TYPES,FV_BC_CONTROL_TYPES,Budget Control Types,Context Segment,8901
FV_BE_LEVELS,FV_BE_LEVELS,Budget Execution Level,Context Segment,8901
FV_BE_LEVEL_OPTIONS,FV_BE_LEVEL_OPTIONS,Budget Execution Level Options,Context Segment,8901
FV_BE_TRANSACTION_ACCOUNTS,FV_BE_TRANSACTION_ACCOUNTS,Budget Execution Transaction Type Accounts,Context Segment,8901
FV_BE_TRANSACTION_HEADERS,FV_BE_TRANSACTION_HEADERS,Federal Budget Transactions,Context Segment,8901
FV_BE_TRANSACTION_LINES,FV_BE_TRANSACTION_LINES,Federal Budget Transaction Lines,Context Segment,8901
FV_BE_TRANSACTION_TYPES,FV_BE_TRANSACTION_TYPES,Budget Execution Transaction Types,Context Segment,8901
FV_CFG_AGENCY_LOCATIONS,FV_CFG_AGENCY_LOCATIONS,Agency Locations,Context Segment,8901
FV_CFG_USSGL_ACCOUNTS,FV_CFG_USSGL_ACCOUNTS,USSGL Accounts,Context,8901
FV_PAYMENT_FORMAT_MAPPINGS,FV_PAYMENT_FORMAT_MAPPINGS,Payment Format Mappings,Context Segment,8901
FV_SETUP_OPTIONS,FV_SETUP_OPTIONS,Payment Setup Options,Context Segment,8901
FV_TR_BETC,FV_TR_BETC,Business Event type Codes,Context Segment,8901
FV_TR_FED_ACCOUNT_SYMBOLS,FV_TR_FED_ACCOUNT_SYMBOLS,Federal Account Symbols,Context Segment,8901
FV_TR_FUND_ATTRIBUTES,FV_TR_FUND_ATTRIBUTES,Fund Attributes,Context Segment,8901
FV_TR_TAS_BETC,FV_TR_TAS_BETC,TAS Business Event Type Codes,Context Segment,8901
FV_TR_TREAS_ACCOUNT_SYMBOLS,FV_TR_TREAS_ACCOUNT_SYMBOLS,Federal Treasury Account Symbols,Context Segment,8901
CMP_CWB_PERSON_INFO,CMP_CWB_PERSON_INFO,Workforce Compensation Person Information,Context Segment,10003
CMP_SALARY,CMP_SALARY,Salary Information,Context Segment,10003
CMP_SALARY_BASES,CMP_SALARY_BASES,Salary Basis Information,Context Segment,10003
CMP_SALARY_COMPONENTS,CMP_SALARY_COMPONENTS,Salary Component Information,Context Segment,10003
DOO_ACTIVITIES_ADD_INFO,DOO_ACTIVITIES_EFF_B,Activity Information,Context Value,10008
DOO_ACTIVITIES_ADD_INFO,DOO_ACTIVITIES_EFF_TL,Activity Information,Context Value,10008
DOO_FULFILL_LINES_ADD_INFO,DOO_FULFILL_LINES_EFF_B,Fulfillment Line Information,Context Value,10008
DOO_FULFILL_LINES_ADD_INFO,DOO_FULFILL_LINES_EFF_TL,Fulfillment Line Information,Context Value,10008
DOO_FULFILL_LINE_DTLS_ADD_INFO,DOO_FULFILL_LINE_DETAILS_EFF_B,Fulfillment Line Detail Information,Context Value,10008
DOO_FULFILL_LINE_DTLS_ADD_INFO,DOO_FULFILL_LINE_DTLS_EFF_TL,Fulfillment Line Detail Information,Context Value,10008
DOO_HEADERS_ADD_INFO,DOO_HEADERS_EFF_B,Header Information,Context Value,10008
DOO_HEADERS_ADD_INFO,DOO_HEADERS_EFF_TL,Header Information,Context Value,10008
DOO_LINES_ADD_INFO,DOO_LINES_EFF_B,Line Information,Context Value,10008
DOO_LINES_ADD_INFO,DOO_LINES_EFF_TL,Line Information,Context Value,10008
DOO_LOT_SERIAL_NUM_ADD_INFO,DOO_LOT_SERIAL_NUMBERS_EFF_B,Lot Serial Number Information,Context Value,10008
DOO_LOT_SERIAL_NUM_ADD_INFO,DOO_LOT_SERIAL_NUMBERS_EFF_TL,Lot Serial Number Information,Context Value,10008
DOO_PAYMENTS_ADD_INFO,DOO_PAYMENTS_EFF_B,Payment Information,Context Value,10008
DOO_PAYMENTS_ADD_INFO,DOO_PAYMENTS_EFF_TL,Payment Information,Context Value,10008
DOO_PRICE_ADJUSTMENTS_ADD_INFO,DOO_PRICE_ADJUSTMENTS_EFF_B,Price Adjustment Information,Context Value,10008
DOO_PRICE_ADJUSTMENTS_ADD_INFO,DOO_PRICE_ADJUSTMENTS_EFF_TL,Price Adjustment Information,Context Value,10008
DOO_PROCESS_DEFS_ADD_INFO,DOO_PROCESS_DEFINITIONS_B,Orchestration Process Information,Context Value,10008
DOO_PROCESS_STEPS_ADD_INFO,DOO_PROCESS_STEPS_B,Orchestration Process Step Information,Context Value,10008
DOO_SALES_CREDITS_ADD_INFO,DOO_SALES_CREDITS_EFF_B,Sales Credit Information,Context Value,10008
DOO_SALES_CREDITS_ADD_INFO,DOO_SALES_CREDITS_EFF_TL,Sales Credit Information,Context Value,10008
DOO_TASK_TYPES_ADD_INFO,DOO_TASK_TYPES_B,Task Type Information,Context Value,10008
EGO_CHANGE_EFF,EGO_CHANGE_EFF_B,Change Extended Attributes,Context Segment,10010
EGO_CHANGE_LINE,EGO_CHANGE_LINES_B,EGO_CHANGE_LINE,Context Segment,10010
EGO_ENGINEERING_CHANGES,EGO_ENGINEERING_CHANGES_B,EGO_ENGINEERING_CHANGES,Context Segment,10010
EGO_ITEM_EFF,EGO_ITEM_EFF_B,Item Extended Attributes,Context Value,10010
EGO_ITEM_EFF,EGO_ITEM_EFF_TL,Item Extended Attributes,Context Value,10010
EGO_ITEM_EFF,EGO_ITEM_INTF_EFF_B,Item Extended Attributes,Context Value,10010
EGO_ITEM_EFF,EGO_ITEM_INTF_EFF_TL,Item Extended Attributes,Context Value,10010
PJC_CC_ORG_RELATIONSHIPS_FLEX,PJC_CC_ORG_RELATIONSHIPS,Project Cross-Charge Transaction Relationship,Context Prompt,10036
PJC_CINT_RATE_NAMES_DESC_FLEX,PJC_CINT_RATE_NAMES,Capitalized Interest Rates,Context Prompt,10036
PJC_EXP_ITEMS_DESC_FLEX,PJC_EXP_ITEMS_ALL,Project Expenditure Item,Context Prompt,10036
PJC_PRJ_ASSETS_DESC_FLEX,PJC_PRJ_ASSETS_ALL,Project Assets,Context Prompt,10036
PJC_TXN_XFACE_DESC_FLEX,PJC_TXN_XFACE_ALL,Project Unprocessed Expenditure Item,Context Prompt,10036
PROJECTS_STD_COST_COLLECTION,PJC_TXN_XFACE_ALL,Project Costing Details,Context Value,10036
PJF_CLASS_CATEGORIES_DESC_FLEX,PJF_CLASS_CATEGORIES_B,Class Categories Descriptive Flexfield,Context Prompt,10037
PJF_CLASS_CODES_DESC_FLEX,PJF_CLASS_CODES_B,Class Codes Descriptive Flexfield,Context Prompt,10037
PJF_COMP_DETAILS_DESC_FLEX,PJF_COMP_DETAILS_ALL,Labor Costing Override Flexfield,Context Prompt,10037
PJF_COMP_RULE_SET_DESC_FLEX,PJF_COMP_RULE_SETS,Labor Costing Rules Descriptive Flexfield,Context Prompt,10037
PJF_EVENT_TYPES_DESC_FLEX,PJF_EVENT_TYPES_B,Event Types Descriptive Flexfield,Context Prompt,10037
PJF_EXP_CATEGORIES_DESC_FLEX,PJF_EXP_CATEGORIES_B,Expenditure Categories Flexfield,Context Prompt,10037
PJF_EXP_TYPES_DESC_FLEX,PJF_EXP_TYPES_B,Expenditure Types Descriptive Flexfield,Context Prompt,10037
PJF_EXP_TYP_CLASS_LNKG_DESC_FLEX,PJF_EXPEND_TYP_SYS_LINKS,Expenditure Type Class Linkage Flexfield,Context Prompt,10037
PJF_IND_COST_CODE_DESC_FLEX,PJF_IND_COST_CODES,Burden Cost Codes Descriptive Flexfield,Context Segment,10037
PJF_NONLAB_RES_DESC_FLEX,PJF_NON_LABOR_RES_B,Nonlabor Resources Descriptive Flexfield,Context Prompt,10037
PJF_NONLAB_RES_ORG_DESC_FLEX,PJF_NON_LABOR_RES_ORGS,Nonlabor Resources Organization Flexfield,Context Prompt,10037
PJF_PROJECTS_DESC_FLEX,PJF_PROJECTS_ALL_B,Project Descriptive Flexfield,Context Prompt,10037
PJF_PROJECT_CLASS_CODE_DESC_FLEX,PJF_PROJECT_CLASSES,Project Class Codes Descriptive Flexfield,Context Prompt,10037
PJF_PROJECT_TYPES_DESC_FLEX,PJF_PROJECT_TYPES_B,Project Types Descriptive Flexfield,Context Prompt,10037
PJF_PROJ_TYPE_CLASS_CAT_DESC_FLEX,PJF_VALID_CATEGORIES,Project Type Class Category Flexfield,Context Prompt,10037
PJF_RATE_SCH_DESC_FLEX,PJF_RATE_SCHEDULES_B,Rate Schedules Descriptive Flexfield,Context Prompt,10037
PJF_RBS_HEADERS_DESC_FLEX,PJF_RBS_HEADERS_B,Resource Breakdown Structure Details,Context Segment,10037
PJF_TASK_STRUCTURE_DFF,PJF_PROJ_ELEMENTS_B,Task Structure Descriptive Flexfield,Context Segment,10037
PJF_TP_RULE_DESC_FLEX,PJF_TP_RULES,Transfer Price Rule Descriptive Flexfield,Context Prompt,10037
PJF_TP_SCHEDULE_DESC_FLEX,PJF_TP_SCHEDULES,Transfer Price Schedules Flexfield,Context Prompt,10037
PJF_TP_SCHEDULE_LINE_DESC_FLEX,PJF_TP_SCHEDULE_LINES,Transfer Price Schedule Line Flexfield,Context Prompt,10037
PJF_TXN_DOCUMENT_DESC_FLEX,PJF_TXN_DOCUMENT_B,Transaction Document Descriptive Flexfield,Context Prompt,10037
PJF_TXN_DOC_ENTRIES_DESC_FLEX,PJF_TXN_DOC_ENTRY_B,Transaction Document Entry Flexfield,Context Prompt,10037
PJF_TXN_SOURCE_DESC_FLEX,PJF_TXN_SOURCES_B,Transaction Source Descriptive Flexfield,Context Prompt,10037
PJF_WORK_TYPES_DESC_FLEX,PJF_WORK_TYPES_B,Work Types Descriptive Flexfield,Context Prompt,10037
PJO_PLANNING_OPTIONS_DFF,PJO_PLANNING_OPTIONS,Planning Options,Context Segment,10039
PJO_PLAN_LINES_DFF,PJO_PLAN_LINES,Plan Lines,Context Segment,10039
PJO_PROJECT_PROGRESS_DFF,PJO_PROJECT_PROGRESS,Project Progress,Context Segment,10039
PJR_RESOURCE_REQUEST_DFF,PJR_RESOURCE_REQUESTS,Project Resource Request,Context Segment,10040
PJS_PROG_DESC_FLEX,PJS_PROGRAM_DEFN_B,Program Descriptive Flexfield,Context Segment,10041
POZ_SUPPLIERS,POZ_SUPPLIERS,Supplier Profile,Attribute Value,10044
POZ_SUPPLIER_SITES_ALL_M,POZ_SUPPLIER_SITES_ALL_M,Supplier Sites,Attribute Value,10044
QSC_PROD_GRP_DETAIL_DFF,QSC_PROD_GRP_DETAILS,Product Group Details Descriptive Flexfield,Context Segment,10048
RCV_SHIPMENT_HEADERS,RCV_SHIPMENT_HEADERS,Receipt Header,Context Value,10049
RCV_SHIPMENT_LINES,RCV_SHIPMENT_LINES,Receipt Line,Context Value,10049
RCV_SUPPLIER_RETURN_LINES,RCV_SUPPLIER_RETURN_LINES,Supplier Return Lines,Context Segment,10049
RCV_TRANSACTIONS,RCV_TRANSACTIONS,Receipt Transaction,Context Value,10049
XCC_BUDGET_DIST_HEADERS,XCC_BUDGET_DIST_HEADERS,Budget Header Descriptions,Context Segment,10052
XCC_BUDGET_DIST_LINES,XCC_BUDGET_DIST_LINES,Budget Line Descriptions,Context Segment,10052
ZMM_INTERACTION_DFF,ZMM_INTER_INTERACTIONS,Interactions Descriptive Flexfields,Context Value,10062
ZMM_NOTE_DFF,ZMM_NOTES,Notes Descriptive Flexfields,Context Value,10062
HTS_STAFFING_GRID_VALUES_DFF,HTS_STAFF_GRID_VALUES,Staffing Grid Values,Context Segment,10069
POR_INFORMATION_TEMPLATE,POR_REQ_INFO_TEMPLATE_VALUES,Requisition Information Template,Context Value,10071
POR_REQUISITION_HEADERS,POR_REQUISITION_HEADERS_ALL,Requisition Headers,Attribute Value,10071
POR_REQUISITION_LINES,POR_REQUISITION_LINES_ALL,Requisition Lines,Attribute Value,10071
POR_REQ_DISTRIBUTIONS,POR_REQ_DISTRIBUTIONS_ALL,Requisition Distributions,Attribute Value,10071
HRG_GOALS,HRG_GOALS,HRG_GOALS,Context Value,10097
HRG_GOAL_ACCESS,HRG_GOAL_ACCESS,HRG_GOAL_ACCESS,Context Value,10097
HRG_GOAL_PLANS_B,HRG_GOAL_PLANS_B,HRG_GOAL_PLANS_B,Context Value,10097
ANC_ENTL_BANDS_DTL_LEG_DDF,ANC_ENTL_BANDS_DTL_F,Absence Entitlement Bands Detail DDF,Context Segment,10110
ANC_ENTL_BANDS_LEG_DDF,ANC_ENTL_BANDS_F,Absence Entitlement Band DDF,Context Segment,10110
ANC_PER_ABS_AGGREGATION_DDF,ANC_PER_ABS_AGGREGATION,Absence Aggregation DDF,Context Segment,10110
ANC_PER_ABS_AGGREGATION_DFF,ANC_PER_ABS_AGGREGATION,Absence Aggregation DFF,Context Segment,10110
ANC_PER_ABS_AGRMNTS_DFF,ANC_PER_ABS_AGRMNTS,Absence Agreements Entitlement DFF,Context Segment,10110
ANC_PER_ABS_AGRMNTS_LEG_DDF,ANC_PER_ABS_AGRMNTS,Absence Agreements Entitlement DDF,Context Segment,10110
ANC_PER_ABS_ENTRIES_DDF,ANC_PER_ABS_ENTRIES,Absence Recordings DDF,Context Segment,10110
ANC_PER_ABS_ENTRIES_DFF,ANC_PER_ABS_ENTRIES,Absence Recordings DFF,Context Segment,10110
ANC_PLAN_ENTRIES_DFF,ANC_PLAN_ENTRIES_F,Absence Plan Entry DFF,Context Segment,10110
ANC_PLAN_ENTRIES_LEG_DDF,ANC_PLAN_ENTRIES_F,Absence Plan Entry DDF,Context Segment,10110
ANC_TYPE_RGN_USAGES_LEG_DDF,ANC_ABS_TYPE_RGN_USAGES_F,Absence Type Region Usage DDF,Context Segment,10110
FOS_TRADE_AGREEMENT_FTR,FOS_AGREEMENT_FTR_F,Financial Orchestration Financial Route,Context,10115
FOS_TRADE_AGREEMENT_PTR,FOS_AGREEMENT_PTR_F,Financial Orchestration Primary Route,Context,10115
POQ_ASSESSMENTS,POQ_ASSESSMENTS,Assessments,Context Attribute,10129
POQ_INITIATIVES,POQ_INITIATIVES,Initiatives,Context Attribute,10129
POQ_QUALIFICATIONS,POQ_QUALIFICATIONS,Qualifications,Context Attribute,10129
AC_CONTROL_DFF,GRC_CTRL_CCM_CONTROL_B,Risk Management Advanced Control Flexfield,Context Segment,10130
AC_RESULT_DFF,GTG_RESULT_FLEX,RM Result Flexfield,Context Segment,10130
FRC_ASSESSMENT_CONTROL_DFF,GRC_ASMT_CTRLRSLT,RM Assessment Control Flexfield,Context Segment,10130
FRC_ASSESSMENT_PROCESS_DFF,GRC_ASMT_PROCRSLT,RM Assessment Process Flexfield,Context Segment,10130
FRC_ASSESSMENT_RISK_DFF,GRC_ASMT_RISKRSLT,RM Assessment Risk Flexfield,Context Segment,10130
FRC_CONSEQUENCES_DFF,GRC_RSK_CONSEQUENCE_B,RM Consequences FlexField,Context Segment,10130
FRC_CONTROL_DFF,GRC_CONTROL_B,RM Control FlexField,Context Segment,10130
FRC_EVENTS_DFF,GRC_RSK_EVENT_B,RM Events Flexfield,Context Segment,10130
FRC_ISSUE_DFF,GRC_ISSU_ISSUE_B,RM Issue Flexfield,Context Segment,10130
FRC_PROCESS_DFF,GRC_PROC_PROCESS_B,RM Process Flexfield,Context Segment,10130
FRC_REMEDIATION_PLAN_DFF,GRC_ISSU_RMPLAN_B,RM Remediation Plan Flexfield,Context Segment,10130
FRC_RISK_ANALYSIS_DFF,GRC_RSK_ANALYSIS_B,RM Risk Analysis Flexfield,Context Segment,10130
FRC_RISK_DFF,GRC_RSK_RISK_B,RM Risk Flexfield,Context Segment,10130
FRC_RISK_EVALUATION_DFF,GRC_RSK_EVALUATION_B,RM Risk Evaluation Flexfield,Context Segment,10130
FRC_RISK_TREATMENT_PLAN_DFF,GRC_RSK_TRTMNTP_B,RM Risk Treatment Plan Flexfield,Context Segment,10130
HWM_GENERATE_TIME_ATTR_DFF,HWM_TM_REP_ATRBS,Generate Time Attributes for Reporting,Context Segment,10446
CML_CHARGES_B,CML_CHARGES_B,Charge,Context Segment,10450
CML_CHARGE_ANALYSIS_CODES,CML_CHARGE_ANALYSIS_CODES,Charge Analysis Codes,Context Segment,10450
CML_CHARGE_DEFAULT_REF_TYPES,CML_CHARGE_DEFAULT_REF_TYPES,Charge Default Reference Types,Context Segment,10450
CML_CHARGE_REF_TYPES_B,CML_CHARGE_REF_TYPES_B,Charge Reference Type,Context Segment,10450
CML_ROUTES_B,CML_ROUTES_B,Route,Context Segment,10450
CML_TRADE_OPERATIONS,CML_TRADE_OPERATIONS,Trade Operation,Context Segment,10450
CML_TRADE_OPERATION_TEMPLATES,CML_TRADE_OPERATION_TEMPLATES,Trade Operation Template,Context Segment,10450
VRM_CARVEOUT_THRESHOLD_AMTS,VRM_CARVEOUT_THRESHOLD_AMTS_F,VRM MEA Threshold Revenue Carve-out Amount,Context Value,10455
VRM_CONTRACT_RULES_B,VRM_CONTRACT_RULES_B,VRM Contract Identification Rule,Context Value,10455
VRM_CONTRACT_RULE_DETAILS,VRM_CONTRACT_RULE_DETAILS,VRM Contract Identification Rule Template,Context Value,10455
VRM_CUSTOMER_CONTRACT_HEADERS,VRM_CUSTOMER_CONTRACT_HEADERS,Revenue Management Contract Header Flexfield,Context Value,10455
VRM_FMV_LINES,VRM_FMV_LINES,VRM FMV Lines,Context Value,10455
VRM_FMV_LINE_SETS,VRM_FMV_LINE_SETS,VRM Value Sets,Context Value,10455
VRM_FMV_TEMPLATES_B,VRM_FMV_TEMPLATES_B,VRM Templates,Context Value,10455
VRM_FMV_TEMPL_ASSIGNMENTS,VRM_FMV_TEMPL_ASSIGNMENTS,VRM Template Assignments,Context Value,10455
VRM_FMV_TEMPL_PRC_ASSIGNMENTS,VRM_FMV_TEMPL_PRC_ASSIGNMENTS,VRM Template Price Assignments,Context Value,10455
VRM_IMPL_PERF_OBLIG_TLINES,VRM_IMPL_PERF_OBLIG_TLINES,VRM Implied Performance Obligation Detail,Context Value,10455
VRM_IMPL_PERF_OBLIG_TPLT_B,VRM_IMPL_PERF_OBLIG_TPLT_B,VRM Implied Performance Obligation Template,Context Value,10455
VRM_ITEM_GROUPS_VL,VRM_ITEM_GROUPS_B,VRM Item Group,Context Value,10455
VRM_ITEM_GRP_ASSIGNMENTS,VRM_ITEM_GRP_ASSIGNMENTS,VRM Item Group Assignment,Context Value,10455
HNS_UNAUTHD_SYSTEM_ACCESSES_DFF,HNS_UNAUTHD_ACCESS_SEC_EVT,DFF for Unauthorized System Access Events,Context Segment,10470
HNS_UNSAFE_ACT_EVENTS_DFF,HNS_UNSAFE_ACT_EVT_DETAIL,DFF for Unsafe Act Events,Context Segment,10470
HNS_UNSAFE_CONDITION_EVENTS_DFF,HNS_UNSAFE_COND_EVT_DETAIL,DFF for Unsafe Condition Events,Context Segment,10470
HNS_VEHICLE_INCIDENT_EVENTS_DFF,HNS_VEH_INC_EVENT_SUMMARY,DFF for Vehicle Incident Events,Context Segment,10470
WIE_OPERATION_TRANSACTIONS,WIE_OPERATION_TRANSACTIONS,Work Order Operation Transactions,Context Segment,10493
WIE_RESOURCE_TRANSACTIONS,WIE_RESOURCE_TRANSACTIONS,Work Order Resource Transactions,Context Segment,10493
WIE_WORK_ORDERS,WIE_WORK_ORDERS_B,Work Order Header,Context Segment,10493
WIE_WO_OPERATIONS,WIE_WO_OPERATIONS_B,Work Order Operation,Context Segment,10493
WIE_WO_OPERATION_MATERIALS,WIE_WO_OPERATION_MATERIALS,Work Order Operation Item,Context Segment,10493
WIE_WO_OPERATION_OUTPUTS,WIE_WO_OPERATION_OUTPUTS,Work Order Operation Output,Context Segment,10493
WIE_WO_OPERATION_RESOURCES,WIE_WO_OPERATION_RESOURCES,Work Order Operation Resource,Context Segment,10493
WIE_WO_OPERATION_RESOURCE_INSTANCES,WIE_WO_OP_RESOURCE_INSTANCES,Work Order Operation Resource Instance,Context Segment,10493
WIS_EQUIPMENT_RESOURCE_INSTANCES,WIS_EQUIPMENT_INSTANCES,Equipment Resource Instance,Context Segment,10494
WIS_KANBAN_CARDS,WIS_KANBAN_CARDS,Kanban Card,Context Segment,10494
WIS_KANBAN_PULL_SEQUENCES,WIS_KANBAN_PULL_SEQUENCES,Pull Sequences,Context Segment,10494
WIS_LABOR_RESOURCE_INSTANCES,WIS_LABOR_INSTANCES,Labor Resource Instance,Context Segment,10494
WIS_RESOURCES,WIS_RESOURCES_B,Production Resource,Context Segment,10494
WIS_STANDARD_OPERATIONS,WIS_STANDARD_OPERATIONS_B,Standard Operations,Context Segment,10494
WIS_STD_OPERATION_RESOURCES,WIS_STD_OPERATION_RESOURCES,Standard Operation Resources,Context Segment,10494
WIS_WD_OPERATIONS_B,WIS_WD_OPERATIONS_B,Work Definition Operations,Context Segment,10494
WIS_WD_OPERATION_MATERIALS,WIS_WD_OPERATION_MATERIALS,Work Definition Operation Materials,Context Segment,10494
WIS_WD_OPERATION_OUTPUTS,WIS_WD_OPERATION_OUTPUTS,Work Definition Operation Outputs,Context Segment,10494
WIS_WD_OPERATION_RESOURCES,WIS_WD_OPERATION_RESOURCES,Work Definition Operation Resources,Country Specific,10494
WIS_WORKSTATIONS,WIS_WORKSTATIONS_B,Workstation,Context Segment,10494
WIS_WORK_AREAS,WIS_WORK_AREAS_B,Work Area,Context Segment,10494
WIS_WORK_CENTERS,WIS_WORK_CENTERS_B,Work Center,Context Segment,10494
WIS_WORK_DEFINITION_NAMES_B,WIS_WORK_DEFINITION_NAMES_B,Work Definition Names,Context Segment,10494
WLF_LEARNING_ITEM,WLF_LEARNING_ITEMS_F,Learning Item Additional Attributes,Context Segment,10503
WLF_LEARNING_REQUEST_DFF,WLF_REQUEST_DETAILS,Learning Request Additional Attributes,Context Segment,10503
WLF_LI_COURSE,WLF_LI_COURSES_F,Learning Course Additional Attributes,Context Segment,10503
WLF_LI_OFFERING,WLF_LI_CLASSES_F,Learning Offering Additional Attributes,Context Segment,10503
WLF_LI_SPECIALIZATION,WLF_LI_SPECIALIZATIONS_F,Learning Specialization Additional Attributes,Context Segment,10503
WLF_RESOURCE_DFF,WLF_RESOURCES_B,Custom Attributes For Resource,Context Segment,10503
ACADEMIC_LEVEL,HER_ACADEMIC_LEVEL_B,Academic Level,Context Segment,10508
ACADEMIC_ORG,HER_ACADEMIC_ORG_F,Academic Organization,Context Segment,10508
ACADEMIC_SUBJECT,HER_ACADEMIC_SUBJECT_F,Academic Subject,Context Segment,10508
HER_ACADEMIC_LEVEL_GDF,HER_ACADEMIC_LEVEL_B,Academic Level Regional Information,Regional Information,10508
HER_CAMPUS_GDF,HER_CAMPUS_F,Academic Campus Regional Information,Regional Information,10508
HER_CURRICULUM_GROUP_GDF,HER_CURRIC_GROUP,Academic Group Regional Information,Regional Information,10508
HER_CURRICULUM_PROGRAM_GDF,HER_CURRIC_PROGRAM,Curriculum Program Regional Information,Regional Information,10508
HER_INSTITUTION_GDF,HER_INSTITUTION_F,Academic Institution Regional Information,Regional Information,10508
INSTITUTION,HER_INSTITUTION_F,Institution,Context Segment,10508
HES_SPONSOR_AGREEMENT,HES_SPONSOR_AGREEMENTS_ALL_B,Sponsor Agreement,Context Segment,10509
ORA_HRY_PI_INBD_RECORDS_INFO_EFF,HRY_PI_INBD_RECORD_INFORMATION,Payroll Interface Inbound Record EFF,Context Value,10511
RCL_DEBRIEF_HEADER_DFF,RCL_DEBRIEF_HEADERS,Debrief Header Attributes,Context Segment,10557
RCL_DEBRIEF_LINE_DFF,RCL_DEBRIEF_LINES,Debrief Line Attributes,Context Segment,10557
RCL_PARTS_REQ_HEADERS_DFF,RCL_PARTS_REQ_HEADERS,Part Requirement Header Attributes,Context Segment,10557
RCL_PARTS_REQ_LINES_DFF,RCL_PARTS_REQ_LINES,Part Requirement Line Attributes,Context Segment,10557
FA_TRANSACTION_HEADERS,FA_TRANSACTION_HEADERS,Transactions,Context Value,140
FA_WARRANTIES,FA_WARRANTIES,Warranties,Context Value,140
AP_AGING_PERIODS,AP_AGING_PERIODS,Aging Periods,Context Value,200
AP_AGING_PERIOD_LINES,AP_AGING_PERIOD_LINES,Aging Period Lines,Context Value,200
AP_AWT_TAX_RATES,AP_AWT_TAX_RATES_ALL,Withholding Tax Rates,Context Value,200
AP_CHECKS,AP_CHECKS_ALL,Payment Information,Context,200
AP_DISCOUNT_OFFERS_ASSIGN,AP_DISCOUNT_OFFERS_ASSIGN,Discount Offers Assignment,Context Value,200
AP_DISTRIBUTION_SETS,AP_DISTRIBUTION_SETS_ALL,Distribution Sets,Context Value,200
AP_DISTRIBUTION_SET_LINES,AP_DISTRIBUTION_SET_LINES_ALL,Distribution Lines,Context Value,200
AP_HOLDS,AP_HOLDS_ALL,Invoice Holds,Context Value,200
AP_INVOICES,AP_INVOICES_ALL,Invoices,Context Value,200
AP_INVOICES_INTERFACE,AP_INVOICES_INTERFACE,Invoice Gateway Header,Context Value,200
AP_INVOICE_DISTRIBUTIONS,AP_INVOICE_DISTRIBUTIONS_ALL,Invoice Distributions,Context Value,200
AP_INVOICE_LINES,AP_INVOICE_LINES_ALL,Invoice Lines,Context Value,200
AP_INVOICE_LINES_INTERFACE,AP_INVOICE_LINES_INTERFACE,Invoice Gateway Lines,Context Value,200
AP_OTHER_PERIODS,AP_OTHER_PERIODS,Periods for Payables modules,Context,200
AP_OTHER_PERIOD_TYPES,AP_OTHER_PERIOD_TYPES,Period Type for Payables modules,Context,200
AP_PAYMENT_SCHEDULES,AP_PAYMENT_SCHEDULES_ALL,Invoice Payments,Context Value,200
AP_TAX_CODES,AP_TAX_CODES_ALL,Tax Codes,Context Value,200
AP_TERMS_B,AP_TERMS_B,Payment Terms,AB Context,200
AP_TERMS_LINES,AP_TERMS_LINES,Payment Terms Details,Context Value,200
PO_AGENT_ASSIGNMENTS,PO_AGENT_ASSIGNMENTS,Procurement Agents,Context Prompt,201
PO_APPROVED_SUPPLIER_LIST,PO_APPROVED_SUPPLIER_LIST,Approved Supplier List Item,Context Prompt,201
PO_ASL_ATTRIBUTES,PO_ASL_ATTRIBUTES,Approved Supplier List Entry Attributes,Context Prompt,201
PO_ASL_DOCUMENTS,PO_ASL_DOCUMENTS,Approved Supplier List Entry Documents,Context Prompt,201
PO_ATTRIBUTE_VALUES,PO_ATTRIBUTE_VALUES,Purchase Agreement Line Item Values,Context Prompt,201
PO_DISTRIBUTIONS,PO_DISTRIBUTIONS_ALL,Purchase Order Distributions,Context Prompt,201
PO_DOCUMENT_TYPES,PO_DOCUMENT_TYPES_ALL_B,Purchasing Document Types,Context Prompt,201
PO_HEADERS,PO_HEADERS_ALL,Purchasing Document Headers,Context Prompt,201
PO_HEADERS_SH,PO_HEADERS_ALL,Special Handling Attributes for Headers,Context Prompt,201
PO_LINES,PO_LINES_ALL,Purchasing Document Lines,Context Prompt,201
PO_LINES_SH,PO_LINES_ALL,Special Handling Attributes for Lines,Context Prompt,201
PO_LINE_LOCATIONS,PO_LINE_LOCATIONS_ALL,Purchasing Document Schedules,Context Prompt,201
PO_LINE_TYPES,PO_LINE_TYPES_B,Purchasing Line Types,Context Prompt,201
PO_NOTIFICATION_CONTROLS,PO_NOTIFICATION_CONTROLS,Purchase Agreement Notification Controls,Context Prompt,201
XLE_ETB_INFO_DEV,XLE_ETB_PROFILES,Legal Reporting Unit Context,Context Value,204
XLE_LE_ADD_INFO,XLE_ENTITY_PROFILES,Legal Entity,Context Value,204
XLE_LE_INFO_DEV,XLE_ENTITY_PROFILES,Legal Entity Context,Context Value,204
AR_ADJUSTMENTS,AR_ADJUSTMENTS_ALL,Adjustments,Context Value,222
AR_ADJUSTMENTS_GOV,AR_ADJUSTMENTS_ALL,Government Adjustments,Context Value,222
AR_AGING_BUCKETS,AR_AGING_BUCKETS,Aging Bucket Information,Context Value,222
AR_AGING_BUCKET_LINES,AR_AGING_BUCKET_LINES_B,Aging Bucket Line Information,Context Value,222
AR_APPROVAL_ACTION_HISTORY,AR_APPROVAL_ACTION_HISTORY,Approval Action History,Context Value,222
AR_APPROVAL_USER_LIMITS,AR_APPROVAL_USER_LIMITS,User Approval Limits,Context Value,222
AR_APP_RULES,AR_APP_RULES,Application Rules,Context Value,222
AR_APP_RULE_DETAILS,AR_APP_RULE_DETAILS,Application Rule Details,Context Value,222
AR_APP_RULE_SETS,AR_APP_RULE_SETS,Application Rule Sets,Context Value,222
AR_AUTOCASH_HIERARCHIES,AR_AUTOCASH_HIERARCHIES,AutoCash Hierarchies,Context Value,222
AR_AUTOCASH_RULES,AR_AUTOCASH_RULES,AutoCash Rules,Context Value,222
AR_BATCHES,AR_BATCHES_ALL,Batch,Context Value,222
AR_BATCH_SOURCES,AR_BATCH_SOURCES_ALL,Batch Source,Context Value,222
AR_CASH_RECEIPTS,AR_CASH_RECEIPTS_ALL,Receipts,Context Value,222
AR_CASH_RECEIPTS_GOV,AR_CASH_RECEIPTS_ALL,Government Receipts,Context Value,222
AR_CMGT_CASE_FOLDERS,AR_CMGT_CASE_FOLDERS,Credit Case Folders,Context Value,222
AR_CMGT_CF_TEMPLATES,AR_CMGT_CF_TEMPLATE, Credit Case Folder Templates,Context Value,222
AR_CMGT_SCORING_MODELS,AR_CMGT_SCORES,Credit Scoring Models,Context Value,222
AR_CUSTOMER_PROFILES_HZ,HZ_CUSTOMER_PROFILES_F,Customer Profile Class,Context Value,222
VRM_MEA_DOC_CARVEOUT_LINES,VRM_MEA_DOC_CARVEOUT_LINES,VRM MEA Doc Carve out Lines,Context Value,10455
VRM_MEA_DOC_HEADERS,VRM_MEA_DOC_HEADERS,VRM MEA Doc Headers,Context Value,10455
VRM_MEA_DOC_LINES,VRM_MEA_DOC_LINES,VRM MEA Doc Lines,Context Value,10455
VRM_MEA_RULES_VL,VRM_MEA_RULES_B,VRM MEA Identification Rules,Context Value,10455
VRM_MEA_RULE_DETAILS,VRM_MEA_RULE_DETAILS,VRM MEA Identification Rule Details,Context Value,10455
VRM_MEA_THRESHOLD_AMTS,VRM_MEA_THRESHOLD_AMTS_F,VRM MEA Threshold MEA Amount,Context Value,10455
VRM_NEW_SYSTEM_OPTIONS,VRM_NEW_SYSTEM_OPTIONS,VRM New System Option,Context Value,10455
VRM_PERF_OBLIGATIONS,VRM_PERF_OBLIGATIONS,VRM Performance Obligation Flexfield,Context Value,10455
VRM_PERF_OBLIGATION_LINES,VRM_PERF_OBLIGATION_LINES,Revenue Management Promised Detail Flexfield,Context Value,10455
VRM_PERF_OBLIG_GRP_RULES_VL,VRM_PERF_OBLIG_GRP_RULES_B,VRM Performance Obligation Identification Rule,Context Value,10455
VRM_PERF_OBLIG_GRP_RULE_DTLS,VRM_PERF_OBLIG_GRP_RULE_DTLS,VRM Performance Obligation ID Rule Detail Flexfield,Context Value,10455
VRM_PERF_OBLIG_TEMPLATES_B,VRM_PERF_OBLIG_TEMPLATES_B,VRM Performance Obligation Template,Context Value,10455
VRM_PERF_OBLIG_TEMPL_ASSIGNS,VRM_PERF_OBLIG_TEMPL_ASSIGNS,VRM Performance Obligation Template Assignment,Context Value,10455
VRM_PRICE_EFF_PERIODS_VL,VRM_PRICE_EFF_PERIODS_B,VRM Price Effective Period,Context Value,10455
VRM_PRICE_SEGMENT_ASSIGNS,VRM_PRICE_SEGMENT_ASSIGNS,VRM Price Segment Assignments,Context Value,10455
VRM_PRICE_SEG_ASSIGN_HDRS_B,VRM_PRICE_SEG_ASSIGN_HDRS_B,VRM Price Segments,Context Value,10455
VRM_PRICING_BANDS,VRM_PRICING_BANDS,VRM Pricing Bands,Context Value,10455
VRM_PRICING_BANDS_HDRS_B,VRM_PRICING_BANDS_HDRS_B,VRM Pricing Bands Header,Context Value,10455
VRM_REVENUE_CONTINGENCIES,VRM_REVENUE_CONTINGENCIES,VRM Revenue Contingencies,Context Value,10455
VRM_REVENUE_POLICIES,VRM_REVENUE_POLICIES,VRM Revenue Policies,Context Value,10455
VRM_REVENUE_RULES,VRM_REVENUE_RULES,VRM Revenue Rules,Context Value,10455
VRM_REV_DOCUMENTS,VRM_REVENUE_DOCUMENTS_ALL,VRM Revenue Documents,Context Value,10455
VRM_REV_DOC_LINES,VRM_REVENUE_DOC_LINES_ALL,VRM Revenue Document Lines,Context Value,10455
VRM_REV_DOC_LINE_SCHEDULES,VRM_REV_DOC_LINE_SCHEDULES_ALL,VRM Revenue Document Line Schedules,Context Value,10455
VRM_REV_DOC_LINE_SPLITS_ALL,VRM_REV_DOC_LINE_SPLITS_ALL,VRM Revenue Doc Lines Splits,Context Value,10455
VRM_SOURCE_DOCUMENTS,VRM_SOURCE_DOCUMENTS,VRM Source Document,Context Value,10455
VRM_SOURCE_DOC_LINES,VRM_SOURCE_DOC_LINES,VRM Source Document Lines,Context Value,10455
VRM_SOURCE_DOC_TYPES_B,VRM_SOURCE_DOC_TYPES_B,VRM Source Document Types,Context Value,10455
VRM_STANDALONE_SALES,VRM_STANDALONE_SALES,VRM Standalone Sales,Context Value,10455
VRM_SYSTEM_OPTIONS,VRM_SYSTEM_OPTIONS,Management System Options DFF,Context Segment,10455
HRM_PLANS,HRM_PLANS,Succession Plan Details,Context Segment,10456
HRM_PLAN_CANDIDATES,HRM_PLAN_CANDIDATES,Succession Plan Candidates,Context Segment,10456
HNS_ACTIONS_DFF,HNS_ACTIONS,Descriptive Flexfields for Actions,Context Segment,10470
HNS_AIR_QUALITY_EVENTS_DFF,HNS_AIR_QUALITY_EVT_DETAIL,DFF for Air Quality Events,Context Segment,10470
HNS_DRIVER_AND_VEHICLE_EVENTS_DFF,HNS_VEH_INC_EVENT_DETAIL,DFF for Driver and Vehicle Incident Events,Context Segment,10470
HNS_ERGONOMIC_EVENTS_DFF,HNS_ERGONOMIC_EVT_DETAIL,DFF for Ergonomic Events,Context Segment,10470
HNS_FIRE_OR_EXPLOSION_EVENTS_DFF,HNS_FIRE_INC_EVENT_DETAIL,DFF for Fire or Explosion Events,Context Segment,10470
HNS_INCIDENTS_DFF,HNS_INCIDENTS_SUMMARY,Descriptive Flexfields for Incidents,Context Segment,10470
HNS_INJURED_OR_ILL_PERSON_EVENTS_DFF,HNS_INJURED_PERSONS,DFF for Injured or Ill Person Events,Context Segment,10470
HNS_INJURED_PERSON_SUMMARY_EVENTS_DFF,HNS_INJURED_PERSONS_SUMMARY,DFF for Injured Person Summary Events,Context Segment,10470
HNS_INVESTIGATIONS_DFF,HNS_INVESTIGATIONS_SUMMARY,Descriptive Flexfields for Investigations,Context Segment,10470
HNS_ISSUE_EVENTS_DFF,HNS_ISSUE_EVT_DETAIL,DFF for Issue Events,Context Segment,10470
HNS_LOST_OR_STOLEN_DEVICES_DFF,HNS_LOST_STLN_DEV_SEC_EVT,DFF for Lost or Stolen Device Events,Context Segment,10470
HNS_NEAR_MISS_EVENTS_DFF,HNS_NEAR_MISS_EVT_DETAIL,DFF for Near Miss Events,Context Segment,10470
HNS_NOTICE_OF_VIOLATION_EVENTS_DFF,HNS_NOTICE_VIO_EVT_DETAIL,DFF for Notice of Violation Events,Context Segment,10470
HNS_OTHER_DATA_SECURITY_ISSUES_DFF,HNS_OTHER_DATA_SEC_EVT,DFF for Other Cybersecurity Issue Events,Context Segment,10470
HNS_PROPERTY_DAMAGE_EVENTS_DFF,HNS_PROP_DAMAGE_EVT_DETAIL,DFF for Property Damage Events,Context Segment,10470
HNS_RISK_ASSESSMENTS_DFF,HNS_RISK_ASSESSMENTS,Descriptive Flexfields for Risk Assessments,Context Segment,10470
HNS_SPILL_OR_RELEASE_EVENTS_DFF,HNS_SPILL_REL_EVT_DETAIL,DFF for Spill or Release Events,Context Segment,10470
HNS_SUGG_FOR_IMPROV_EVENTS_DFF,HNS_SUGG_IMPROV_EVT_DETAIL,DFF for Suggestion for Improvement Events,Context Segment,10470
HNS_SUSPICIOUS_EMAIL_OR_CALLS_DFF,HNS_SUSPICIOUS_ACT_SEC_EVT,DFF for Suspicious Email or Call Events,Context Segment,10470
PER_PASSPORT_DFF,PER_PASSPORTS,Passport Attributes,Context Value,800
PER_PERSONDRIVERS_LICENSE_LEG_DDF,PER_DRIVERS_LICENSES,Person Drivers License Legislative Information,Drivers License Category,800
PER_PERSONS_DFF,PER_PERSONS,Persons Attributes,Context Value,800
PER_PERSON_ADDR_USG_DFF,PER_PERSON_ADDR_USAGES_F,Person Address Usage Attributes,Context Value,800
PER_PERSON_ALLOCATED_TASKS_DFF,PER_ALLOCATED_TASKS,Person Allocated Task Attributes,Context Value,800
PER_PERSON_CONTACT_EIT_DFF,PER_CONTACT_EXTRA_INFO_F,Person Contact EIT Attributes,Context Value,800
PER_PERSON_CONTACT_RELATIONSHIP_DDF,PER_CONTACT_RELSHIPS_F,Person Contact Relationship Information,Contact Information Category,800
PER_PERSON_DISABILITY_DFF,PER_DISABILITIES_F,Person Disability Attributes,Context Value,800
PER_PERSON_DISABILITY_LEG_DDF,PER_DISABILITIES_F,Person Disability Legislative Information,Context Value,800
PER_PERSON_DLVRY_METHODS_DFF,PER_PERSON_DLVRY_METHODS,Delivery Methods Attributes,Context Value,800
PER_PERSON_EIT_EFF,PER_PEOPLE_EXTRA_INFO_F,Person EIT Information,Context Value,800
PER_PERSON_EXTRA_INFO_EIT_DFF,PER_PEOPLE_EXTRA_INFO_F,Person EIT Attributes,Context Value,800
PER_PERSON_IMAGE_DFF,PER_IMAGES,Person Image Attributes,Context Value,800
PER_PERSON_LEGISLATIVE_DATA_LEG_DDF,PER_PEOPLE_LEGISLATIVE_F,Person Legislative Information,Information Category,800
PER_PERSON_LEGISLATIVE_DFF,PER_PEOPLE_LEGISLATIVE_F,Person Legislative Attributes,Context Value,800
PER_PERSON_NAME_DFF,PER_PERSON_NAMES_F,Persons Name Attributes,Context Value,800
PER_PERSON_NAME_LEG_DDF,PER_PERSON_NAMES_F,Person Name Legislative Information,Name Information Category,800
PER_PERSON_PASSPORT_LEG_DDF,PER_PASSPORTS,Person Passport Legislative Information,Passport Information Category,800
PER_PERSON_TYPE_USG_DFF,PER_PERSON_TYPE_USAGES_M,Person Type Usage Attributes,Context Value,800
PER_PERSON_VISA_LEG_DDF,PER_VISAS_PERMITS_F,Person Visa Legislative Information,Visa Information Category,800
PER_PHONES_DFF,PER_PHONES,Phones Attributes,Context Value,800
PER_POSITIONS_DFF,HR_ALL_POSITIONS_F,Position Attributes,Context Value,800
PER_POSITIONS_EIT_EFF,PER_POSITION_EXTRA_INFO_F,Position EIT Information,Context Value,800
PER_POSITIONS_LEG_EFF,PER_POSITION_LEG_F,Position Legislative Information,Context Value,800
PER_PPS_DF,PER_PERIODS_OF_SERVICE,Work Relationship Attributes,Context Value,800
PER_PPS_LEG_DDF,PER_PERIODS_OF_SERVICE,Work Relationship Legislative Information,Context Value,800
PER_RATES_DF,PER_RATES_F,Rate Additional Details,Context,800
PER_RELIGIONS_DFF,PER_RELIGIONS,Religions Attributes,Context Value,800
PER_TASKS_IN_CHECKLIST_DFF,PER_TASKS_IN_CHECKLIST_B,Checklist Task Attributes,Context Value,800
PER_VISA_PERMIT_DFF,PER_VISAS_PERMITS_F,Visa Permit Attributes,Context Value,800
Deduction Developer DF,PAY_DIR_COMP_DETAILS_F,Further Deduction Information,Context Value,801
PAY_ALL_PAYROLLS_DFF,PAY_ALL_PAYROLLS_F,Payroll Definition Attributes,Context Segment,801
PAY_ASSIGNED_PAYROLLS_DDF,PAY_ASSIGNED_PAYROLLS_F,Payroll Usage Information,Context Segment,801
PAY_BALANCE_CATEGORIES_DDF,PAY_BALANCE_CATEGORIES_F,Balance Category Information,Context Segment,801
PAY_BALANCE_TYPES_DFF,PAY_BALANCE_TYPES,Balance Type Attributes,Context Segment,801
PAY_ELEMENT_CLASSIFICATION_DDF,PAY_ELE_CLASSIFICATIONS,Element Classification Information,Context Segment,801
PAY_ELEMENT_ENTRIES_DDF,PAY_ELEMENT_ENTRIES_F,Element Entry Information,Context Segment,801
PAY_ELEMENT_ENTRIES_DFF,PAY_ELEMENT_ENTRIES_F,Element Entry Attributes,Context Segment,801
PAY_ELEMENT_INFORMATION_EFF,PAY_ELE_TYPE_EXTRA_INFO,Element Information EFF,Context Value,801
PAY_ELEMENT_LINKS_DFF,PAY_ELEMENT_LINKS_F,Element Link Attributes,Context Segment,801
PAY_ELEMENT_TYPES_DDF,PAY_ELEMENT_TYPES_F,Element Type Information,Context Segment,801
PAY_ELEMENT_TYPES_DFF,PAY_ELEMENT_TYPES_F,Element Type Attributes,Context Segment,801
PAY_EVENT_ACTIONS_DDF,PAY_EVENT_ACTIONS_F,Payroll Event Action Information,Context Segment,801
PAY_INSTALLED_LEGISLATIONS_DDF,PAY_INSTALLED_LEGISLATIONS,PAY_INSTALLED_LEGISLATIONS_DDF,Context Segment,801
PAY_OBJECT_GROUP_STORE_DDF,PAY_OBJECT_GROUP_STORE,Object Group Store Information,Context Segment,801
PAY_ORG_PAY_METHODS_DDF,PAY_ORG_PAY_METHODS_F,Org Payment Information,Context Segment,801
PAY_ORG_PAY_METHODS_DFF,PAY_ORG_PAY_METHODS_F,Org Payment Attributes,Context Segment,801
PAY_PAY_RELATIONSHIPS_DDF,PAY_PAY_RELATIONSHIPS_F,Pay Relationship Information,Context Segment,801
PAY_PERSON_PAY_METHODS_DDF,PAY_PERSON_PAY_METHODS_F,Personal Payment Information,Context Segment,801
PAY_PERSON_PAY_METHODS_DFF,PAY_PERSON_PAY_METHODS_F,Personal Payment Attributes,Context Segment,801
SubscriptionFlexfield,OSS_SUBSCRIPTIONS,Subscription,Context Segment,10563
SubscriptionProductFlexfield,OSS_PRODUCTS,Subscription Product,Context Segment,10563
CJM_CLAIMS,CJM_CLAIMS_ALL,Channel Claim Header DFF,Context Segment,10566
CJM_CUSTOMER_CLAIMS,CJM_CLAIMS_ALL,Channel Customer Claim Header DFF.,Context Segment,10566
CJM_CUSTOMER_PROGRAM_HEADER_DFF,CJM_PROGRAMS_ALL_B,Channel Customer Program Header DFF,Context Segment,10566
CJM_CUSTOMER_PROGRAM_LINE_DFF,CJM_PROGRAM_LINES,Channel Customer Program Line DFF,Context Segment,10566
CJM_CUST_ADJUSTMENT_HEADER_DFF,CJM_CUST_ADJUSTMENTS_ALL_B,Channel Customer Manual Adjustment Header DFF,Context Segment,10566
CJM_DOCUMENT_HEADER_DFF,CJM_DOCUMENT_HEADERS_ALL,Channel Document Header DFF,Context Segment,10566
CJM_DOCUMENT_LINE_DFF,CJM_DOCUMENT_LINES_ALL,Channel Document Line DFF,Context Segment,10566
CJM_PROGRAMS,CJM_PROGRAMS_ALL_B,Channel Program Header DFF,Context Segment,10566
CJM_PROGRAM_PRODUCT_RULES,CJM_PROGRAM_LINES,Channel Program Product Rules,Context Segment,10566
CJM_SPECIAL_PRICE_AGREEMENT_HEADER_DFF,CJM_PROGRAMS_ALL_B,Channel Special Price Agreement Header DFF,Context Segment,10566
JV_ACCOUNTING_HEADERS_DFF,JV_ACCOUNTING_HEADERS,Accounting Header Additional Details,Context Segment,10568
JV_ACCOUNT_SETS_DFF,JV_ACCOUNT_SETS_B,Account Set Additional Details,Context Segment,10568
JV_ASSIGNMENT_RULES_DFF,JV_ASSIGNMENT_RULES_B,Assignment Rule Additional Details,Context Segment,10568
JV_CI_AGREEMENTS_DFF,JV_CI_AGREEMENTS_B,Carried Interest Agreement Additional Details,Context Segment,10568
JV_CONTRIBUTION_REFERENCES_DFF,JV_CONTRIBUTION_REFERENCES,Contribution Reference Additional Details,Context Segment,10568
JV_CONTRIBUTION_REQUESTS_DFF,JV_CONTRIBUTION_REQUESTS_B,Partner Contribution Request Additional Details,Context Segment,10568
JV_COST_CENTERS_DFF,JV_COST_CENTERS,Joint Venture Cost Center Additional Details,Context Segment,10568
JV_DISTRIBUTABLE_PROJECTS_DFF,JV_DISTRIBUTABLE_PROJECTS,Distributable Project Rule Additional Details,Context Segment,10568
JV_DISTRIBUTABLE_VALUES_DFF,JV_DISTRIBUTABLE_VALUES,Distributable Value Set Additional Details,Context Segment,10568
JV_DISTRIBUTIONS_DFF,JV_DISTRIBUTIONS,Joint Venture Distribution Additional Details,Context Segment,10568
JV_FACTOR_VALUES_DFF,JV_ADJ_FACTOR_VALUES,Factor Value Additional Details,Context Segment,10568
JV_FILTERS_DFF,JV_ACCOUNT_FILTERS,Filter Additional Details,Context Segment,10568
JV_FILTER_SETS_DFF,JV_ACCOUNT_FILTER_SETS_B,Filter Set Additional Details,Context Segment,10568
JV_INVOICING_PARTNERS_DFF,JV_INVOICING_PARTNERS_B,Invoicing Partner Additional Details,Context Segment,10568
JV_JOINT_VENTURES_DFF,JV_JOINT_VENTURES_B,Joint Venture Additional Details,Context Segment,10568
JV_MEASURE_TYPES_DFF,JV_MEASURE_TYPES_B,Measure Type Additional Details,Context Segment,10568
JV_OPERATIONAL_MEASURES_DFF,JV_OPERATIONAL_MEASURES,Operational Measure Additional Details,Context Segment,10568
JV_OPERATIONAL_STATES_DFF,JV_OPERATIONAL_STATES,Operational State Additional Details,Context Segment,10568
JV_OVERHEAD_MEASURE_TYPES_DFF,JV_OVERHEAD_MEASURE_TYPES,Overhead Measure Type Additional Details,Context Segment,10568
JV_OVERHEAD_METHODS_DFF,JV_OVERHEAD_METHODS_F_B,Overhead Method Additional Details,Context Segment,10568
JV_OWNER_PERCENTS_DFF,JV_OWNER_PERCENTS_F_B,Ownership Definition Additional Details,Context Segment,10568
JV_OWNER_PERCENT_LINES_DFF,JV_OWNER_PERCENT_LINES,Ownership Percentage Additional Details,Context Segment,10568
JV_PARTNER_CONTRIBUTIONS_DFF,JV_CONTRIBUTIONS_B,Partner Contribution Additional Details,Context Segment,10568
JV_PERIODIC_ADJUSTMENT_FACTORS_DFF,JV_PERIODIC_ADJ_FACTORS_B,Periodic Adjustment Factor Additional Details,Context Segment,10568
JV_PROJECT_FILTERS_DFF,JV_PROJECT_FILTERS,Project Filter Additional Details,Context Segment,10568
JV_PROJECT_FILTER_SETS_DFF,JV_PROJECT_FILTER_SETS_B,Project Filter Set Additional Details,Context Segment,10568
JV_PROJECT_FILTER_VALUES_DFF,JV_PROJECT_FILTER_VALUES,Project Filter Value Additional Details,Context Segment,10568
JV_PROJECT_SETS_DFF,JV_PROJECT_SETS_B,Project Set Additional Details,Context Segment,10568
JV_PROJECT_VALUE_SETS_DFF,JV_PROJECT_VALUE_SETS,Project Value Set Additional Details,Context Segment,10568
JV_SLIDING_SCALE_THRESHOLDS_DFF,JV_SLIDING_SCALE_THRESHOLDS,Sliding Scale Threshold Additional Details,Context Segment,10568
JV_SOURCE_TRANSACTIONS_DFF,JV_GENERATED_TRANSACTIONS,Source Transaction Additional Details,Context Segment,10568
JV_STAKEHOLDERS_DFF,JV_STAKEHOLDERS_B,Stakeholder Additional Details,Context Segment,10568
JV_STAKEHOLDER_GROUPS_DFF,JV_CI_GROUPS_F_B,Stakeholder Group Additional Details,Context Segment,10568
JV_STAKEHOLDER_PERCENTS_DFF,JV_CI_GROUP_LINES,Stakeholder Percentage Additional Details,Context Segment,10568
JV_SYSTEM_OPTIONS_DFF,JV_SYSTEM_OPTIONS,System Option Additional Details,Context Segment,10568
JV_TRANSACTIONS_DFF,JV_TRANSACTIONS,Joint Venture Transaction Additional Details,Context Segment,10568
FLA_INCREMENT_TEMPLATES_ALL,FLA_INCREMENT_TEMPLATES_ALL,Payment Increase Templates Descriptive Flexfield,Context Segment,10572
FLA_LEASE_ASSETS,FLA_LEASE_ASSETS,Lease Assets Descriptive Flexfield,Context Segment,10572
FLA_LEASE_DETAILS,FLA_LEASE_DETAILS,Lease Details Descriptive Flexfield,Context Segment,10572
FLA_LEASE_MILESTONES_DFF,FLA_LEASE_MILESTONES,Lease Milestones Descriptive Flexfield,Context Segment,10572
FLA_LEASE_OBLIGATIONS_DFF,FLA_LEASE_OBLIGATIONS,Lease Obligations Descriptive Flexfield,Context Segment,10572
FLA_LEASE_RIGHTS_DFF,FLA_LEASE_RIGHTS,Lease Rights Descriptive Flexfield,Context Segment,10572
FLA_PAYMENT_TEMPLATES_ALL,FLA_PAYMENT_TEMPLATES_ALL,Payment Templates Descriptive Flexfield,Context Segment,10572
FLA_SYSTEM_OPTIONS_ALL,FLA_SYSTEM_OPTIONS_ALL,System Options Descriptive Flexfield,Context Segment,10572
ACTIVITY_DFF,SUS_ACTIVITIES,Activity,Context Segment,10599
EMISSION_FACTOR_MAP,SUS_EMISSION_FACTOR_MAPS,Emission Factor Map,Activity Type,10599
HRR_DASHBOARD_TMPLS_B,HRR_DASHBOARD_TMPLS_B,Dashboard Template,Context Value,10098
HRR_MEETINGS,HRR_MEETINGS,Dashboard Meetings,Context Value,10098
HRL_DATA_FEED_INFORMATION_DDF,HRL_DATA_FEED_INFORMATION,HCM Data Feed Information Attributes,Context Segment,10107
CARRIER_ORGANIZATION,WSH_ORG_CARRIER_SERVICES,Carrier Organization,Context Value,10108
INV_UNITS_OF_MEASURE,INV_UNITS_OF_MEASURE_B,Define Unit of Measure,Context,10108
INV_UOM_CLASSES,INV_UOM_CLASSES_B,Unit of measure classes,Context,10108
RCS_UNITS_OF_MEASURE,INV_UNITS_OF_MEASURE_B,SCM Common UOM Global Flexfield,Regional Information,10108
WSH_CARRIERS,WSH_CARRIERS,Carrier,Context Value,10108
WSH_TRANSIT_TIME_VALUES,WSH_TRANSIT_TIME_VALUES,Transit Time,Context Value,10108
ANC_ABSENCE_CATEGORIES_DFF,ANC_ABSENCE_CATEGORIES_F,Absence Categories DFF,Context Segment,10110
ANC_ABSENCE_CATEGORIES_LEG_DDF,ANC_ABSENCE_CATEGORIES_F,Absence Categories DDF,Context Segment,10110
ANC_ABSENCE_PATTERNS_DFF,ANC_ABSENCE_PATTERNS_F,Absence Patterns DFF,Context Segment,10110
ANC_ABSENCE_PATTERNS_LEG_DDF,ANC_ABSENCE_PATTERNS_F,Absence Patterns DDF,Context Segment,10110
ANC_ABSENCE_PLANS_DFF,ANC_ABSENCE_PLANS_F,Absence Plan DFF,Context Segment,10110
ANC_ABSENCE_PLANS_LEG_DDF,ANC_ABSENCE_PLANS_F,Absence Plan DDF,Context Segment,10110
ANC_ABSENCE_REASONS_DFF,ANC_ABSENCE_REASONS_F,Absence Reasons DFF,Context Segment,10110
ANC_ABSENCE_REASONS_LEG_DDF,ANC_ABSENCE_REASONS_F,Absence Reasons DDF,Context Segment,10110
ANC_ABSENCE_TYPES_DFF,ANC_ABSENCE_TYPES_F,Absence Type DFF,Context Segment,10110
ANC_ABSENCE_TYPES_LEG_DDF,ANC_ABSENCE_TYPES_F,Absence Type DDF,Context Segment,10110
ANC_ABSENCE_TYPE_CATE_DFF,ANC_ABSENCE_TYPE_CATE_F,Absence Type Category DFF,Context Segment,10110
ANC_ABSENCE_TYPE_CATE_LEG_DDF,ANC_ABSENCE_TYPE_CATE_F,Absence Type Category DDF,Context Segment,10110
ANC_ABSENCE_TYPE_PLANS_DFF,ANC_ABSENCE_TYPE_PLANS_F,Absence Type Plan DFF,Context Segment,10110
ANC_ABSENCE_TYPE_PLANS_LEG_DDF,ANC_ABSENCE_TYPE_PLANS_F,Absence Type Plan DDF,Context Segment,10110
ANC_ABS_AGREEMENTS_F_DFF,ANC_ABSENCE_AGREEMENTS_F,Absence Agreements Template DFF,Context Segment,10110
ANC_ABS_AGREEMENTS_F_LEG_DDF,ANC_ABSENCE_AGREEMENTS_F,Absence Agreements Template DDF,Context Segment,10110
ANC_ABS_CERTIFICATIONS_DFF,ANC_ABS_CERTIFICATIONS_F,Absence Certifications DFF,Context Segment,10110
ANC_ABS_CERTIFICATIONS_LEG_DDF,ANC_ABS_CERTIFICATIONS_F,Absence Certifications DDF,Context Segment,10110
ANC_ABS_PATTERN_RGNS_DFF,ANC_ABSENCE_PATTERN_RGNS_F,Absence Pattern Regions DFF,Context Segment,10110
ANC_ABS_PATTERN_RGNS_LEG_DDF,ANC_ABSENCE_PATTERN_RGNS_F,Absence Pattern Regions DDF,Context Segment,10110
ANC_ABS_PATTERN_USAGES_DFF,ANC_ABS_PATTERN_USAGES_F,Absence Pattern Usages DFF,Context Segment,10110
ANC_ABS_PATTERN_USAGES_LEG_DDF,ANC_ABS_PATTERN_USAGES_F,Absence Pattern Usages DDF,Context Segment,10110
ANC_ABS_TYPE_CERTS_DFF,ANC_ABS_TYPE_CERTS_F,Absence Type Cert DFF,Context Segment,10110
ANC_ABS_TYPE_CERTS_LEG_DDF,ANC_ABS_TYPE_CERTS_F,Absence Type Cert DDF,Context Segment,10110
ANC_ABS_TYPE_REASONS_DFF,ANC_ABSENCE_TYPE_REASONS_F,Absence Type Reason DFF,Context Segment,10110
ANC_ABS_TYPE_REASONS_LEG_DDF,ANC_ABSENCE_TYPE_REASONS_F,Absence Type Reason DDF,Context Segment,10110
ANC_ABS_TYPE_REGIONS_DFF,ANC_ABSENCE_TYPE_REGIONS_F,Absence Type Region DFF,Context Segment,10110
ANC_ABS_TYPE_REGIONS_LEG_DDF,ANC_ABSENCE_TYPE_REGIONS_F,Absence Type Region DDF,Context Segment,10110
ANC_ABS_TYPE_RGN_USAGES_DFF,ANC_ABS_TYPE_RGN_USAGES_F,Absence Type Region Usage DFF,Context Segment,10110
ANC_ABS_USAGE_RULES_DFF,ANC_ABS_USAGE_RULES_F,Absence Usage Rule DFF,Context Segment,10110
ANC_ABS_USAGE_RULES_LEG_DDF,ANC_ABS_USAGE_RULES_F,Absence Usage Rule DDF,Context Segment,10110
ANC_ACCRUAL_BANDS_DFF,ANC_ACCRUAL_BANDS_F,Absence Accrual Band DFF,Context Segment,10110
ANC_ACCRUAL_BANDS_LEG_DDF,ANC_ACCRUAL_BANDS_F,Absence Accrual Band DDF,Context Segment,10110
ANC_ENTL_BANDS_DFF,ANC_ENTL_BANDS_F,Absence Entitlement Band DFF,Context Segment,10110
ANC_ENTL_BANDS_DTL_DFF,ANC_ENTL_BANDS_DTL_F,Absence Entitlement Bands Detail DFF,Context Segment,10110
EGO_MANUFACTURER_EFF,EGO_MANUFACTURER_EFF_B,Manufacturer Extended Attributes,Context Segment,10011
EGP_CATEGORY_DFF,EGP_CATEGORIES_B,EGP_CATEGORY_DFF,Context Value,10011
EGP_CATEGORY_SETS_DFF,EGP_CATEGORY_SETS_B,EGP_CATEGORY_SETS_DFF,Context Segment,10011
EGP_COMPONENT_DFF,EGP_COMPONENTS_B,EGP_COMPONENT_DFF,Context,10011
EGP_ITEM_CLASS_DFF,EGP_ITEM_CLASSES_B,EGP_ITEM_CLASS_DFF,Name/Number Emboss,10011
EGP_ITEM_RELATIONSHIPS_DFF,EGP_ITEM_RELATIONSHIPS_B,EGP_ITEM_RELATIONSHIPS_DFF,Context,10011
EGP_ITEM_REVISIONS_DFF,EGP_ITEM_REVISIONS_B,EGP_ITEM_REVISIONS_DFF,Context,10011
EGP_REFERENCE_DESIGNATOR_DFF,EGP_REFERENCE_DESIGNATORS,EGP_REFERENCE_DESIGNATOR_DFF,Context,10011
EGP_STRUCTURE_HEADER_DFF,EGP_STRUCTURES_B,EGP_STRUCTURE_HEADER_DFF,Context,10011
EGP_SUBSTITUTE_COMPONENT_DFF,EGP_SUBSTITUTE_COMPONENTS,EGP_SUBSTITUTE_COMPONENT_DFF,Context,10011
EGP_SYSTEM_ITEMS_DFF,EGP_SYSTEM_ITEMS_B,EGP_SYSTEM_ITEMS_DFF,Context,10011
EGP_TRADING_PARTNER_ITEMS_DFF,EGP_TRADING_PARTNER_ITEMS,EGP_TRADING_PARTNER_ITEMS_DFF,Trading Partner Item Context,10011
EXM_CASH_ADVANCE,EXM_CASH_ADVANCES,Cash Advance,Context Segment,10016
EXM_EXPENSES,EXM_EXPENSES,Expenses,Expense Type,10016
EXM_EXPENSE_ATTENDEES,EXM_EXPENSE_ATTENDEES,Expense Attendees,Expense Attendee Type,10016
EXM_EXPENSE_REPORT_HEADER,EXM_EXPENSE_REPORTS,Expenses Report Header,Context Segment,10016
HRA_DOC_TYPES_B,HRA_DOC_TYPES_B,Performance Document Types,Context Value,10020
HRA_EVALUATIONS,HRA_EVALUATIONS,Performance Evaluations,Context Value,10020
HRA_EVAL_ITEMS,HRA_EVAL_ITEMS,Performance Evaluation Items,Context Value,10020
HRA_EVAL_RATINGS,HRA_EVAL_RATINGS,Performance Evaluation Ratings,Context Value,10020
HRA_SECTION_DEFNS_B,HRA_SECTION_DEFNS_B,Performance Section Definition,Context Value,10020
HRA_TMPL_DEFNS_B,HRA_TMPL_DEFNS_B,Performance Template Definition,Context Value,10020
HRA_TMPL_SECTIONS,HRA_TMPL_SECTIONS,Performance Template Sections,Context Value,10020
HRT_CONTENT_ITEMS_B,HRT_CONTENT_ITEMS_B,Content Items,Context Value,10022
HRT_ESTABLISHMENTS_B,HRT_ESTABLISHMENTS_B,Educational Establishments,Context Value,10022
HRT_POOLS_B,HRT_POOLS_B,Talent Pools,Context Segment,10022
HRT_POOL_MEMBERS,HRT_POOL_MEMBERS,Talent Pool Members,Context Segment,10022
HRT_PROFILE_ITEMS,HRT_PROFILE_ITEMS,Profile Items,Context Value,10022
HRT_RATING_LEVELS_B,HRT_RATING_LEVELS_B,Rating Levels,Context Value,10022
HRT_RATING_MODELS_B,HRT_RATING_MODELS_B,Rating Models,Context Value,10022
HZ_CONTACT_POINTS,HZ_CONTACT_POINTS,Contact Point,Enter Contact Point Information,10024
HZ_CUST_ACCOUNTS,HZ_CUST_ACCOUNTS,Customer Account,Enter Customer Account Information,10024
HZ_CUST_ACCOUNT_ROLES,HZ_CUST_ACCOUNT_ROLES,Customer Account Contact,Enter Customer Account Contact Information,10024
HZ_CUST_ACCT_RELATE_ALL,HZ_CUST_ACCT_RELATE_ALL,Customer Account Relationship,Enter Customer Account Relationship Information,10024
HZ_CUST_ACCT_SITES_ALL,HZ_CUST_ACCT_SITES_ALL,Customer Account Site,Enter Customer Account Site Information,10024
HZ_CUST_SITE_USES_ALL,HZ_CUST_SITE_USES_ALL,Customer Account Site Use,Enter Customer Account Site Use Information,10024
HZ_LOCATIONS,HZ_LOCATIONS,Location,Enter Location Information,10024
HZ_ORGANIZATION_PROFILES,HZ_ORGANIZATION_PROFILES,Organization,Enter Organization Information,10024
HZ_ORG_CONTACTS,HZ_ORG_CONTACTS,Organization Contact,Enter Organization Contact Information,10024
HZ_ORIG_SYS_REFERENCES,HZ_ORIG_SYS_REFERENCES,Source System Reference,Enter Source System Reference Information,10024
HZ_PARTY_SITES,HZ_PARTY_SITES,Party Site,Enter Party Site Information,10024
HZ_PERSON_PROFILES,HZ_PERSON_PROFILES,Person,Enter Person Information,10024
HZ_RELATIONSHIPS,HZ_RELATIONSHIPS,Relationship,Enter Relationship Information,10024
HZ_ROLE_RESPONSIBILITY,HZ_ROLE_RESPONSIBILITY,Customer Account Contact Role,Enter Customer Account Contact Role Information,10024
JTF_RS_ROLES_B,JTF_RS_ROLES_B,Resource Role,Enter Resource Role Information,10024
JTF_RS_TEAMS_B,JTF_RS_TEAMS_B,Resource Team,Enter Resource Team Information,10024
PJB_BILLING_EVENTS_FLEX,PJB_BILLING_EVENTS,Billing Events,Context Prompt,10035
PJB_BILL_EXTN_DESC_FLEX,PJB_BILLING_EXTENSIONS,Billing Extensions,Context Prompt,10035
PJB_BILL_PLANS_DESC_FLEX,PJB_BILL_PLANS_B,Bill Plan,Context Prompt,10035
PJB_BILL_TRXS_FLEX,PJB_BILL_TRXS,Billing Transaction,Context Prompt,10035
PJB_INVOICE_HEADERS_FLEX,PJB_INVOICE_HEADERS,Invoice Header,Context Prompt,10035
PJB_INVOICE_LINES_FLEX,PJB_INVOICE_LINES,Invoice Lines,Context Prompt,10035
PJC_ALLOC_RULES_DESC_FLEX,PJC_ALLOC_RULES_ALL,Project Allocation Rule,Context Prompt,10036
QP_ROUNDING_RULES_FLEX,QP_ROUNDING_RULES_B,Rounding Rule Header DFF,Context Value,667
QP_ROUNDING_RULE_ASSIGNMENTS_FLEX,QP_ROUNDING_RULE_ASSIGNMENTS,Rounding Rule Assignment DFF,Context Value,667
QP_ROUNDING_RULE_RANGES_FLEX,QP_ROUNDING_RULE_RANGES,Rounding Rule Range DFF,Context Value,667
QP_SHIPPING_CHARGES_FLEX,QP_SHIPPING_CHARGES,Shipping Charge DFF,Context Segment,667
QP_SHIPPING_CHARGE_LISTS_FLEX,QP_SHIPPING_CHARGE_LISTS_ALL_B,Shipping Charge List Header,Context Segment,667
QP_TIER_HEADERS_FLEX,QP_TIER_HEADERS,Tier Header DFF,Context Value,667
QP_TIER_LINES_FLEX,QP_TIER_LINES,Tier Line DFF,Context Value,667
IBY_BEPINFO,IBY_BEPINFO,Payment Systems,Context Value,673
IBY_BEPKEYS,IBY_BEPKEYS,Payment System Accounts,Context Value,673
IBY_CREDITCARD,IBY_CREDITCARD,Credit Cards,Context Value,673
IBY_EXT_BANK_ACCOUNTS,IBY_EXT_BANK_ACCOUNTS,External Bank Accounts,Context Value,673
IBY_FNDCPT_PMT_CHNNLS,IBY_FNDCPT_PMT_CHNNLS_B,Funds Capture Payment Methods,Context Value,673
IBY_FNDCPT_SYS_CC_PF,IBY_FNDCPT_SYS_CC_PF_B,Credit Card Funds Capture Process Profile,Context Value,673
IBY_FNDCPT_SYS_DC_PF,IBY_FNDCPT_SYS_DC_PF_B,Debit Card Funds Capture Process Profile,Context Value,673
IBY_FNDCPT_SYS_EFT_PF,IBY_FNDCPT_SYS_EFT_PF_B,EFT Funds Capture Process Profile,Context Value,673
IBY_FORMATS,IBY_FORMATS_B,Payment Formats,Context Value,673
IBY_PAYMENTS_ALL,IBY_PAYMENTS_ALL,IBY_PAYMENTS_ALL,Context Segment,673
IBY_PAYMENT_METHODS,IBY_PAYMENT_METHODS_B,Disbursement Payment Methods,Context Value,673
IBY_PMT_INSTR_USES_ALL,IBY_PMT_INSTR_USES_ALL,Instrument Assignments,Context Value,673
IBY_SYS_PMT_PROFILES,IBY_SYS_PMT_PROFILES_B,Payment Process Profiles,Context Value,673
AR_COLLECTORS,AR_COLLECTORS,Collectors,Context Value,695
IEX_BANKRUPTCIES_FLEX,IEX_CUST_BANKRUPTCIES,IEX Bankruptcy Flexfield,Context Segment,695
IEX_CASE_FOLDERS,IEX_CASE_FOLDERS,Case Folder Information,Context Value,695
IEX_PROMISE_DETAILS,IEX_PROMISE_DETAILS,Promise Information,Context Value,695
IEX_STRATEGY_ASSIGNMENT_MATRIX,IEX_STRATEGY_ASSIGNMENT_MATRIX,Scoring and Strategy Assignment Information,Context Value,695
CST_ANALYSIS_CODES_B,CST_ANALYSIS_CODES_B,Cost Analysis Code,Context,707
CST_ANALYSIS_GROUPS_B,CST_ANALYSIS_GROUPS_B,Cost Analysis Group,Context,707
CST_ANALYSIS_MAPPINGS_B,CST_ANALYSIS_MAPPINGS_B,Cost Analysis Mappings,Context Segment,707
CST_COMPONENT_GROUPS_B,CST_COMPONENT_GROUPS_B,Cost Component Group,Context,707
CST_COST_BOOKS_B,CST_COST_BOOKS_B,Cost Book,Context,707
CST_COST_ELEMENTS_B,CST_COST_ELEMENTS_B,Cost Element,Context,707
CST_COST_ELEMENT_GRPS_B,CST_COST_ELEMENT_GRPS_B,Cost Element Group,Context,707
CST_COST_INV_ORGS,CST_COST_INV_ORGS,Cost Inventory Organization,Context,707
CST_COST_ORG_BOOKS,CST_COST_ORG_BOOKS,Cost Organization Book,Context,707
CST_COST_PROFILES_B,CST_COST_PROFILES_B,Cost Profile,Context,707
CST_DEFAULT_COST_PROFILES,CST_DEFAULT_COST_PROFILES,Default Cost Profile,Context,707
CST_ELEMENT_ANALYSIS_GROUPS,CST_ELEMENT_ANALYSIS_GROUPS,Cost Element Analysis Group,Context,707
CST_ELEMENT_GROUP_DETAILS,CST_ELEMENT_GROUP_DETAILS,Cost Element Group Detail,Context,707
CST_ESTIMATE_MAPPINGS_B,CST_ESTIMATE_MAPPINGS_B,Cost Estimate Mappings,Context Segment,707
CST_EXPENSE_POOLS_B,CST_EXPENSE_POOLS_B,Cost Expense Pool,Context,707
CST_ITEM_COST_PROFILES,CST_ITEM_COST_PROFILES,Item Cost Profile,Context,707
CST_PERIOD_VALIDATIONS,CST_PERIOD_VALIDATIONS,Cost Period Validation,Context,707
CST_TRANSACTION_GROUPS,CST_TRANSACTION_GROUPS,Cost Transaction Group,Context,707
CST_TRANSACTION_OVERHEADS,CST_TRANSACTION_OVERHEADS,Cost Transaction Overhead,Context,707
CST_VAL_STRUCTURES_B,CST_VAL_STRUCTURES_B,Cost Valuation Structure,Context,707
CST_VAL_UNITS_B,CST_VAL_UNITS_B,Cost Valuation Unit,Context,707
CST_VAL_UNIT_DETAILS,CST_VAL_UNIT_DETAILS,Cost Valuation Unit Detail,Context,707
RA_TERMS,RA_TERMS_B,Payment Terms,Context Value,222
RA_TERMS_LINES,RA_TERMS_LINES,Payment Term Lines,Context Value,222
RA_TERMS_LINES_DISCOUNTS,RA_TERMS_LINES_DISCOUNTS,Payment Term Line Discounts,Context Value,222
CE_BANK_ACCOUNTS,CE_BANK_ACCOUNTS,Bank Accounts,Context Value,260
CE_EXTERNAL_TRANSACTIONS,CE_EXTERNAL_TRANSACTIONS,External Transactions,Context Value,260
CE_STATEMENT_HEADERS,CE_STATEMENT_HEADERS,Statement Headers,Context Value,260
CE_STATEMENT_LINES,CE_STATEMENT_LINES,Statement Lines,Context Value,260
CN_COMP_PLANS_DFF,CN_COMP_PLANS_ALL_B,Incentive Compensation Plan,Context Segment,283
CN_MEASURES_DFF,CN_FORMULAS_ALL_B,Incentive Compensation Performance Measure,Context Segment,283
CN_PARTICIPANTS_DFF,CN_SRP_PARTICIPANTS_ALL,Participants,Context Segment,283
CN_PARTICIPANT_DETAIL_DFF,CN_SRP_PARTICIPANT_DETAILS_ALL,Participant Detail,Context Value,283
CN_PLAN_COMPONENTS_DFF,CN_PLAN_COMPONENTS_ALL_B,Incentive Compensation Plan Component,Context Segment,283
CN_SRP_COMP_PLANS_ALL_DFF,CN_SRP_COMP_PLANS_ALL,Participant Plan,Context Segment,283
CN_TP_BASETRANS_DFF,CN_TP_TRANSACTIONS_ALL,Base Transaction,Business Unit Context for Base Transaction Attributes,283
PON_AUCTION_HEADERS,PON_AUCTION_HEADERS_ALL,Supplier Negotiation Headers,Context Attribute,396
PON_AUCTION_ITEM_PRICES,PON_AUCTION_ITEM_PRICES_ALL,Supplier Negotiation Lines,Context Attribute,396
PON_AUCTION_SUPPLIER_HEADERS,PON_AUCTION_HEADERS_ALL,Supplier Negotiation Headers for Suppliers,Context Attribute,396
PON_NEGOTIATION_ABSTRACTS,PON_NEGOTIATION_ABSTRACTS,Supplier Negotiation Abstracts,Context Attribute,396
PON_PROGRAM_HEADERS,PON_PROGRAM_HEADERS,Sourcing Program Headers,Context Attribute,396
INV_ABC_ASSIGNMENT_GROUPS,INV_ABC_ASSIGNMENT_GROUPS,ABC Assignment Groups,Context,401
INV_ABC_COMPILE_HEADERS,INV_ABC_COMPILE_HEADERS,ABC Classification Set Headers,Context Value,401
INV_ACTIONS,INV_ACTIONS_B,Maintain Actions,Context Value,401
INV_BARCODE_FORMAT_HEADERS,INV_BARCODE_FORMAT_HEADERS,Inventory barcode format headers,Context Segment,401
INV_BARCODE_FORMAT_LINES,INV_BARCODE_FORMAT_LINES,Inventory barcode format lines,Context Segment,401
INV_CYCLE_COUNT_ENTRIES,INV_CYCLE_COUNT_ENTRIES,Cycle Count Entries,Context Value,401
INV_CYCLE_COUNT_HEADERS,INV_CYCLE_COUNT_HEADERS,Cycle Count Headers,Context Value,401
INV_GENERIC_DISPOSITIONS,INV_GENERIC_DISPOSITIONS,Account aliases,Context Value,401
INV_GRADES,INV_GRADES_B,Maintain Grades,Context Value,401
INV_INTERORG_PARAMETERS,INV_INTERORG_PARAMETERS,Inter-organization parameters,Context Value,401
INV_INTERSUB_PARAMETERS,INV_INTERSUB_PARAMETERS,Inter subinventories parameters,Context Value,401
INV_ITEM_LOCATIONS,INV_ITEM_LOCATIONS,Stock locators,Context,401
INV_ITEM_SUB_INVENTORIES,INV_ITEM_SUB_INVENTORIES,Item Subinventories,Context Value,401
INV_LICENSE_PLATE_NUMBERS,INV_LICENSE_PLATE_NUMBERS,INV License Plate Numbers,Context Value,401
INV_LOT_ATTRIBUTES,INV_LOT_NUMBERS,Lot Attributes,Context Value,401
INV_LOT_NUMBERS,INV_LOT_NUMBERS,Maintain Lot Numbers,Context Value,401
INV_MATERIAL_TXNS,INV_MATERIAL_TXNS,Transaction history,Context,401
INV_ORG_PARAMETERS,INV_ORG_PARAMETERS,Organization parameters,Context,401
INV_PHYSICAL_INVENTORIES,INV_PHYSICAL_INVENTORIES,Physical Inventory,Context Value,401
INV_PHYSICAL_INVENTORY_TAGS,INV_PHYSICAL_INVENTORY_TAGS,Physical Inventory Tags,Context,401
INV_PICK_GROUPING_RULES,INV_PICK_GROUPING_RULES_B,Additional Pick Grouping Rule Information,Context,401
INV_PRINT_LABEL_LN_KEYS_DFF,INV_PRINT_LABEL_LINES,Inventory Print Label Line Keys,Key Context Segment,401
INV_REPLENISH_REQUEST,INV_REPLENISH_REQUEST,Inventory Replenishment Request,Context Segment,401
INV_RESERVATIONS,INV_RESERVATIONS,Reservations,Context Value,401
INV_SECONDARY_INVENTORIES,INV_SECONDARY_INVENTORIES,Subinventories,Source Type,401
INV_SERIAL_ATTRIBUTES,INV_SERIAL_NUMBERS,Serial Attributes,Context Value,401
INV_SERIAL_NUMBERS,INV_SERIAL_NUMBERS,Serial numbers,Context Value,401
INV_STRIPING_ATTRIBUTES,INV_ONHAND_QUANTITIES_DETAIL,Inventory Attributes,Context Segment,401
INV_TRANSACTIONS_INTERFACE,INV_TRANSACTIONS_INTERFACE,Transaction interface,Context,401
INV_TRANSACTION_REASONS,INV_TRANSACTION_REASONS_B,Transaction Reasons,Context Segment,401
INV_TRANSACTION_SOURCES,INV_MATERIAL_TXNS_TEMP,Transaction source,Context Value,401
INV_TRANSACTION_TYPES,INV_TRANSACTION_TYPES_B,Transaction types,Context Value,401
INV_TRANSFER_ORDER_DISTRIBS,INV_TRANSFER_ORDER_DISTRIBS,Internal Material Transfer Order Distributions,Context Segment,401
BEN_REGN_DFF,BEN_REGN_F,Regulation Attributes,Context Segment,805
BEN_REL_ASSIGNMENTS_DFF,BEN_REL_ASSIGNMENTS_F,Relation Assignments Attributes,Context Segment,805
BEN_RPTG_GRP_DFF,BEN_RPTG_GRP,Reporting Group Attributes,Context Segment,805
IRC_MP_GIGS_DFF,IRC_MP_GIGS_B,Gig Descriptive Flexfield,Context Segment,821
IRC_OFFERS_DFF,IRC_OFFERS,Job Offer Descriptive Flexfield,Context Segment,821
IRC_REQUISITIONS_DFF,IRC_REQUISITIONS_B,Job Requisition Descriptive Flexfield,Context Segment,821
IRC_RF_REFERRALS_DFF,IRC_RF_REFERRALS,Referral Descriptive Flexfield,Context Segment,821
CSE_ASSETS,CSE_ASSETS_B,Asset,Context Segment,873
CSE_ASSET_QUALIFICATIONS,CSE_ASSET_QUALIFICATIONS,Asset Qualification,Context Segment,873
CSE_FAILURE_EVENTS,CSE_FAILURE_EVENTS,Failure Event,Context Segment,873
CSE_FAILURE_INSTANCES,CSE_FAILURE_INSTANCES,Failure Instance,Context Segment,873
CSE_FAILURE_ROOT_CAUSES,CSE_FAILURE_ROOT_CAUSES,Failure Root Cause,Context Segment,873
JA_CN_GT_TRX,JA_CN_TRX_HEADERS_ALL,Golden Tax Transactions for China,Additional Information,7000
JE_NET_AGREEMENTS_DFF,JE_NET_AGREEMENTS,Netting Agreements,Context Value,7002
JE_NET_BATCHES_DFF,JE_NET_BATCHES,Netting Batches,Context Value,7002
JE_POZ_SUPPLIERS,POZ_SUPPLIERS,Supplier Regional Information,Regional Information,7002
JE_POZ_SUPPLIER_SITES,POZ_SUPPLIER_SITES_ALL_M,Supplier Site Region Information,Regional Information,7002
JE_RA_CUSTOMER_TRX,RA_CUSTOMER_TRX_ALL,Receivables Transaction Region Information,Regional Information,7002
JGFsclHdrDtlsAtrbExtDFF,JG_FSCL_HDR_DTLS_ATRB_EXT_ALL,JG FD Header Details Attribute Extensions DFF,Context Segment,7003
JGFsclHdrsAtrbExtDFF,JG_FSCL_HDRS_ATRB_EXT_ALL,JG Fiscal Header Attributes Extensions DFF,Context Segment,7003
JGFsclLinesAtrbExtDFF,JG_FSCL_LINES_ATRB_EXT_ALL,JG FD Line Attribute Extensions DFF,Context Segment,7003
JGFsclLnDtlsAtrbExtDFF,JG_FSCL_LN_DTLS_ATRB_EXT_ALL,JG FD Line Details Attribute Extensions DFF,Context Segment,7003
JG_AP_CHECKS,AP_CHECKS_ALL,Payables Checks Regional Information,Regional Information,7003
JG_AP_INVOICES,AP_INVOICES_ALL,Payables Invoice Regional Information,Regional Information,7003
JG_AP_INVOICE_LINES,AP_INVOICE_LINES_ALL,Payables Invoice Line Regional Information,Regional Information,7003
JG_AP_PAYMENT_SCHEDULES,AP_PAYMENT_SCHEDULES_ALL,Payables Payment Schedule Regional Information,Regional Information,7003
JG_AP_SYSTEM_PARAMETERS,AP_SYSTEM_PARAMETERS_ALL,Payables System Parameters Regional Information,Regional Information,7003
JG_AP_TERMS,AP_TERMS_B,Payables Terms Regional Information,Regional Information,7003
JG_AR_CASH_RECEIPTS,AR_CASH_RECEIPTS_ALL,Receivables Cash Receipt Regional Information,Regional Information,7003
JG_AR_LOCKBOXES,AR_LOCKBOXES_ALL,Lockboxes for Japan,Regional Information,7003
JG_AR_MEMO_LINES,AR_MEMO_LINES_ALL_B,Receivables Memo Line Regional Information,Regional Information,7003
JG_AR_PAYMENT_SCHEDULES,AR_PAYMENT_SCHEDULES_ALL,Receivables Pay Schedule Regional Information,Regional Information,7003
JG_AR_RECEIPT_CLASSES,AR_RECEIPT_CLASSES,Receivables Receipt Class Regional Information,Regional Information,7003
JG_AR_RECEIVABLE_APPLICATIONS,AR_RECEIVABLE_APPLICATIONS_ALL,Receivables Application Regional Information,Regional Information,7003
JG_AR_REMIT_TO_LOCS,AR_REMIT_TO_LOCS_ALL,AR Remit to Locations Regional Information,Regional Information,7003
JG_AR_SYSTEM_PARAMETERS,AR_SYSTEM_PARAMETERS_ALL,Receivables System Options Regional Information,Regional Information,7003
JG_CE_BANK_ACCOUNTS,CE_BANK_ACCOUNTS,Internal Bank Accounts Regional Information,Regional Information,7003
JG_EGP_SYSTEM_ITEMS,EGP_SYSTEM_ITEMS_B,Product Item Regional Information,Regional Information,7003
JG_FA_ADDITIONS,FA_ADDITIONS_B,Asset Additions Regional Information,Regional Information,7003
JG_FA_CATEGORY_BOOKS,FA_CATEGORY_BOOKS,Asset Category Regional Information,Regional Information,7003
JG_FSCL_DOC_LINES,JG_FSCL_DOC_LINES_ALL,JG Fiscal Document Lines,Regional Information,7003
JG_FSCL_DOC_RELATIONS,JG_FSCL_DOC_RELATIONS_ALL,JG Fiscal Document Relations,Regional Information,7003
JG_FSCL_HDRS_ATRB_EXT,JG_FSCL_HDRS_ATRB_EXT_ALL,JG Fiscal Header Attributes Supplement,Regional Information,7003
JG_FSCL_HDR_DTLS_ATRB_EXT,JG_FSCL_HDR_DTLS_ATRB_EXT_ALL,JG Fiscal Header Details Attributes Supplement,Regional Information,7003
JG_FSCL_LINES_ATRB_EXT,JG_FSCL_LINES_ATRB_EXT_ALL,JG Fiscal Lines Attributes Supplement,Regional Information,7003
JG_FSCL_LN_DTLS_ATRB_EXT,JG_FSCL_LN_DTLS_ATRB_EXT_ALL,JG Fiscal Line Details Attributes Supplement,Regional Information,7003
JG_GL_JE_HEADERS,GL_JE_HEADERS,General Ledger Journal Regional Information,Regional Information,7003
JG_GL_JE_LINES,GL_JE_LINES,General Ledger Journal Line Regional Information,Regional Information,7003
JG_HZ_CUSTOMER_PROFILES,HZ_CUSTOMER_PROFILES_F,Customer Profile Regional Information,Regional Information,7003
JG_RA_BATCH_SOURCES,RA_BATCH_SOURCES_ALL,Receivables Batch Source Regional Information,Regional Information,7003
JG_RA_CUSTOMER_TRX_INTERFACE,RA_INTERFACE_LINES_ALL,AR Transaction Interface Regional Information,Regional Information,7003
JG_RA_CUSTOMER_TRX_LINES,RA_CUSTOMER_TRX_LINES_ALL,AR Transaction Line Regional Information,Regional Information,7003
JG_RA_CUSTOMER_TRX_LINES_INTERFACE,RA_INTERFACE_LINES_ALL,Receivables Line Interface Regional Information,Regional Information,7003
JG_SYSTEM_OPTIONS,JG_SYSTEM_OPTIONS_ALL,JG System Options Regional Information,Country,7003
JG_ZX_LINES_DET_FACTORS,ZX_LINES_DET_FACTORS,Tax Lines Determining Factors,Regional Information,7003
JGxAPInvoiceDistributions,AP_INVOICE_DISTRIBUTIONS_ALL,AP Invoice Distributions Regional Information,Regional Information,7003
JGxAPInvoicePayments,AP_INVOICE_PAYMENTS_ALL,Invoice Payments Regional Information,Regional Information,7003
JGxARAdjustments,AR_ADJUSTMENTS_ALL,Adjustments Regional Information,Regional Information,7003
JGxARMiscCashDistributions,AR_MISC_CASH_DISTRIBUTIONS_ALL,AR Miscellaneous Receipts Regional Information,Regional Information,7003
JGxARReceiptMethods,AR_RECEIPT_METHODS,Receipt Methods Regional Information,Regional Information,7003
JGxARReceivablesTrx,AR_RECEIVABLES_TRX_ALL,Receivables Activities Regional Information,Regional Information,7003
JGxFAAssetInvoices,FA_ASSET_INVOICES,FA Asset Invoices Regional Information,Regional Information,7003
JGxFABookControls,FA_BOOK_CONTROLS,FA Book Controls Regional Information,Regional Information,7003
JGxFABooks,FA_BOOKS,FA Books Regional Information,Regional Information,7003
JGxFADepreciationMethods,FA_METHODS,FA Depreciation Methods Regional Information,Regional Information,7003
