BU_ID,BU_NAME,DEFAULT_SET_ID,STATUS,CREATED_BY,DEFAULT_SET_CODE,DEFAULT_SET_NAME,PRIMARY_LEDGER_ID,PRIMARY_LEDGER_NAME,LEGAL_ENTITY_NAME,LEGAL_ENTITY_ID
300000003738302,LE AUD BU,0,A,System.Administrator,COMMON,Common Set,300000003273644,LE AUD TXN GL,ADIA CORP AUD,300000003559666
300000003738449,RE KRW BU,0,A,System.Administrator,COMMON,Common Set,300000003273686,RE KRW PRI GL,ADIA RE KRW,300000003559693
300000003738475,RE NOK BU,0,A,System.Administrator,COMMON,Common Set,300000003273692,RE NOK PRI GL,ADIA  RE NOK ,300000003559694
300000003738488,RE NZD BU,0,A,System.Administrator,COMMON,Common Set,300000003273695,RE NZD PRI GL,ADIA RE NZD,300000003559691
300000003738540,RE TRY BU,0,A,System.Administrator,COMMON,Common Set,300000003273707,RE TRY PRI GL,ADIA RE TRY,300000003559674
300000009013059,LE OPEX AED BU,0,A,System.Administrator,COMMON,Common Set,300000008937693,LE OPEX AED TXN GL,Abu Dhabi Investment Authority (ADIA) - OPEX,300000008937677
300000003738263,LE GBP BU,0,A,System.Administrator,COMMON,Common Set,300000003273650,LE GBP TXN GL,ADIA CORP GBP,300000003559689
300000003738289,LE AED BU,0,A,System.Administrator,COMMON,Common Set,300000003273641,LE AED TXN GL,ADIA CORP AED,300000003559690
300000003738345,RE GBP BU,0,A,System.Administrator,COMMON,Common Set,300000003273677,RE GBP PRI GL,ADIA RE GBP,300000003559720
300000003738397,RE CHF BU,0,A,System.Administrator,COMMON,Common Set,300000003273665,RE CHF PRI GL,ADIA RE CHF,300000003295767
300000003738501,RE RUB BU,0,A,System.Administrator,COMMON,Common Set,300000003273698,RE RUB PRI GL,ADIA RE RUB,300000003559692
300000003738514,RE SEK BU,0,A,System.Administrator,COMMON,Common Set,300000003273701,RE SEK PRI GL,ADIA RE SEK,300000003559711
300000003738527,RE SGD BU,0,A,System.Administrator,COMMON,Common Set,300000003273704,RE SGD PRI GL,ADIA RE SGD,300000003559709
300000003738332,RE USD BU,0,A,System.Administrator,COMMON,Common Set,300000003273710,RE USD PRI GL,ADIA RE USD,300000003273864
300000003738250,LE USD BU,0,A,System.Administrator,COMMON,Common Set,300000003273656,LE USD TXN GL,ADIA CORP USD,300000003273850
300000003738358,RE EUR BU,0,A,System.Administrator,COMMON,Common Set,300000003273674,RE EUR PRI GL,ADIA RE EUR,300000003559675
300000003738436,RE HKD BU,0,A,System.Administrator,COMMON,Common Set,300000003273680,RE HKD PRI GL,ADIA RE HKD,300000003559707
300000031171029,LE AED Lab BU,300000031170032,A,svcERPProdServiceAdm@adia.ae,ADIA LAB,ADIA Lab Set,300000003273641,LE AED TXN GL,ADIA Lab RSC Limited,300000004264031
300000003738384,RE BRL BU,0,A,System.Administrator,COMMON,Common Set,300000003273662,RE BRL PRI GL,ADIA RE BRL,300000003295766
300000003738553,RE INR BU,0,A,System.Administrator,COMMON,Common Set,300000003273683,RE INR PRI GL,ADIA RE INR,300000003559710
300000003738423,RE CNY BU,0,A,System.Administrator,COMMON,Common Set,300000003273671,RE CNY PRI GL,ADIA RE CNY,300000003559708
300000003738315,LE HKD BU,0,A,System.Administrator,COMMON,Common Set,300000003273653,LE HKD TXN GL,ADIA COR HKD,300000003559665
300000003738462,RE MXN BU,0,A,System.Administrator,COMMON,Common Set,300000003273689,RE MXN PRI GL,ADIA RE MXN,300000003559706
300000003738276,LE EUR BU,0,A,System.Administrator,COMMON,Common Set,300000003273647,LE EUR TXN GL,ADIA CORP EUR,300000003559719
300000003738371,RE AUD BU,0,A,System.Administrator,COMMON,Common Set,300000003273659,RE AUD PRI GL,ADIA RE AUD,300000003559658
300000003738410,RE CLP BU,0,A,System.Administrator,COMMON,Common Set,300000003273668,RE CLP PRI GL,ADIA RE CLP,300000003559657
300000039651768,LE CNY BU,0,A,Raghav.Mittal@adia.ae,COMMON,Common Set,300000039559519,LE CNY TXN GL,ADIA CORP CNY,300000038254041
