BUSINESS_UNIT_ID,MODULE_NAME,CONFIGURATION_STATUS,BU_NAME
300000003738436,Payables Invoicing,Y,RE HKD BU
300000003738436,Payables Payment,Y,RE HKD BU
300000003738436,Procurement,Y,RE HKD BU
300000003738436,Receiving,Y,RE HKD BU
300000003738436,Requisitioning,Y,RE HKD BU
300000003738436,Materials Management,Y,RE HKD BU
300000003738315,Materials Management,Y,LE HKD BU
300000003738315,Payables Invoicing,Y,LE HKD BU
300000003738315,Payables Payment,Y,LE HKD BU
300000003738315,Procurement,Y,LE HKD BU
300000003738315,Receiving,Y,LE HKD BU
300000003738315,Requisitioning,Y,LE HKD BU
300000003738371,Materials Management,Y,RE AUD BU
300000003738371,Payables Invoicing,Y,RE AUD BU
300000003738371,Payables Payment,Y,RE AUD BU
300000003738371,Procurement,Y,RE AUD BU
300000003738371,Receiving,Y,RE AUD BU
300000003738371,Requisitioning,Y,RE AUD BU
300000003738250,Materials Management,Y,LE USD BU
300000003738250,Payables Invoicing,Y,LE USD BU
300000003738250,Payables Payment,Y,LE USD BU
300000003738250,Procurement,Y,LE USD BU
300000003738250,Receiving,Y,LE USD BU
300000003738250,Requisitioning,Y,LE USD BU
300000003738358,Materials Management,Y,RE EUR BU
300000003738358,Payables Invoicing,Y,RE EUR BU
300000003738358,Payables Payment,Y,RE EUR BU
300000003738358,Procurement,Y,RE EUR BU
300000003738358,Receiving,Y,RE EUR BU
300000003738358,Requisitioning,Y,RE EUR BU
300000003738384,Materials Management,Y,RE BRL BU
300000003738384,Payables Invoicing,Y,RE BRL BU
300000003738384,Payables Payment,Y,RE BRL BU
300000003738384,Procurement,Y,RE BRL BU
300000003738384,Receiving,Y,RE BRL BU
300000003738384,Requisitioning,Y,RE BRL BU
300000003738423,Materials Management,Y,RE CNY BU
300000003738423,Payables Invoicing,Y,RE CNY BU
300000003738423,Payables Payment,Y,RE CNY BU
300000003738423,Procurement,Y,RE CNY BU
300000003738423,Receiving,Y,RE CNY BU
300000003738423,Requisitioning,Y,RE CNY BU
300000003738553,Materials Management,Y,RE INR BU
300000003738553,Payables Invoicing,Y,RE INR BU
300000003738553,Payables Payment,Y,RE INR BU
300000003738553,Procurement,Y,RE INR BU
300000003738553,Receiving,Y,RE INR BU
300000003738553,Requisitioning,Y,RE INR BU
300000003738462,Materials Management,Y,RE MXN BU
300000003738462,Payables Invoicing,Y,RE MXN BU
300000003738462,Payables Payment,Y,RE MXN BU
300000003738462,Procurement,Y,RE MXN BU
300000003738462,Receiving,Y,RE MXN BU
300000003738462,Requisitioning,Y,RE MXN BU
300000003738276,Payables Invoicing,Y,LE EUR BU
300000003738276,Payables Payment,Y,LE EUR BU
300000003738276,Procurement,Y,LE EUR BU
300000003738276,Receiving,Y,LE EUR BU
300000003738276,Requisitioning,Y,LE EUR BU
300000003738276,Materials Management,Y,LE EUR BU
300000003738332,Materials Management,Y,RE USD BU
300000003738332,Payables Invoicing,Y,RE USD BU
300000003738332,Payables Payment,Y,RE USD BU
300000003738332,Procurement,Y,RE USD BU
300000003738332,Receiving,Y,RE USD BU
300000003738332,Requisitioning,Y,RE USD BU
300000003738410,Materials Management,Y,RE CLP BU
300000003738410,Payables Invoicing,Y,RE CLP BU
300000003738410,Payables Payment,Y,RE CLP BU
300000003738410,Procurement,Y,RE CLP BU
300000003738410,Receiving,Y,RE CLP BU
300000003738410,Requisitioning,Y,RE CLP BU
300000003738449,Materials Management,Y,RE KRW BU
300000003738449,Payables Invoicing,Y,RE KRW BU
300000003738449,Payables Payment,Y,RE KRW BU
300000003738449,Procurement,Y,RE KRW BU
300000003738449,Receiving,Y,RE KRW BU
300000003738449,Requisitioning,Y,RE KRW BU
300000003738488,Materials Management,Y,RE NZD BU
300000003738488,Payables Invoicing,Y,RE NZD BU
300000003738488,Payables Payment,Y,RE NZD BU
300000003738488,Procurement,Y,RE NZD BU
300000003738488,Receiving,Y,RE NZD BU
300000003738488,Requisitioning,Y,RE NZD BU
300000003738501,Materials Management,Y,RE RUB BU
300000003738501,Payables Invoicing,Y,RE RUB BU
300000003738501,Payables Payment,Y,RE RUB BU
300000003738501,Procurement,Y,RE RUB BU
300000003738501,Receiving,Y,RE RUB BU
300000003738501,Requisitioning,Y,RE RUB BU
300000003738514,Materials Management,Y,RE SEK BU
300000003738514,Payables Invoicing,Y,RE SEK BU
300000003738514,Payables Payment,Y,RE SEK BU
300000003738514,Procurement,Y,RE SEK BU
300000003738514,Receiving,Y,RE SEK BU
300000003738514,Requisitioning,Y,RE SEK BU
300000003738527,Materials Management,Y,RE SGD BU
300000003738527,Payables Invoicing,Y,RE SGD BU
300000003738527,Payables Payment,Y,RE SGD BU
300000003738527,Procurement,Y,RE SGD BU
300000003738527,Receiving,Y,RE SGD BU
300000003738527,Requisitioning,Y,RE SGD BU
300000003738540,Materials Management,Y,RE TRY BU
300000003738540,Payables Invoicing,Y,RE TRY BU
300000003738540,Payables Payment,Y,RE TRY BU
300000003738540,Procurement,Y,RE TRY BU
300000003738540,Receiving,Y,RE TRY BU
300000003738540,Requisitioning,Y,RE TRY BU
300000009013059,Materials Management,Y,LE OPEX AED BU
300000009013059,Payables Invoicing,Y,LE OPEX AED BU
300000009013059,Payables Payment,Y,LE OPEX AED BU
300000009013059,Procurement,Y,LE OPEX AED BU
300000009013059,Procurement Contract Management,Y,LE OPEX AED BU
300000009013059,Receiving,Y,LE OPEX AED BU
300000009013059,Requisitioning,Y,LE OPEX AED BU
300000003738263,Materials Management,Y,LE GBP BU
300000003738263,Payables Invoicing,Y,LE GBP BU
300000003738263,Payables Payment,Y,LE GBP BU
300000003738263,Procurement,Y,LE GBP BU
300000003738263,Receiving,Y,LE GBP BU
300000003738263,Requisitioning,Y,LE GBP BU
300000003738345,Materials Management,Y,RE GBP BU
300000003738345,Payables Invoicing,Y,RE GBP BU
300000003738345,Payables Payment,Y,RE GBP BU
300000003738345,Procurement,Y,RE GBP BU
300000003738345,Receiving,Y,RE GBP BU
300000003738345,Requisitioning,Y,RE GBP BU
300000003738397,Materials Management,Y,RE CHF BU
300000003738397,Payables Invoicing,Y,RE CHF BU
300000003738397,Payables Payment,Y,RE CHF BU
300000003738397,Procurement,Y,RE CHF BU
300000003738397,Receiving,Y,RE CHF BU
300000003738397,Requisitioning,Y,RE CHF BU
300000003738289,Materials Management,Y,LE AED BU
300000003738289,Payables Invoicing,Y,LE AED BU
300000003738289,Payables Payment,Y,LE AED BU
300000003738289,Procurement,Y,LE AED BU
300000003738289,Receiving,Y,LE AED BU
300000003738289,Requisitioning,Y,LE AED BU
300000003738302,Materials Management,Y,LE AUD BU
300000003738302,Payables Invoicing,Y,LE AUD BU
300000003738302,Payables Payment,Y,LE AUD BU
300000003738302,Procurement,Y,LE AUD BU
300000003738302,Receiving,Y,LE AUD BU
300000003738302,Requisitioning,Y,LE AUD BU
300000003738475,Materials Management,Y,RE NOK BU
300000003738475,Payables Invoicing,Y,RE NOK BU
300000003738475,Payables Payment,Y,RE NOK BU
300000003738475,Procurement,Y,RE NOK BU
300000003738475,Receiving,Y,RE NOK BU
300000003738475,Requisitioning,Y,RE NOK BU
300000039651768,Materials Management,Y,LE CNY BU
300000039651768,Payables Invoicing,Y,LE CNY BU
300000039651768,Payables Payment,Y,LE CNY BU
300000039651768,Procurement,Y,LE CNY BU
300000039651768,Receiving,Y,LE CNY BU
300000039651768,Requisitioning,Y,LE CNY BU
300000031171029,Procurement,Y,LE AED Lab BU
