LEDGER_ID,NAME,CHART_OF_ACCOUNTS_ID,CURRENCY_CODE,CREATED_BY
300000003273641,LE AED TXN GL,2001,AED,System.Administrator
300000003273656,LE USD TXN GL,2001,USD,System.Administrator
300000003273668,RE CLP PRI GL,3001,CLP,System.Administrator
300000003273674,RE EUR PRI GL,3001,EUR,System.Administrator
300000003273686,RE KRW PRI GL,3001,KRW,System.Administrator
300000003273695,RE NZD PRI GL,3001,NZD,System.Administrator
300000003273748,LE ADJ AED TXN GL,2001,AED,System.Administrator
300000003273772,RE AUD SEC GL,3001,AUD,System.Administrator
300000003273796,RE EUR SEC GL,3001,EUR,System.Administrator
300000003273808,RE INR SEC GL,3001,INR,System.Administrator
300000003273812,RE KRW SEC GL,3001,KRW,System.Administrator
300000004159670,LE TXN ADJ SET,2001,X,System.Administrator
300000008937693,LE OPEX AED TXN GL,2001,AED,System.Administrator
300000003273644,LE AUD TXN GL,2001,AUD,System.Administrator
300000003273647,LE EUR TXN GL,2001,EUR,System.Administrator
300000003273653,LE HKD TXN GL,2001,HKD,System.Administrator
300000003273671,RE CNY PRI GL,3001,CNY,System.Administrator
300000003273683,RE INR PRI GL,3001,INR,System.Administrator
300000003273752,LE ADJ AUD TXN GL,2001,AUD,System.Administrator
300000003273756,LE ADJ EUR TXN GL,2001,EUR,System.Administrator
300000003273760,LE ADJ GBP TXN GL,2001,GBP,System.Administrator
300000003273768,LE ADJ USD TXN GL,2001,USD,System.Administrator
300000003273784,RE CHF SEC GL,3001,CHF,System.Administrator
300000003273788,RE CLP SEC GL,3001,CLP,System.Administrator
300000003273800,RE GBP SEC GL,3001,GBP,System.Administrator
300000003273824,RE NZD SEC GL,3001,NZD,System.Administrator
300000004159668,ADIA RE ALL SET,3001,X,System.Administrator
300000003273677,RE GBP PRI GL,3001,GBP,System.Administrator
300000003273689,RE MXN PRI GL,3001,MXN,System.Administrator
300000003273710,RE USD PRI GL,3001,USD,System.Administrator
300000003273804,RE HKD SEC GL,3001,HKD,System.Administrator
300000003273816,RE MXN SEC GL,3001,MXN,System.Administrator
300000003273840,RE TRY SEC GL,3001,TRY,System.Administrator
300000039559526,LE ADJ CNY TXN GL,2001,CNY,Raghav.Mittal@adia.ae
300000003273701,RE SEK PRI GL,3001,SEK,System.Administrator
300000003273704,RE SGD PRI GL,3001,SGD,System.Administrator
300000003273792,RE CNY SEC GL,3001,CNY,System.Administrator
300000003273828,RE RUB SEC GL,3001,RUB,System.Administrator
300000003273832,RE SEK SEC GL,3001,SEK,System.Administrator
300000003273836,RE SGD SEC GL,3001,SGD,System.Administrator
300000004145361,ADIA RE PRI SET,3001,X,System.Administrator
300000004145362,LE TXN SET,2001,X,System.Administrator
300000004145363,ADIA RE SEC SET,3001,X,System.Administrator
300000004145364,LE TXN REVAL SET,2001,X,System.Administrator
300000004145365,LE GBP SET,2001,X,System.Administrator
300000004145366,LE AUD SET,2001,X,System.Administrator
300000004145367,LE HKD SET,2001,X,System.Administrator
300000004145368,LE ADJ SET,2001,X,System.Administrator
300000004145370,LE AED SET,2001,X,System.Administrator
300000004145372,LE EUR SET,2001,X,System.Administrator
300000004145373,LE USD SET,2001,X,System.Administrator
300000039559519,LE CNY TXN GL,2001,CNY,Raghav.Mittal@adia.ae
300000003273650,LE GBP TXN GL,2001,GBP,System.Administrator
300000003273659,RE AUD PRI GL,3001,AUD,System.Administrator
300000003273662,RE BRL PRI GL,3001,BRL,System.Administrator
300000003273665,RE CHF PRI GL,3001,CHF,System.Administrator
300000003273680,RE HKD PRI GL,3001,HKD,System.Administrator
300000003273692,RE NOK PRI GL,3001,NOK,System.Administrator
300000003273698,RE RUB PRI GL,3001,RUB,System.Administrator
300000003273707,RE TRY PRI GL,3001,TRY,System.Administrator
300000003273764,LE ADJ HKD TXN GL,2001,HKD,System.Administrator
300000003273844,RE USD SEC GL,3001,USD,System.Administrator
300000003273780,RE BRL SEC GL,3001,BRL,System.Administrator
300000003273820,RE NOK SEC GL,3001,NOK,System.Administrator
300000039619491,LE CNY SET1,2001,X,svcERPProdServiceAdm@adia.ae
