PAYMENT_METHOD_CODE,CREATED_BY,PAYMENT_METHOD_NAME,LANGUAGE
ACH,SEED_DATA_FROM_APPLICATION,ACH (e-Commerce Gateway),US
BACS,SEED_DATA_FROM_APPLICATION,BACS (e-Commerce Gateway),US
BILLS_PAYABLE,SEED_DATA_FROM_APPLICATION,Bills Payable,US
BOP,SEED_DATA_FROM_APPLICATION,BOP (e-Commerce Gateway),US
CHECK,SEED_DATA_FROM_APPLICATION,Check,US
CLEARING,SEED_DATA_FROM_APPLICATION,Clearing,US
CWT,SEED_DATA_FROM_APPLICATION,CWT (e-Commerce Gateway),US
DK_1,SEED_DATA_FROM_APPLICATION,Domestic Check,US
DK_10,SEED_DATA_FROM_APPLICATION,Foreign Transfer with Exchange and Green Notice,US
DK_2,SEED_DATA_FROM_APPLICATION,Domestic Transfer Short Notice,US
DK_3,SEED_DATA_FROM_APPLICATION,Domestic Transfer Long Notice,US
DK_4,SEED_DATA_FROM_APPLICATION,"Giro Inpayment Form, Type 01",US
DK_5,SEED_DATA_FROM_APPLICATION,"Giro Inpayment Form, Type 04",US
DK_6,SEED_DATA_FROM_APPLICATION,"Giro Inpayment Form, Type 15",US
DK_7,SEED_DATA_FROM_APPLICATION,"Giro Inpayment Form, Type 71",US
DK_8,SEED_DATA_FROM_APPLICATION,Foreign Check Sent to Payee,US
DK_9,SEED_DATA_FROM_APPLICATION,Foreign Check Sent to Payer,US
EFT,SEED_DATA_FROM_APPLICATION,Electronic,US
FEW,SEED_DATA_FROM_APPLICATION,FEW (e-Commerce Gateway),US
FWT,SEED_DATA_FROM_APPLICATION,FWT (e-Commerce Gateway),US
ORA_JPMC_EFT_PM,SEED_DATA_FROM_APPLICATION,JPM EFT Payment Method,US
ORA_JPM_PAPER_PM,SEED_DATA_FROM_APPLICATION,JPM Paper Payment Method,US
ORA_JPM_VC_Payments,SEED_DATA_FROM_APPLICATION,JPM Virtual Card,US
ORA_MC_VC_Payments,SEED_DATA_FROM_APPLICATION,Mastercard Virtual Card,US
ORA_PNC_CHK_PM,SEED_DATA_FROM_APPLICATION,PNC Check Payment Method,US
ORA_PNC_EFT_PM,SEED_DATA_FROM_APPLICATION,PNC EFT Payment Method,US
OUTSOURCED_CHECK,SEED_DATA_FROM_APPLICATION,Outsourced Check,US
SWT,SEED_DATA_FROM_APPLICATION,SWT (e-Commerce Gateway),US
WIRE,SEED_DATA_FROM_APPLICATION,Wire,US
ZZZ,SEED_DATA_FROM_APPLICATION,ZZZ (e-Commerce Gateway),US
