PAYMENT_METHOD_CODE,PAYMENT_METHOD_NAME,FORMAT_VALUE,START_DATE,END_DATE,SUPPORT_BILLS_PAYABLE_FLAG,CREATED_BY
BILLS_PAYABLE,Bills Payable,,2008-10-02T00:00:00.000+00:00,4712-12-31T00:00:00.000+00:00,Y,SEED_DATA_FROM_APPLICATION
CHECK,Check,,2008-10-02T00:00:00.000+00:00,4712-12-31T00:00:00.000+00:00,N,SEED_DATA_FROM_APPLICATION
CLEARING,Clearing,,2008-10-02T00:00:00.000+00:00,4712-12-31T00:00:00.000+00:00,N,SEED_DATA_FROM_APPLICATION
DK_1,Domestic Check,,2008-10-02T00:00:00.000+00:00,4712-12-31T00:00:00.000+00:00,N,SEED_DATA_FROM_APPLICATION
DK_10,Foreign Transfer with Exchange and Green Notice,,2008-10-02T00:00:00.000+00:00,4712-12-31T00:00:00.000+00:00,N,SEED_DATA_FROM_APPLICATION
DK_2,Domestic Transfer Short Notice,,2008-10-02T00:00:00.000+00:00,4712-12-31T00:00:00.000+00:00,N,SEED_DATA_FROM_APPLICATION
DK_3,Domestic Transfer Long Notice,,2008-10-02T00:00:00.000+00:00,4712-12-31T00:00:00.000+00:00,N,SEED_DATA_FROM_APPLICATION
DK_4,"Giro Inpayment Form, Type 01",,2008-10-02T00:00:00.000+00:00,4712-12-31T00:00:00.000+00:00,N,SEED_DATA_FROM_APPLICATION
DK_5,"Giro Inpayment Form, Type 04",,2008-10-02T00:00:00.000+00:00,4712-12-31T00:00:00.000+00:00,N,SEED_DATA_FROM_APPLICATION
DK_6,"Giro Inpayment Form, Type 15",,2008-10-02T00:00:00.000+00:00,4712-12-31T00:00:00.000+00:00,N,SEED_DATA_FROM_APPLICATION
DK_7,"Giro Inpayment Form, Type 71",,2008-10-02T00:00:00.000+00:00,4712-12-31T00:00:00.000+00:00,N,SEED_DATA_FROM_APPLICATION
DK_8,Foreign Check Sent to Payee,,2008-10-02T00:00:00.000+00:00,4712-12-31T00:00:00.000+00:00,N,SEED_DATA_FROM_APPLICATION
DK_9,Foreign Check Sent to Payer,,2008-10-02T00:00:00.000+00:00,4712-12-31T00:00:00.000+00:00,N,SEED_DATA_FROM_APPLICATION
EFT,Electronic,,2008-10-02T00:00:00.000+00:00,4712-12-31T00:00:00.000+00:00,N,SEED_DATA_FROM_APPLICATION
ORA_JPMC_EFT_PM,JPM EFT Payment Method,TRF,2022-02-01T00:00:00.000+00:00,4712-12-31T00:00:00.000+00:00,N,SEED_DATA_FROM_APPLICATION
ORA_JPM_PAPER_PM,JPM Paper Payment Method,CHK,2022-06-01T00:00:00.000+00:00,4712-12-31T00:00:00.000+00:00,N,SEED_DATA_FROM_APPLICATION
ORA_PNC_CHK_PM,PNC Check Payment Method,CHK,2024-09-26T00:00:00.000+00:00,4712-12-31T00:00:00.000+00:00,N,SEED_DATA_FROM_APPLICATION
ORA_PNC_EFT_PM,PNC EFT Payment Method,TRF,2024-09-26T00:00:00.000+00:00,4712-12-31T00:00:00.000+00:00,N,SEED_DATA_FROM_APPLICATION
OUTSOURCED_CHECK,Outsourced Check,,2008-10-02T00:00:00.000+00:00,4712-12-31T00:00:00.000+00:00,N,SEED_DATA_FROM_APPLICATION
WIRE,Wire,,2008-10-02T00:00:00.000+00:00,4712-12-31T00:00:00.000+00:00,N,SEED_DATA_FROM_APPLICATION
