SYSTEM_PROFILE_CODE,ALLOW_MULTIPLE_COPY_FLAG,REMITTANCE_ADVICE_FORMAT_CODE,REMIT_ADVICE_DELIVERY_METHOD,SRA_OVERRIDE_PAYEE_FLAG,AUTOMATIC_SRA_SUBMIT_FLAG,CREATED_BY
IBY_PAY_EFT_BBS_NO,Y,,,N,N,SEED_DATA_FROM_APPLICATION
IBY_PAY_EFT_CITI_MTMS_PL,Y,,,N,N,SEED_DATA_FROM_APPLICATION
IBY_PAY_EFT_CREDIT_TRANS_PL,Y,,,N,N,SEED_DATA_FROM_APPLICATION
IBY_PAY_EFT_DOMESTIC_BE,Y,IBY_PAY_REMIT_ADV,,N,N,SEED_DATA_FROM_APPLICATION
IBY_PAY_EFT_DOMESTIC_DE,Y,IBY_PAY_REMIT_ADV,,N,N,SEED_DATA_FROM_APPLICATION
IBY_PAY_EFT_DOMESTIC_NL,Y,IBY_PAY_REMIT_ADV,,N,N,SEED_DATA_FROM_APPLICATION
IBY_PAY_EFT_DTA_CH,Y,IBY_PAY_REMIT_ADV,,N,N,SEED_DATA_FROM_APPLICATION
IBY_PAY_EFT_ES,Y,IBY_PAY_REMIT_ADV,,N,N,SEED_DATA_FROM_APPLICATION
IBY_PAY_EFT_FED_BULK_CCDP,Y,,,N,N,SEED_DATA_FROM_APPLICATION
IBY_PAY_EFT_FED_BULK_NCR_1,Y,,,N,N,SEED_DATA_FROM_APPLICATION
IBY_PAY_EFT_FED_BULK_NCR_2,Y,,,N,N,SEED_DATA_FROM_APPLICATION
IBY_PAY_EFT_FED_BULK_PPDP,Y,,,N,N,SEED_DATA_FROM_APPLICATION
IBY_PAY_EFT_FED_CCDP_CONSOL,Y,,,N,N,SEED_DATA_FROM_APPLICATION
IBY_PAY_EFT_FED_CTX,Y,,,N,N,SEED_DATA_FROM_APPLICATION
IBY_PAY_EFT_FED_CTX_CONSOL,Y,,,N,N,SEED_DATA_FROM_APPLICATION
IBY_PAY_EFT_FED_ECS_CCD,Y,,,N,N,SEED_DATA_FROM_APPLICATION
IBY_PAY_EFT_FED_ECS_CCDP,Y,,,N,N,SEED_DATA_FROM_APPLICATION
IBY_PAY_EFT_FED_ECS_NCR,Y,,,N,N,SEED_DATA_FROM_APPLICATION
IBY_PAY_EFT_FED_ECS_PPD,Y,,,N,N,SEED_DATA_FROM_APPLICATION
IBY_PAY_EFT_FED_ECS_PPDP,Y,,,N,N,SEED_DATA_FROM_APPLICATION
IBY_PAY_EFT_FED_PPDP_CONSOL,Y,,,N,N,SEED_DATA_FROM_APPLICATION
IBY_PAY_EFT_FED_SPS_CCD,Y,,,N,N,SEED_DATA_FROM_APPLICATION
IBY_PAY_EFT_FED_SPS_CCDP,Y,,,N,N,SEED_DATA_FROM_APPLICATION
IBY_PAY_EFT_FED_SPS_NCR,Y,,,N,N,SEED_DATA_FROM_APPLICATION
IBY_PAY_EFT_FED_SPS_PPD,Y,,,N,N,SEED_DATA_FROM_APPLICATION
IBY_PAY_EFT_FED_SPS_PPDP,Y,,,N,N,SEED_DATA_FROM_APPLICATION
IBY_PAY_EFT_FOREIGN_BE,Y,IBY_PAY_REMIT_ADV,,N,N,SEED_DATA_FROM_APPLICATION
IBY_PAY_EFT_FOREIGN_DE,Y,IBY_PAY_REMIT_ADV,,N,N,SEED_DATA_FROM_APPLICATION
IBY_PAY_EFT_FOREIGN_NL,Y,IBY_PAY_REMIT_ADV,,N,N,SEED_DATA_FROM_APPLICATION
IBY_PAY_EFT_FOR_POSTGIRO_SE,Y,,,N,N,SEED_DATA_FROM_APPLICATION
IBY_PAY_EFT_FR,Y,IBY_PAY_REMIT_ADV,,N,N,SEED_DATA_FROM_APPLICATION
IBY_PAY_EFT_IT,Y,IBY_PAY_REMIT_ADV,,N,N,SEED_DATA_FROM_APPLICATION
IBY_PAY_EFT_LMP2_FI,Y,,,N,N,SEED_DATA_FROM_APPLICATION
IBY_PAY_EFT_LMP3_FI,Y,IBY_PAY_REMIT_ADV,,N,N,SEED_DATA_FROM_APPLICATION
IBY_PAY_EFT_LUM_FI,Y,IBY_PAY_REMIT_ADV,,N,N,SEED_DATA_FROM_APPLICATION
IBY_PAY_EFT_NACHA_CCDP_US,Y,,,N,N,SEED_DATA_FROM_APPLICATION
IBY_PAY_EFT_NACHA_CCD_US,Y,,,N,N,SEED_DATA_FROM_APPLICATION
IBY_PAY_EFT_NACHA_IAT_US,N,,,N,N,SEED_DATA_FROM_APPLICATION
IBY_PAY_EFT_NACHA_PPD_US,Y,,,N,N,SEED_DATA_FROM_APPLICATION
IBY_PAY_EFT_NACHA_US,Y,,,N,N,SEED_DATA_FROM_APPLICATION
IBY_PAY_EFT_PAY_ORDER_PL,Y,,,N,N,SEED_DATA_FROM_APPLICATION
IBY_PAY_EFT_POSTGIRO_SE,Y,,,N,N,SEED_DATA_FROM_APPLICATION
IBY_PAY_EFT_PT,Y,IBY_PAY_REMIT_ADV,,N,N,SEED_DATA_FROM_APPLICATION
IBY_PAY_EFT_SAD_CH,Y,IBY_PAY_REMIT_ADV,,N,N,SEED_DATA_FROM_APPLICATION
IBY_PAY_EFT_SISU_BANKGIRO_SE,Y,,,N,N,SEED_DATA_FROM_APPLICATION
IBY_PAY_EFT_TELEPAY_NO,Y,,,N,N,SEED_DATA_FROM_APPLICATION
IBY_PAY_EFT_UTLI_BANKGIRO_SE,Y,,,N,N,SEED_DATA_FROM_APPLICATION
IBY_PAY_EFT_ZENGIN_JP,Y,,,N,N,SEED_DATA_FROM_APPLICATION
IBY_PAY_INT_EFT_FR,Y,IBY_PAY_REMIT_ADV,,N,N,SEED_DATA_FROM_APPLICATION
IBY_PAY_PROMISSORY_NOTE_ES,Y,,,N,N,SEED_DATA_FROM_APPLICATION
IBY_PAY_PROMISSORY_NOTE_FR,Y,IBY_PAY_REMIT_ADV,,N,N,SEED_DATA_FROM_APPLICATION
IBY_PAY_WIRE_DE,Y,IBY_PAY_REMIT_ADV,,N,N,SEED_DATA_FROM_APPLICATION
IBY_PAY_WIRE_IT,Y,IBY_PAY_REMIT_ADV,,N,N,SEED_DATA_FROM_APPLICATION
IBY_PAY_WIRE_PT,N,,,N,N,SEED_DATA_FROM_APPLICATION
IBY_JPMC_ISO20022_CGI,N,,,N,N,SEED_DATA_FROM_APPLICATION
IBY_JPMC_ISO20022_SEPA,N,,,N,N,SEED_DATA_FROM_APPLICATION
IBY_MC_VC,Y,IBY_PAY_REMIT_ADV_CSV,EMAILCSV,N,Y,SEED_DATA_FROM_APPLICATION
IBY_PNC_ISO20022_CGI,N,,,N,N,SEED_DATA_FROM_APPLICATION
IBY_JPM_VC,Y,IBY_PAY_REMIT_ADV_CSV,EMAILCSV,N,Y,SEED_DATA_FROM_APPLICATION
ADIA_PAY_EDI_SWIFT_MT100,N,ADIASeparateRemittanceAdvice ,,N,N,System.Administrator
ADIA Cheque,Y,ADIASeparateRemittanceAdvice ,PRINTED,Y,Y,System.Administrator
ADIA_OPEX_FA_Payments,N,ADIASeparateRemittanceAdvice ,,N,N,System.Administrator
ADIA Clearing Payments,N,,,N,N,System.Administrator
IBY_JPMC_ISO20022_CGI_V2,N,,,N,N,SEED_DATA_FROM_APPLICATION
IBY_FV_PAY_EFT_PAM_ACH,N,,,N,N,SEED_DATA_FROM_APPLICATION
IBY_FV_PAY_EFT_PAM_CHK,N,,,N,N,SEED_DATA_FROM_APPLICATION
IBY_FV_PAY_EFT_SPS_ACH,N,,,N,N,SEED_DATA_FROM_APPLICATION
IBY_FV_PAY_EFT_SPS_CHK,N,,,N,N,SEED_DATA_FROM_APPLICATION
IBY_FV_PAY_EFT_SPS_SDP,N,,,N,N,SEED_DATA_FROM_APPLICATION
IBY_ISO20022_CGI,N,,,N,N,SEED_DATA_FROM_APPLICATION
IBY_ISO20022_SEPA,N,,,N,N,SEED_DATA_FROM_APPLICATION
IBY_PAYPAL,N,,,N,N,SEED_DATA_FROM_APPLICATION
IBY_PAY_BANK_TRANSFER_REQ,N,,,N,N,SEED_DATA_FROM_APPLICATION
IBY_PAY_CHK_1_CO,Y,IBY_PAY_REMIT_ADV,,N,N,SEED_DATA_FROM_APPLICATION
IBY_PAY_CHK_2_CO,Y,IBY_PAY_REMIT_ADV,,N,N,SEED_DATA_FROM_APPLICATION
IBY_PAY_CHK_AR,Y,IBY_PAY_REMIT_ADV,,N,N,SEED_DATA_FROM_APPLICATION
IBY_PAY_CHK_BORDERO_BR,Y,IBY_PAY_REMIT_ADV,,N,N,SEED_DATA_FROM_APPLICATION
IBY_PAY_CHK_BR,Y,IBY_PAY_REMIT_ADV,,N,N,SEED_DATA_FROM_APPLICATION
IBY_PAY_CHK_CL,Y,IBY_PAY_REMIT_ADV,,N,N,SEED_DATA_FROM_APPLICATION
IBY_PAY_CHK_DE,Y,,,N,N,SEED_DATA_FROM_APPLICATION
IBY_PAY_CHK_DE_A,Y,,,N,N,SEED_DATA_FROM_APPLICATION
IBY_PAY_CHK_ES,Y,,,N,N,SEED_DATA_FROM_APPLICATION
IBY_PAY_CHK_FORM_FEED_1,Y,,,N,N,SEED_DATA_FROM_APPLICATION
IBY_PAY_CHK_FORM_FEED_1A,Y,,,N,N,SEED_DATA_FROM_APPLICATION
IBY_PAY_CHK_FORM_FEED_2,Y,,,N,N,SEED_DATA_FROM_APPLICATION
IBY_PAY_CHK_FORM_FEED_2A,Y,,,N,N,SEED_DATA_FROM_APPLICATION
IBY_PAY_CHK_FR,Y,,,N,N,SEED_DATA_FROM_APPLICATION
IBY_PAY_CHK_FR_A,Y,,,N,N,SEED_DATA_FROM_APPLICATION
IBY_PAY_CHK_LASER,Y,,,N,N,SEED_DATA_FROM_APPLICATION
IBY_PAY_CHK_LASER_A,Y,,,N,N,SEED_DATA_FROM_APPLICATION
IBY_PAY_CHK_PT,Y,,,N,N,SEED_DATA_FROM_APPLICATION
IBY_PAY_CHK_STANDARD_1,Y,,,N,N,SEED_DATA_FROM_APPLICATION
IBY_PAY_CHK_STANDARD_1A,Y,,,N,N,SEED_DATA_FROM_APPLICATION
IBY_PAY_CHK_STANDARD_2,Y,,,N,N,SEED_DATA_FROM_APPLICATION
IBY_PAY_CHK_STANDARD_2A,Y,,,N,N,SEED_DATA_FROM_APPLICATION
IBY_PAY_CHK_TREASURY,Y,,,N,N,SEED_DATA_FROM_APPLICATION
IBY_PAY_ECE,N,,,N,N,SEED_DATA_FROM_APPLICATION
IBY_PAY_EDI_ANSI_X12_820,Y,,,N,N,SEED_DATA_FROM_APPLICATION
IBY_PAY_EDI_PAYMUL,Y,,,N,N,SEED_DATA_FROM_APPLICATION
IBY_PAY_EDI_SWIFT_MT100,Y,,,N,N,SEED_DATA_FROM_APPLICATION
IBY_PAY_EDI_SWIFT_MT103,Y,,,N,N,SEED_DATA_FROM_APPLICATION
IBY_PAY_EFT_BACS_UK,Y,,,N,N,SEED_DATA_FROM_APPLICATION
IBY_PAY_EFT_BANKGIRO_SE,Y,,,N,N,SEED_DATA_FROM_APPLICATION
