FORMAT_CODE,FORMAT_NAME,CREATED_BY
IBY_REC_PAYER_PMT_NOTIFY,Receipt of Payment Notification Format,SEED_DATA_FROM_APPLICATION
IBY_TCN_SESSION_REQUEST,TouchNet Payment Session Request,SEED_DATA_FROM_APPLICATION
IBY_TCN_SESSION_RESPONSE,TouchNet Payment Session Response,SEED_DATA_FROM_APPLICATION
IBY_TCN_TRXN_QUERY_REQUEST,TouchNet Transaction Query Request,SEED_DATA_FROM_APPLICATION
IBY_TCN_TRXN_QUERY_RESPONSE,TouchNet Transaction Query Response,SEED_DATA_FROM_APPLICATION
IBY_TCN_TRXN_REQUEST,TouchNet Transaction Request,SEED_DATA_FROM_APPLICATION
IBY_TCN_TRXN_RESPONSE,TouchNet Transaction Response,SEED_DATA_FROM_APPLICATION
IBY_CYS_SOAP_CC_1_86,CyberSource SOAP Toolkit Credit Card 1.86,SEED_DATA_FROM_APPLICATION
IBY_CYS_TOKEN_REQUEST,CyberSource Card Tokenization Request,SEED_DATA_FROM_APPLICATION
IBY_CYS_TOKEN_RESPONSE,CyberSource Card Tokenization Request Response,SEED_DATA_FROM_APPLICATION
PMT_INSTR_REG_NO_DETAIL,Payment File Register Format,SEED_DATA_FROM_APPLICATION
PMT_INSTR_REG_W_DETAIL,Payment File Register Format with Document Detail,SEED_DATA_FROM_APPLICATION
PPR_STATUS_REPORT,Payment Process Request Status Report Format,SEED_DATA_FROM_APPLICATION
PTECH_120BYTE_BATCH_2_1_0,Paymentech 120-byte Batch Technical Specification Revision 2.1.0 Format,SEED_DATA_FROM_APPLICATION
PTECH_ONLINE_7_2,Paymentech Online Technical Processing Specification 7.2 Format,SEED_DATA_FROM_APPLICATION
CE_BANK_STMT_BAI2,BAI2 Format,SEED_DATA_FROM_APPLICATION
CE_BANK_STMT_EDIFACT,EDIFACT FINSTA Format,SEED_DATA_FROM_APPLICATION
CE_BANK_STMT_ISO20022,ISO20022 MX CAMT053.001.01 Format,SEED_DATA_FROM_APPLICATION
CE_BANK_STMT_ISO20022_1,ISO20022 MX CAMT052.001.02 Format,SEED_DATA_FROM_APPLICATION
CE_BANK_STMT_ISO20022_2,ISO20022 MX CAMT053.001.02 Format,SEED_DATA_FROM_APPLICATION
CE_BANK_STMT_SWIFT940,SWIFT MT940 Format,SEED_DATA_FROM_APPLICATION
CITI_DIRDEB_MSG_1_8,Citibank Direct Debit Message Version 1.8 Format,SEED_DATA_FROM_APPLICATION
CITI_MERK_SRVCS_BATCH_3_0,Citi Merchant Services Version 3.0 (Batch Specification) Format,SEED_DATA_FROM_APPLICATION
CITI_MERK_SRVCS_ONLINE_3_0,Citi Merchant Services Version 3.0 (Online Specification) Format,SEED_DATA_FROM_APPLICATION
CONCORD_EFS_CREDITCARD_2_4,Concord EFSNet Web Payment Services Version 2.4 Credit Card Format,SEED_DATA_FROM_APPLICATION
CONCORD_EFS_DEBITCARD_2_4,Concord EFSNet Web Payment Services Version 2.4 Debit Card Format,SEED_DATA_FROM_APPLICATION
CONCORD_EFS_QUERY_2_4,Concord EFSNet Web Payment Services Version 2.4 Query Format,SEED_DATA_FROM_APPLICATION
CONCORD_EFS_TELECHECK_2_4,Concord EFSNet Web Payment Services Version 2.4 Telecheck Format,SEED_DATA_FROM_APPLICATION
FDN_ISO8583_AUTH_20021024,First Data North ISO 8583 Authorization Network Processing Specification 10/24/02 Format,SEED_DATA_FROM_APPLICATION
FDN_MAGMEDIA_BATCH_2003_1,First Data North Magnetic Media and Data Communication Processing Specifications Version 2003.1 Format,SEED_DATA_FROM_APPLICATION
IBY_ACP_LTR_DIRDEB_DE,German Direct Debit Accompanying Letter Format,SEED_DATA_FROM_APPLICATION
IBY_ACP_LTR_DIRDEB_PT,Portuguese Direct Debit File Listing Format,SEED_DATA_FROM_APPLICATION
IBY_ACP_LTR_DOMESTIC_DE,German Domestic EFT Accompanying Letter Format,SEED_DATA_FROM_APPLICATION
IBY_ACP_LTR_DTA_CH,Swiss DTA Accompanying Letter Format,SEED_DATA_FROM_APPLICATION
IBY_ACP_LTR_FOREIGN_DE,German International EFT Accompanying Letter Format,SEED_DATA_FROM_APPLICATION
IBY_ACP_LTR_PT,Portuguese EFT File Listing Format,SEED_DATA_FROM_APPLICATION
IBY_ACP_LTR_SAD_CH,Swiss SAD Accompanying Letter Format,SEED_DATA_FROM_APPLICATION
IBY_AMEX_REMITTANCE,Disbursement Corporate Credit Card Remittance Format,SEED_DATA_FROM_APPLICATION
IBY_CYS_SETTLEMENT_RESPONSE,CyberSource Settlement Response,SEED_DATA_FROM_APPLICATION
IBY_CYS_SOAP_CC_1_161,CyberSource SOAP Toolkit Credit Card 1.161,SEED_DATA_FROM_APPLICATION
IBY_PAY_FILE_REG_NO_DETAILS,Virtual Card Payment File Register,SEED_DATA_FROM_APPLICATION
IBY_JPM_POS_PAY_FORMAT,JPM Positive Pay File Format,SEED_DATA_FROM_APPLICATION
ADIASeparateRemittanceAdvice ,ADIA Separate Remittance Advice,System.Administrator
IBY_CYS_TRXN_QUERY_REQUEST,CyberSource Transaction Query Request,SEED_DATA_FROM_APPLICATION
IBY_CYS_TRXN_QUERY_RESPONSE,CyberSource Transaction Query Response,SEED_DATA_FROM_APPLICATION
IBY_CYS_TRXN_REQUEST,CyberSource Transaction Request,SEED_DATA_FROM_APPLICATION
IBY_FD_REG_RPT_SAMPLE,Regulatory Reporting Test Sample Format,SEED_DATA_FROM_APPLICATION
IBY_FSP_TOKEN_REQUEST,Fiserv SnapPay Card Tokenization Request,SEED_DATA_FROM_APPLICATION
IBY_FSP_TOKEN_RESPONSE,Fiserv SnapPay Card Tokenization Response,SEED_DATA_FROM_APPLICATION
IBY_FSP_TRXN_QUERY_REQUEST,Fiserv SnapPay Transaction Query Request,SEED_DATA_FROM_APPLICATION
IBY_FSP_TRXN_QUERY_RESPONSE,Fiserv SnapPay Transaction Query Response,SEED_DATA_FROM_APPLICATION
IBY_FSP_TRXN_REQUEST,Fiserv SnapPay Transaction Request,SEED_DATA_FROM_APPLICATION
IBY_FSP_TRXN_RESPONSE,Fiserv SnapPay Transaction Response,SEED_DATA_FROM_APPLICATION
IBY_FV_PAY_CHK_PAM,US Federal PAM Check Format,SEED_DATA_FROM_APPLICATION
IBY_FV_PAY_CHK_SPS,US Federal SPS Check Format,SEED_DATA_FROM_APPLICATION
ADIA_SWIFT_Payment_FRM,ADIA Payment File Format,System.Administrator
IBY_FV_PAY_EFT_PAM,US Federal PAM ACH Format,SEED_DATA_FROM_APPLICATION
IBY_FV_PAY_EFT_SPS,US Federal SPS ACH Format,SEED_DATA_FROM_APPLICATION
IBY_FV_PAY_EFT_SPS_SDP,US Federal SPS Same Day Format,SEED_DATA_FROM_APPLICATION
IBY_GW12_HTTP,Gateway HTTP Name Value Pairs,SEED_DATA_FROM_APPLICATION
IBY_ISO20022_CGI,ISO20022 Common Global Implementation Format,SEED_DATA_FROM_APPLICATION
IBY_ISO20022_CGI_DD_2_0,ISO20022 Direct Debit Common Global Implementation 2.0,SEED_DATA_FROM_APPLICATION
IBY_ISO20022_SEPA,ISO20022 Single Euro Payments Areas v5.0 Format,SEED_DATA_FROM_APPLICATION
IBY_ISO20022_SEPA_DD_5_0,Single Euro Payments Areas Core Direct Debit 5.0,SEED_DATA_FROM_APPLICATION
IBY_ISO20022_SEPA_DD_7_0,Single Euro Payments Areas Core Direct Debit 7.0,SEED_DATA_FROM_APPLICATION
IBY_ISO20022_SEPA_V7,ISO20022 Single Euro Payments Areas v7.0 Format,SEED_DATA_FROM_APPLICATION
IBY_PAY_BANK_TRANSFER_REQ,Bank Transfer Request Format,SEED_DATA_FROM_APPLICATION
IBY_PAY_CHK_1_CO,Colombian Check 1 Format,SEED_DATA_FROM_APPLICATION
IBY_PAY_CHK_2_CO,Colombian Check 2 Format,SEED_DATA_FROM_APPLICATION
IBY_PAY_CHK_AR,Argentine Check Format,SEED_DATA_FROM_APPLICATION
IBY_PAY_CHK_BORDERO_BR,Brazilian Bordero Format,SEED_DATA_FROM_APPLICATION
IBY_PAY_CHK_BR,Brazilian Check Format,SEED_DATA_FROM_APPLICATION
IBY_PAY_CHK_CL,Chilean Check Format,SEED_DATA_FROM_APPLICATION
IBY_PAY_CHK_DE,German Check Format,SEED_DATA_FROM_APPLICATION
IBY_PAY_CHK_DE_A,German Check Format (Stub After Payment),SEED_DATA_FROM_APPLICATION
IBY_PAY_CHK_ES,Spanish Check Format,SEED_DATA_FROM_APPLICATION
IBY_PAY_CHK_FORM_FEED_1,Standard Form Feed Check Format,SEED_DATA_FROM_APPLICATION
IBY_PAY_CHK_FORM_FEED_1A,Standard Form Feed Check Format (Stub After Payment),SEED_DATA_FROM_APPLICATION
IBY_PAY_CHK_FORM_FEED_2,External Form Feed Check Format,SEED_DATA_FROM_APPLICATION
IBY_PAY_CHK_FORM_FEED_2A,External Form Feed Check Format (Stub After Payment),SEED_DATA_FROM_APPLICATION
IBY_PAY_CHK_FR,French Check Format,SEED_DATA_FROM_APPLICATION
IBY_PAY_CHK_FR_A,French Check Format (Stub After Payment),SEED_DATA_FROM_APPLICATION
IBY_PAY_CHK_LASER,Laser Check Format,SEED_DATA_FROM_APPLICATION
IBY_PAY_CHK_LASER_A,Laser Check Format (Stub After Payment),SEED_DATA_FROM_APPLICATION
IBY_PAY_CHK_PT,Portuguese Check Format,SEED_DATA_FROM_APPLICATION
IBY_PAY_CHK_STANDARD_1,Standard Check Format,SEED_DATA_FROM_APPLICATION
IBY_PAY_CHK_STANDARD_1A,Standard Check Format (Stub After Payment),SEED_DATA_FROM_APPLICATION
IBY_PAY_CHK_STANDARD_2,External Check Format,SEED_DATA_FROM_APPLICATION
IBY_PAY_CHK_STANDARD_2A,External Check Format (Stub After Payment),SEED_DATA_FROM_APPLICATION
IBY_PAY_CHK_TREASURY,US Treasury Format,SEED_DATA_FROM_APPLICATION
IBY_PAY_ECE,Oracle e-Commerce Gateway Format,SEED_DATA_FROM_APPLICATION
IBY_PAY_EDI_ANSI_X12_820,ANSI X12 820 Format,SEED_DATA_FROM_APPLICATION
IBY_PAY_EDI_PAYMUL,EDIFACT PAYMUL Format,SEED_DATA_FROM_APPLICATION
IBY_PAY_EDI_SWIFT_MT100,SWIFT MT100 Format,SEED_DATA_FROM_APPLICATION
IBY_PAY_EDI_SWIFT_MT103,SWIFT MT103 Format,SEED_DATA_FROM_APPLICATION
IBY_PAY_EFT_BACS_UK,UK BACS 1/2 Inch Tape Format,SEED_DATA_FROM_APPLICATION
IBY_PAY_EFT_BANKGIRO_SE,Swedish Domestic Bankgiro Format,SEED_DATA_FROM_APPLICATION
ADIA_OPEX_SWIFT_Payment_FRM,ADIA OPEX Payment File Format,System.Administrator
ADIA_OPEX_CHECK,ADIA OPEX Check Format,svcERPProdServiceAdm@adia.ae
IBY_PAY_EFT_BBS_NO,Norwegian BBS Format,SEED_DATA_FROM_APPLICATION
IBY_PAY_EFT_CITI_MTMS_PL,Polish Citibank MTMS EFT Format,SEED_DATA_FROM_APPLICATION
IBY_PAY_EFT_FED_SPS_CCDP,US Federal SPS CCDP Format,SEED_DATA_FROM_APPLICATION
IBY_PAY_EFT_FED_SPS_NCR,US Federal SPS National Capital Region Format,SEED_DATA_FROM_APPLICATION
IBY_PAY_EFT_FED_SPS_PPD,US Federal SPS PPD Format,SEED_DATA_FROM_APPLICATION
IBY_PAY_EFT_FED_SPS_PPDP,US Federal SPS PPDP Format,SEED_DATA_FROM_APPLICATION
IBY_JPM_CORP_CARD_REMITTANCE,JPM Corporate Card Remittance File,SEED_DATA_FROM_APPLICATION
IBY_CUST_PMT_STATUS_REPORT_v3,Customer Payment Status Report Version 3,SEED_DATA_FROM_APPLICATION
IBY_JPM_DD_ACK,JP Morgan Direct Debit Acknowledgment,SEED_DATA_FROM_APPLICATION
IBY_JPM_ISO20022_DD,JPM ISO20022 Direct Debits,SEED_DATA_FROM_APPLICATION
CE_JPM_TURNKEY_ONBOARDING,JPM Turnkey Onboarding Format,SEED_DATA_FROM_APPLICATION
ORA_LOCKBOX,Lockbox Format,SEED_DATA_FROM_APPLICATION
CE_BANK_STMT_ISO20022_2_JPM,JPM ISO20022 MX CAMT053.001.02 Format,SEED_DATA_FROM_APPLICATION
IBY_JPMC_ISO20022_CGI,JPM ISO20022 CGI Format,SEED_DATA_FROM_APPLICATION
IBY_JPM_FD_ACK,JP Morgan Disbursement Acknowledgment,SEED_DATA_FROM_APPLICATION
IBY_ISO_FD_ACK,ISO Disbursement Acknowledgment,SEED_DATA_FROM_APPLICATION
IBY_PAY_REMIT_ADV_CSV,Mastercard Remittance Advice Format,SEED_DATA_FROM_APPLICATION
IBY_PAY_EFT_CREDIT_TRANS_PL,Polish Pekao Credit Transfers Format,SEED_DATA_FROM_APPLICATION
IBY_PAY_EFT_DOMESTIC_DE,German Domestic EFT Format,SEED_DATA_FROM_APPLICATION
IBY_PAY_EFT_DOMESTIC_NL,Netherlands Domestic EFT Format,SEED_DATA_FROM_APPLICATION
IBY_PAY_EFT_DTA_CH,Swiss DTA Format,SEED_DATA_FROM_APPLICATION
IBY_PAY_EFT_ES,Spanish Magnetic Format,SEED_DATA_FROM_APPLICATION
IBY_PAY_EFT_FED_BULK_CCDP,US Federal Bulk CCDP Format,SEED_DATA_FROM_APPLICATION
IBY_PAY_EFT_FED_BULK_NCR_1,US Federal Bulk National Capital Region Format,SEED_DATA_FROM_APPLICATION
IBY_PAY_EFT_FED_BULK_NCR_2,US Federal Bulk Salary and Travel National Capital Region Format,SEED_DATA_FROM_APPLICATION
IBY_PAY_EFT_FED_BULK_PPDP,US Federal Bulk PPDP Format,SEED_DATA_FROM_APPLICATION
IBY_PAY_EFT_FED_CCDP_CONSOL,US Federal CCDP Consolidated Format,SEED_DATA_FROM_APPLICATION
IBY_PAY_EFT_FED_CTX,US Federal CTX Format,SEED_DATA_FROM_APPLICATION
IBY_PAY_EFT_FED_CTX_CONSOL,US Federal CTX Consolidated Format,SEED_DATA_FROM_APPLICATION
IBY_PAY_EFT_FED_ECS_CCD,US Federal ECS CCD Format,SEED_DATA_FROM_APPLICATION
IBY_PAY_EFT_FED_ECS_CCDP,US Federal ECS CCDP Format,SEED_DATA_FROM_APPLICATION
IBY_PAY_EFT_FED_ECS_NCR,US Federal ECS National Capital Region Format,SEED_DATA_FROM_APPLICATION
IBY_PAY_EFT_FED_ECS_PPD,US Federal ECS PPD Format,SEED_DATA_FROM_APPLICATION
IBY_PAY_EFT_FED_ECS_PPDP,US Federal ECS PPDP Format,SEED_DATA_FROM_APPLICATION
IBY_PAY_EFT_FED_ECS_SUM_SCHED,US Federal ECS Summary Schedule Format,SEED_DATA_FROM_APPLICATION
IBY_PAY_EFT_FED_PPDP_CONSOL,US Federal PPDP Consolidated Format,SEED_DATA_FROM_APPLICATION
IBY_PAY_EFT_FED_SPS_CCD,US Federal SPS CCD Format,SEED_DATA_FROM_APPLICATION
IBY_MC_VCP_SUB_REQUEST,Mastercard Virtual Card Program Subscription Request Format,SEED_DATA_FROM_APPLICATION
IBY_PAY_EFT_FOREIGN_BE,Belgian Foreign EFT Format,SEED_DATA_FROM_APPLICATION
IBY_JPMC_ISO20022_SEPA,JPM ISO20022 SEPA Format,SEED_DATA_FROM_APPLICATION
IBY_MC_COMM_EVENT_NOTIF_REQ,Mastercard Commercial Event Notification Request Format,SEED_DATA_FROM_APPLICATION
IBY_MC_COMM_EVENT_NOTIF_RESP,Mastercard Commercial Event Notification Response Format,SEED_DATA_FROM_APPLICATION
IBY_MC_VCP_SETUP_REQUEST,Mastercard Virtual Card Program Setup Request Format,SEED_DATA_FROM_APPLICATION
IBY_MC_VCP_SETUP_RESPONSE,Mastercard Virtual Card Program Setup Response Format,SEED_DATA_FROM_APPLICATION
IBY_MC_VCP_SUB_RESPONSE,Mastercard Virtual Card Program Subscription Response Format,SEED_DATA_FROM_APPLICATION
IBY_MC_VC_PMT_ADDENDA_REQUEST,Mastercard Virtual Card Payment Addenda Request Format,SEED_DATA_FROM_APPLICATION
IBY_MC_VC_PMT_ADDENDA_RESPONSE,Mastercard Virtual Card Payment Addenda Response Format,SEED_DATA_FROM_APPLICATION
IBY_MC_VC_PMT_REQUEST,Mastercard Virtual Card Payment Request Format,SEED_DATA_FROM_APPLICATION
IBY_MC_VC_PMT_RESPONSE,Mastercard Virtual Card Payment Response Format,SEED_DATA_FROM_APPLICATION
IBY_PAY_EFT_FED_SPS_SUM_SCHED,US Federal SPS Summary Schedule Format,SEED_DATA_FROM_APPLICATION
IBY_PAY_EFT_FOREIGN_DE,German International EFT Format,SEED_DATA_FROM_APPLICATION
IBY_PAY_EFT_FOREIGN_NL,Netherlands Foreign EFT Format,SEED_DATA_FROM_APPLICATION
IBY_PAY_EFT_DOMESTIC_BE,Belgian EFT Format,SEED_DATA_FROM_APPLICATION
IBY_PAY_EFT_FOR_POSTGIRO_SE,Swedish Foreign Postgiro Format,SEED_DATA_FROM_APPLICATION
IBY_PAY_EFT_FR,French EFT Format,SEED_DATA_FROM_APPLICATION
IBY_PAY_EFT_IT,Italian EFT Format,SEED_DATA_FROM_APPLICATION
IBY_PAY_EFT_LMP2_FI,Finnish LMP2 EFT Format,SEED_DATA_FROM_APPLICATION
IBY_PAY_EFT_LMP3_FI,Finnish LMP3 EFT Format,SEED_DATA_FROM_APPLICATION
IBY_PAY_EFT_LUM_FI,Finnish LUM EFT Format,SEED_DATA_FROM_APPLICATION
IBY_PAY_EFT_NACHA_CCDP_US,US NACHA CCDP Format,SEED_DATA_FROM_APPLICATION
IBY_PAY_EFT_NACHA_CCD_US,US NACHA CCD Format,SEED_DATA_FROM_APPLICATION
IBY_PAY_EFT_NACHA_IAT_US,US NACHA IAT Format,SEED_DATA_FROM_APPLICATION
IBY_PAY_EFT_NACHA_PPD_US,US NACHA PPD Format,SEED_DATA_FROM_APPLICATION
IBY_PAY_EFT_NACHA_US,US NACHA Generic Format,SEED_DATA_FROM_APPLICATION
IBY_PAY_EFT_NZ,Bank of New Zealand EFT Format,SEED_DATA_FROM_APPLICATION
IBY_PAY_EFT_PAYPAL,PayPal,SEED_DATA_FROM_APPLICATION
IBY_PAY_EFT_PAY_ORDER_PL,Polish Pekao Payment Order Format,SEED_DATA_FROM_APPLICATION
IBY_PAY_EFT_POSTGIRO_SE,Swedish Domestic Postgiro Format,SEED_DATA_FROM_APPLICATION
IBY_PAY_EFT_PT,Portuguese EFT Format,SEED_DATA_FROM_APPLICATION
IBY_PAY_EFT_SAD_CH,Swiss SAD Format,SEED_DATA_FROM_APPLICATION
IBY_PAY_EFT_SISU_BANKGIRO_SE,Swedish SISU Bankgiro Format,SEED_DATA_FROM_APPLICATION
IBY_PAY_EFT_TELEPAY_NO,Norwegian Telepay EFT Format,SEED_DATA_FROM_APPLICATION
IBY_PAY_EFT_UTLI_BANKGIRO_SE,Swedish UTLI Bankgiro Format,SEED_DATA_FROM_APPLICATION
IBY_PAY_EFT_ZENGIN_JP,Japanese Zengin Format,SEED_DATA_FROM_APPLICATION
IBY_PAY_INT_EFT_FR,French International EFT Format,SEED_DATA_FROM_APPLICATION
IBY_PAY_POSITIVE_PAY,Positive Pay File Format,SEED_DATA_FROM_APPLICATION
IBY_PAY_PROMISSORY_NOTE_ES,Spanish Bill of Exchange Format,SEED_DATA_FROM_APPLICATION
IBY_PAY_PROMISSORY_NOTE_FR,French Promissory Note Format,SEED_DATA_FROM_APPLICATION
IBY_PAY_REMIT_ADV,Separate Remittance Advice Format,SEED_DATA_FROM_APPLICATION
IBY_PAY_WIRE_DE,German Wire Format,SEED_DATA_FROM_APPLICATION
IBY_PAY_WIRE_IT,Italian Wire Format,SEED_DATA_FROM_APPLICATION
IBY_PAY_WIRE_PT,Portuguese Wire Format,SEED_DATA_FROM_APPLICATION
IBY_REC_BILL_REC_FR,French Bills Receivable Remittance Format,SEED_DATA_FROM_APPLICATION
IBY_REC_BILL_REC_IT,Italian Bills Receivable Remittance Format,SEED_DATA_FROM_APPLICATION
IBY_REC_EFT,Electronic Bank Remittance Format,SEED_DATA_FROM_APPLICATION
IBY_REC_EFT_CSB32_ES,Spanish CSB32 Remittance Format,SEED_DATA_FROM_APPLICATION
IBY_REC_EFT_CSB58_ES,Spanish CSB58 Remittance Format,SEED_DATA_FROM_APPLICATION
IBY_REC_EFT_DE,German Direct Debit EFT Format,SEED_DATA_FROM_APPLICATION
IBY_REC_EFT_ES,Spanish CSB 19 Direct Debit Magnetic Format,SEED_DATA_FROM_APPLICATION
IBY_REC_EFT_PT,Portuguese Direct Debit File Format,SEED_DATA_FROM_APPLICATION
IBY_PNC_FD_ACK,PNC Disbursement Acknowledgment,SEED_DATA_FROM_APPLICATION
IBY_PNC_ISO20022_CGI,PNC ISO20022 CGI Format,SEED_DATA_FROM_APPLICATION
IBY_JPM_AVS_REQUEST,JPM Account Validation Service Request Format,SEED_DATA_FROM_APPLICATION
IBY_JPM_AVS_RESPONSE,JPM Account Validation Service Response Format,SEED_DATA_FROM_APPLICATION
IBY_JPM_FD_VC_RECON,JPM Virtual Card Reconciliation File Format,SEED_DATA_FROM_APPLICATION
IBY_JPM_FD_VC_RESP,JPM Virtual Card Response File Format,SEED_DATA_FROM_APPLICATION
IBY_JPM_VC_PAYMENTS,JPM Virtual Card Payment,SEED_DATA_FROM_APPLICATION
IBY_JPMC_ISO20022_CGI_V2,JPMC ISO20022 CGI V2 Format,SEED_DATA_FROM_APPLICATION
