FORMAT_CODE,FORMAT_NAME,FORMAT_TEMPLATE_CODE,FORMAT_TYPE_CODE,CREATED_BY
PMT_INSTR_REG_NO_DETAIL,Payment File Register Format,Payment File Register,IBY_FD_PI_REGISTER,SEED_DATA_FROM_APPLICATION
PMT_INSTR_REG_W_DETAIL,Payment File Register Format with Document Detail,Payment File Register with Document Detail,IBY_FD_PI_REGISTER,SEED_DATA_FROM_APPLICATION
IBY_PAY_FILE_REG_NO_DETAILS,Virtual Card Payment File Register,Virtual Card Payment File Register,IBY_FD_PI_REGISTER,SEED_DATA_FROM_APPLICATION
ADIA_SWIFT_Payment_FRM,ADIA Payment File Format,ADIA SUBS Payment Template,IBY_FD_PAYMENT,System.Administrator
IBY_ISO20022_CGI,ISO20022 Common Global Implementation Format,ISO20022 Common Global Implementation,IBY_FD_PAYMENT,SEED_DATA_FROM_APPLICATION
IBY_ISO20022_SEPA,ISO20022 Single Euro Payments Areas v5.0 Format,ISO20020 Single Euro Payments Areas V5.0,IBY_FD_PAYMENT,SEED_DATA_FROM_APPLICATION
IBY_ISO20022_SEPA_V7,ISO20022 Single Euro Payments Areas v7.0 Format,ISO20020 Single Euro Payments Areas V7.0,IBY_FD_PAYMENT,SEED_DATA_FROM_APPLICATION
IBY_PAY_BANK_TRANSFER_REQ,Bank Transfer Request Format,Bank Transfer Request,IBY_FD_PAYMENT,SEED_DATA_FROM_APPLICATION
IBY_PAY_CHK_1_CO,Colombian Check 1 Format,Colombian Check 1,IBY_FD_PAYMENT,SEED_DATA_FROM_APPLICATION
IBY_PAY_CHK_2_CO,Colombian Check 2 Format,Colombian Check 2,IBY_FD_PAYMENT,SEED_DATA_FROM_APPLICATION
IBY_PAY_CHK_AR,Argentine Check Format,Argentine Check,IBY_FD_PAYMENT,SEED_DATA_FROM_APPLICATION
IBY_PAY_CHK_BORDERO_BR,Brazilian Bordero Format,Brazilian Bordero,IBY_FD_PAYMENT,SEED_DATA_FROM_APPLICATION
IBY_PAY_CHK_BR,Brazilian Check Format,Brazilian Check,IBY_FD_PAYMENT,SEED_DATA_FROM_APPLICATION
IBY_PAY_CHK_CL,Chilean Check Format,Chilean Check,IBY_FD_PAYMENT,SEED_DATA_FROM_APPLICATION
IBY_PAY_CHK_DE,German Check Format,German Check,IBY_FD_PAYMENT,SEED_DATA_FROM_APPLICATION
IBY_PAY_CHK_DE_A,German Check Format (Stub After Payment),German Check (Stub After Payment),IBY_FD_PAYMENT,SEED_DATA_FROM_APPLICATION
IBY_PAY_CHK_ES,Spanish Check Format,Spanish Check,IBY_FD_PAYMENT,SEED_DATA_FROM_APPLICATION
IBY_PAY_CHK_FORM_FEED_1,Standard Form Feed Check Format,Standard Form Feed Check,IBY_FD_PAYMENT,SEED_DATA_FROM_APPLICATION
IBY_PAY_CHK_FORM_FEED_1A,Standard Form Feed Check Format (Stub After Payment),Standard Form Feed Check (Stub After Payment),IBY_FD_PAYMENT,SEED_DATA_FROM_APPLICATION
IBY_PAY_CHK_FORM_FEED_2,External Form Feed Check Format,External Form Feed Check,IBY_FD_PAYMENT,SEED_DATA_FROM_APPLICATION
IBY_PAY_CHK_FORM_FEED_2A,External Form Feed Check Format (Stub After Payment),External Form Feed Check (Stub After Payment),IBY_FD_PAYMENT,SEED_DATA_FROM_APPLICATION
IBY_PAY_CHK_FR,French Check Format,French Check,IBY_FD_PAYMENT,SEED_DATA_FROM_APPLICATION
IBY_PAY_CHK_FR_A,French Check Format (Stub After Payment),French Check (Stub After Payment),IBY_FD_PAYMENT,SEED_DATA_FROM_APPLICATION
IBY_PAY_CHK_LASER,Laser Check Format,Laser Check,IBY_FD_PAYMENT,SEED_DATA_FROM_APPLICATION
IBY_PAY_CHK_LASER_A,Laser Check Format (Stub After Payment),Laser Check (Stub After Payment),IBY_FD_PAYMENT,SEED_DATA_FROM_APPLICATION
IBY_PAY_CHK_PT,Portuguese Check Format,Portuguese Check,IBY_FD_PAYMENT,SEED_DATA_FROM_APPLICATION
IBY_PAY_CHK_STANDARD_1,Standard Check Format,Standard Check,IBY_FD_PAYMENT,SEED_DATA_FROM_APPLICATION
IBY_PAY_CHK_STANDARD_1A,Standard Check Format (Stub After Payment),Standard Check (Stub After Payment),IBY_FD_PAYMENT,SEED_DATA_FROM_APPLICATION
IBY_PAY_CHK_STANDARD_2,External Check Format,External Check,IBY_FD_PAYMENT,SEED_DATA_FROM_APPLICATION
IBY_PAY_CHK_STANDARD_2A,External Check Format (Stub After Payment),External Check (Stub After Payment),IBY_FD_PAYMENT,SEED_DATA_FROM_APPLICATION
IBY_PAY_CHK_TREASURY,US Treasury Format,US Treasury,IBY_FD_PAYMENT,SEED_DATA_FROM_APPLICATION
IBY_PAY_ECE,Oracle e-Commerce Gateway Format,IBYDE_ECE,IBY_FD_PAYMENT,SEED_DATA_FROM_APPLICATION
IBY_PAY_EDI_ANSI_X12_820,ANSI X12 820 Format,ANSI X12 820,IBY_FD_PAYMENT,SEED_DATA_FROM_APPLICATION
IBY_PAY_EDI_PAYMUL,EDIFACT PAYMUL Format,EDIFACT PAYMUL,IBY_FD_PAYMENT,SEED_DATA_FROM_APPLICATION
IBY_PAY_EDI_SWIFT_MT100,SWIFT MT100 Format,SWIFT MT100,IBY_FD_PAYMENT,SEED_DATA_FROM_APPLICATION
IBY_PAY_EDI_SWIFT_MT103,SWIFT MT103 Format,SWIFT MT103,IBY_FD_PAYMENT,SEED_DATA_FROM_APPLICATION
IBY_PAY_EFT_BACS_UK,UK BACS 1/2 Inch Tape Format,UK BACS 1/2 Inch Tape,IBY_FD_PAYMENT,SEED_DATA_FROM_APPLICATION
IBY_PAY_EFT_BANKGIRO_SE,Swedish Domestic Bankgiro Format,Swedish Domestic Bankgiro,IBY_FD_PAYMENT,SEED_DATA_FROM_APPLICATION
ADIA_OPEX_SWIFT_Payment_FRM,ADIA OPEX Payment File Format,ADIA_OPEX_PaymentTemplate,IBY_FD_PAYMENT,System.Administrator
ADIA_OPEX_CHECK,ADIA OPEX Check Format,ADIA_CHK_PRINT_v1,IBY_FD_PAYMENT,svcERPProdServiceAdm@adia.ae
IBY_PAY_EFT_BBS_NO,Norwegian BBS Format,Norwegian BBS,IBY_FD_PAYMENT,SEED_DATA_FROM_APPLICATION
IBY_PAY_EFT_CITI_MTMS_PL,Polish Citibank MTMS EFT Format,Polish Citibank MTMS EFT,IBY_FD_PAYMENT,SEED_DATA_FROM_APPLICATION
IBY_PAY_EFT_FED_SPS_CCDP,US Federal SPS CCDP Format,IBYDE_S_C,IBY_FD_PAYMENT,SEED_DATA_FROM_APPLICATION
IBY_PAY_EFT_FED_SPS_NCR,US Federal SPS National Capital Region Format,IBYDE_S_N,IBY_FD_PAYMENT,SEED_DATA_FROM_APPLICATION
IBY_PAY_EFT_FED_SPS_PPD,US Federal SPS PPD Format,IBYDE_S_PD,IBY_FD_PAYMENT,SEED_DATA_FROM_APPLICATION
IBY_PAY_EFT_FED_SPS_PPDP,US Federal SPS PPDP Format,IBYDE_S_P,IBY_FD_PAYMENT,SEED_DATA_FROM_APPLICATION
IBY_JPMC_ISO20022_CGI,JPM ISO20022 CGI Format,JPM ISO20022 CGI,IBY_FD_PAYMENT,SEED_DATA_FROM_APPLICATION
IBY_PAY_EFT_CREDIT_TRANS_PL,Polish Pekao Credit Transfers Format,Polish Pekao Credit Transfers,IBY_FD_PAYMENT,SEED_DATA_FROM_APPLICATION
IBY_PAY_EFT_DOMESTIC_DE,German Domestic EFT Format,German Domestic EFT,IBY_FD_PAYMENT,SEED_DATA_FROM_APPLICATION
IBY_PAY_EFT_DOMESTIC_NL,Netherlands Domestic EFT Format,Netherlands Domestic EFT,IBY_FD_PAYMENT,SEED_DATA_FROM_APPLICATION
IBY_PAY_EFT_DTA_CH,Swiss DTA Format,Swiss DTA,IBY_FD_PAYMENT,SEED_DATA_FROM_APPLICATION
IBY_PAY_EFT_ES,Spanish Magnetic Format,Spanish Magnetic,IBY_FD_PAYMENT,SEED_DATA_FROM_APPLICATION
IBY_PAY_EFT_FED_BULK_CCDP,US Federal Bulk CCDP Format,IBYDE_B_C,IBY_FD_PAYMENT,SEED_DATA_FROM_APPLICATION
IBY_PAY_EFT_FED_BULK_NCR_1,US Federal Bulk National Capital Region Format,IBYDE_B_N1,IBY_FD_PAYMENT,SEED_DATA_FROM_APPLICATION
IBY_PAY_EFT_FED_BULK_NCR_2,US Federal Bulk Salary and Travel National Capital Region Format,IBYDE_B_N2,IBY_FD_PAYMENT,SEED_DATA_FROM_APPLICATION
IBY_PAY_EFT_FED_BULK_PPDP,US Federal Bulk PPDP Format,IBYDE_B_P,IBY_FD_PAYMENT,SEED_DATA_FROM_APPLICATION
IBY_PAY_EFT_FED_CCDP_CONSOL,US Federal CCDP Consolidated Format,IBYDE_C1,IBY_FD_PAYMENT,SEED_DATA_FROM_APPLICATION
IBY_PAY_EFT_FED_CTX,US Federal CTX Format,IBYDE_CTX,IBY_FD_PAYMENT,SEED_DATA_FROM_APPLICATION
IBY_PAY_EFT_FED_CTX_CONSOL,US Federal CTX Consolidated Format,IBYDE_C3,IBY_FD_PAYMENT,SEED_DATA_FROM_APPLICATION
IBY_PAY_EFT_FED_ECS_CCD,US Federal ECS CCD Format,IBYDE_E_CD,IBY_FD_PAYMENT,SEED_DATA_FROM_APPLICATION
IBY_PAY_EFT_FED_ECS_CCDP,US Federal ECS CCDP Format,IBYDE_E_C,IBY_FD_PAYMENT,SEED_DATA_FROM_APPLICATION
IBY_PAY_EFT_FED_ECS_NCR,US Federal ECS National Capital Region Format,IBYDE_E_N,IBY_FD_PAYMENT,SEED_DATA_FROM_APPLICATION
IBY_PAY_EFT_FED_ECS_PPD,US Federal ECS PPD Format,IBYDE_E_PD,IBY_FD_PAYMENT,SEED_DATA_FROM_APPLICATION
IBY_PAY_EFT_FED_ECS_PPDP,US Federal ECS PPDP Format,IBYDE_E_P,IBY_FD_PAYMENT,SEED_DATA_FROM_APPLICATION
IBY_PAY_EFT_FED_PPDP_CONSOL,US Federal PPDP Consolidated Format,IBYDE_C2,IBY_FD_PAYMENT,SEED_DATA_FROM_APPLICATION
IBY_PAY_EFT_FED_SPS_CCD,US Federal SPS CCD Format,IBYDE_S_CD,IBY_FD_PAYMENT,SEED_DATA_FROM_APPLICATION
IBY_PAY_EFT_FOREIGN_BE,Belgian Foreign EFT Format,Belgian Foreign EFT,IBY_FD_PAYMENT,SEED_DATA_FROM_APPLICATION
IBY_JPMC_ISO20022_SEPA,JPM ISO20022 SEPA Format,JPM ISO20022 SEPA,IBY_FD_PAYMENT,SEED_DATA_FROM_APPLICATION
IBY_PAY_EFT_FOREIGN_DE,German International EFT Format,German International EFT,IBY_FD_PAYMENT,SEED_DATA_FROM_APPLICATION
IBY_PAY_EFT_FOREIGN_NL,Netherlands Foreign EFT Format,Netherlands Foreign EFT,IBY_FD_PAYMENT,SEED_DATA_FROM_APPLICATION
IBY_PAY_EFT_DOMESTIC_BE,Belgian EFT Format,Belgian EFT,IBY_FD_PAYMENT,SEED_DATA_FROM_APPLICATION
IBY_PAY_EFT_FOR_POSTGIRO_SE,Swedish Foreign Postgiro Format,Swedish Foreign Postgiro,IBY_FD_PAYMENT,SEED_DATA_FROM_APPLICATION
IBY_PAY_EFT_FR,French EFT Format,French EFT,IBY_FD_PAYMENT,SEED_DATA_FROM_APPLICATION
IBY_PAY_EFT_IT,Italian EFT Format,Italian EFT,IBY_FD_PAYMENT,SEED_DATA_FROM_APPLICATION
IBY_PAY_EFT_LMP2_FI,Finnish LMP2 EFT Format,Finnish LMP2 EFT,IBY_FD_PAYMENT,SEED_DATA_FROM_APPLICATION
IBY_PAY_EFT_LMP3_FI,Finnish LMP3 EFT Format,Finnish LMP3 EFT,IBY_FD_PAYMENT,SEED_DATA_FROM_APPLICATION
IBY_PAY_EFT_LUM_FI,Finnish LUM EFT Format,Finnish LUM EFT,IBY_FD_PAYMENT,SEED_DATA_FROM_APPLICATION
IBY_PAY_EFT_NACHA_CCDP_US,US NACHA CCDP Format,US NACHA CCDP,IBY_FD_PAYMENT,SEED_DATA_FROM_APPLICATION
IBY_PAY_EFT_NACHA_CCD_US,US NACHA CCD Format,US NACHA CCD,IBY_FD_PAYMENT,SEED_DATA_FROM_APPLICATION
IBY_PAY_EFT_NACHA_IAT_US,US NACHA IAT Format,US NACHA IAT,IBY_FD_PAYMENT,SEED_DATA_FROM_APPLICATION
IBY_PAY_EFT_NACHA_PPD_US,US NACHA PPD Format,US NACHA PPD,IBY_FD_PAYMENT,SEED_DATA_FROM_APPLICATION
IBY_PAY_EFT_NACHA_US,US NACHA Generic Format,US NACHA Generic,IBY_FD_PAYMENT,SEED_DATA_FROM_APPLICATION
IBY_PAY_EFT_NZ,Bank of New Zealand EFT Format,Bank of New Zealand EFT,IBY_FD_PAYMENT,SEED_DATA_FROM_APPLICATION
IBY_PAY_EFT_PAYPAL,PayPal,PayPal EFT,IBY_FD_PAYMENT,SEED_DATA_FROM_APPLICATION
IBY_PAY_EFT_PAY_ORDER_PL,Polish Pekao Payment Order Format,Polish Pekao Payment Order,IBY_FD_PAYMENT,SEED_DATA_FROM_APPLICATION
IBY_PAY_EFT_POSTGIRO_SE,Swedish Domestic Postgiro Format,Swedish Domestic Postgiro,IBY_FD_PAYMENT,SEED_DATA_FROM_APPLICATION
IBY_PAY_EFT_PT,Portuguese EFT Format,Portuguese EFT,IBY_FD_PAYMENT,SEED_DATA_FROM_APPLICATION
IBY_PAY_EFT_SAD_CH,Swiss SAD Format,Swiss SAD,IBY_FD_PAYMENT,SEED_DATA_FROM_APPLICATION
IBY_PAY_EFT_SISU_BANKGIRO_SE,Swedish SISU Bankgiro Format,Swedish SISU Bankgiro,IBY_FD_PAYMENT,SEED_DATA_FROM_APPLICATION
IBY_PAY_EFT_TELEPAY_NO,Norwegian Telepay EFT Format,Norwegian Telepay EFT,IBY_FD_PAYMENT,SEED_DATA_FROM_APPLICATION
IBY_PAY_EFT_UTLI_BANKGIRO_SE,Swedish UTLI Bankgiro Format,Swedish UTLI Bankgiro,IBY_FD_PAYMENT,SEED_DATA_FROM_APPLICATION
IBY_PAY_EFT_ZENGIN_JP,Japanese Zengin Format,Japanese Zengin,IBY_FD_PAYMENT,SEED_DATA_FROM_APPLICATION
IBY_PAY_INT_EFT_FR,French International EFT Format,French International EFT,IBY_FD_PAYMENT,SEED_DATA_FROM_APPLICATION
IBY_PAY_POSITIVE_PAY,Positive Pay File Format,Positive Pay File,IBY_FD_POS_PAY,SEED_DATA_FROM_APPLICATION
IBY_PAY_PROMISSORY_NOTE_ES,Spanish Bill of Exchange Format,Spanish Bill of Exchange,IBY_FD_PAYMENT,SEED_DATA_FROM_APPLICATION
IBY_PAY_PROMISSORY_NOTE_FR,French Promissory Note Format,French Promissory Note,IBY_FD_PAYMENT,SEED_DATA_FROM_APPLICATION
IBY_PAY_WIRE_DE,German Wire Format,German Wire,IBY_FD_PAYMENT,SEED_DATA_FROM_APPLICATION
IBY_PAY_WIRE_IT,Italian Wire Format,Italian Wire,IBY_FD_PAYMENT,SEED_DATA_FROM_APPLICATION
IBY_PAY_WIRE_PT,Portuguese Wire Format,Portuguese Wire,IBY_FD_PAYMENT,SEED_DATA_FROM_APPLICATION
IBY_PNC_ISO20022_CGI,PNC ISO20022 CGI Format,PNC ISO20022 CGI,IBY_FD_PAYMENT,SEED_DATA_FROM_APPLICATION
IBY_JPM_VC_PAYMENTS,JPM Virtual Card Payment,JPM Virtual Card Payment,IBY_FD_PAYMENT,SEED_DATA_FROM_APPLICATION
IBY_JPMC_ISO20022_CGI_V2,JPMC ISO20022 CGI V2 Format,JPMC ISO20022 CGI V2,IBY_FD_PAYMENT,SEED_DATA_FROM_APPLICATION
