SYSTEM_PROFILE_CODE,SYSTEM_PROFILE_NAME,SYSTEM_PROFILE_DESCRIPTION,PROCESSING_TYPE,START_DATE,END_DATE,PAYMENT_FORMAT_CODE,POSITIVE_PAY_FORMAT_CODE,TRANSMIT_INSTR_IMMED_FLAG,PI_REGISTER_FORMAT,AUTOMATIC_PI_REG_SUBMIT,CREATED_BY,CREATION_DATE
IBY_PAY_EDI_ANSI_X12_820,ANSI X12 820,ANSI X12 820 Format,ELECTRONIC,1990-01-01T00:00:00.000+00:00,4712-12-31T00:00:00.000+00:00,IBY_PAY_EDI_ANSI_X12_820,,N,,N,SEED_DATA_FROM_APPLICATION,2022-02-26T10:09:33.000+00:00
IBY_PAY_EDI_PAYMUL,EDIFACT PAYMUL,EDIFACT PAYMUL Format,ELECTRONIC,1990-01-01T00:00:00.000+00:00,4712-12-31T00:00:00.000+00:00,IBY_PAY_EDI_PAYMUL,,N,,N,SEED_DATA_FROM_APPLICATION,2022-02-26T10:09:33.000+00:00
IBY_PAY_EDI_SWIFT_MT100,SWIFT MT100,SWIFT MT100 Format,ELECTRONIC,1990-01-01T00:00:00.000+00:00,4712-12-31T00:00:00.000+00:00,IBY_PAY_EDI_SWIFT_MT100,,N,,N,SEED_DATA_FROM_APPLICATION,2022-02-26T10:09:33.000+00:00
IBY_PAY_EDI_SWIFT_MT103,SWIFT MT103,SWIFT MT103 Format,ELECTRONIC,1990-01-01T00:00:00.000+00:00,4712-12-31T00:00:00.000+00:00,IBY_PAY_EDI_SWIFT_MT103,,N,,N,SEED_DATA_FROM_APPLICATION,2022-02-26T10:09:33.000+00:00
IBY_JPMC_ISO20022_CGI,JPM ISO20022 CGI,,ELECTRONIC,2022-02-01T00:00:00.000+00:00,4712-12-31T00:00:00.000+00:00,IBY_JPMC_ISO20022_CGI,,N,,N,SEED_DATA_FROM_APPLICATION,2022-09-15T19:08:54.690+00:00
IBY_JPMC_ISO20022_SEPA,JPM ISO20022 SEPA,,ELECTRONIC,2024-01-04T00:00:00.000+00:00,4712-12-31T00:00:00.000+00:00,IBY_JPMC_ISO20022_SEPA,,Y,,N,SEED_DATA_FROM_APPLICATION,2024-06-19T02:04:17.411+00:00
ADIA_PAY_EDI_SWIFT_MT100,ADIA_SWIFT_MT100,ADIA_PAY_EDI_SWIFT_MT100
,ELECTRONIC,2020-01-01T00:00:00.000+00:00,4712-12-31T00:00:00.000+00:00,ADIA_SWIFT_Payment_FRM,,Y,,N,System.Administrator,2022-07-29T11:07:50.000+00:00
ADIA Cheque,ADIA Cheque,ADIA Cheque,PRINTED,1990-01-01T00:00:00.000+00:00,4712-12-31T00:00:00.000+00:00,ADIA_OPEX_CHECK,,N,,N,System.Administrator,2023-06-28T13:55:54.000+00:00
ADIA Clearing Payments,ADIA Clearing Payments,ADIA Clearing Payments,ELECTRONIC,1990-01-01T00:00:00.000+00:00,4712-12-31T00:00:00.000+00:00,ADIA_OPEX_SWIFT_Payment_FRM,,N,,N,System.Administrator,2023-06-28T14:03:19.293+00:00
ADIA_OPEX_FA_Payments,ADIA OPEX FA Payments,ADIA OPEX FA Payments,ELECTRONIC,1990-01-01T00:00:00.000+00:00,4712-12-31T00:00:00.000+00:00,ADIA_OPEX_SWIFT_Payment_FRM,,Y,,N,System.Administrator,2023-06-28T13:59:12.149+00:00
IBY_JPMC_ISO20022_CGI_V2,JPMC ISO20022 CGI V2,,ELECTRONIC,2024-11-17T00:00:00.000+00:00,4712-12-31T00:00:00.000+00:00,IBY_JPMC_ISO20022_CGI_V2,,Y,,N,SEED_DATA_FROM_APPLICATION,2025-06-05T02:57:42.825+00:00
IBY_MC_VC,MasterCard Virtual Card,,ELECTRONIC,2023-07-01T00:00:00.000+00:00,4712-12-31T00:00:00.000+00:00,IBY_MC_VC_PMT_REQUEST,,Y,,N,SEED_DATA_FROM_APPLICATION,2024-06-19T02:04:17.411+00:00
IBY_PNC_ISO20022_CGI,PNC ISO20022 CGI,,ELECTRONIC,2024-09-25T00:00:00.000+00:00,4712-12-31T00:00:00.000+00:00,IBY_PNC_ISO20022_CGI,,Y,,N,SEED_DATA_FROM_APPLICATION,2025-03-20T01:55:34.524+00:00
IBY_JPM_VC,JPM Virtual Card,,ELECTRONIC,2024-05-01T00:00:00.000+00:00,4712-12-31T00:00:00.000+00:00,IBY_JPM_VC_PAYMENTS,,Y,,N,SEED_DATA_FROM_APPLICATION,2025-03-20T01:55:34.524+00:00
IBY_FV_PAY_EFT_PAM_ACH,US Federal PAM ACH,US Federal PAM ACH Format,ELECTRONIC,2020-04-22T00:00:00.000+00:00,4712-12-31T00:00:00.000+00:00,IBY_FV_PAY_EFT_PAM,,N,,N,SEED_DATA_FROM_APPLICATION,2022-02-26T10:09:32.000+00:00
IBY_FV_PAY_EFT_PAM_CHK,US Federal PAM Check,US Federal PAM Check Format,ELECTRONIC,2020-04-22T00:00:00.000+00:00,4712-12-31T00:00:00.000+00:00,IBY_FV_PAY_CHK_PAM,,N,,N,SEED_DATA_FROM_APPLICATION,2022-02-26T10:09:32.000+00:00
IBY_FV_PAY_EFT_SPS_ACH,US Federal SPS ACH,US Federal SPS ACH Format,ELECTRONIC,2020-04-22T00:00:00.000+00:00,4712-12-31T00:00:00.000+00:00,IBY_FV_PAY_EFT_SPS,,N,,N,SEED_DATA_FROM_APPLICATION,2022-02-26T10:09:32.000+00:00
IBY_FV_PAY_EFT_SPS_CHK,US Federal SPS Check,US Federal SPS Check Format,ELECTRONIC,2020-04-22T00:00:00.000+00:00,4712-12-31T00:00:00.000+00:00,IBY_FV_PAY_CHK_SPS,,N,,N,SEED_DATA_FROM_APPLICATION,2022-02-26T10:09:32.000+00:00
IBY_FV_PAY_EFT_SPS_SDP,US Federal SPS Wire Same Day Payment,US Federal SPS Same Day Format,ELECTRONIC,2020-04-22T00:00:00.000+00:00,4712-12-31T00:00:00.000+00:00,IBY_FV_PAY_EFT_SPS_SDP,,N,,N,SEED_DATA_FROM_APPLICATION,2022-02-26T10:09:32.000+00:00
IBY_ISO20022_CGI,ISO20022 CGI PAIN.001.001.03,,ELECTRONIC,2011-12-16T00:00:00.000+00:00,4712-12-31T00:00:00.000+00:00,IBY_ISO20022_CGI,,N,,N,SEED_DATA_FROM_APPLICATION,2022-02-26T10:09:32.000+00:00
IBY_ISO20022_SEPA,ISO20022 SEPA v5.0,,ELECTRONIC,2011-12-16T00:00:00.000+00:00,4712-12-31T00:00:00.000+00:00,IBY_ISO20022_SEPA,,N,,N,SEED_DATA_FROM_APPLICATION,2022-02-26T10:09:32.000+00:00
IBY_PAYPAL,PayPal,,ELECTRONIC,2015-04-21T00:00:00.000+00:00,4712-12-31T00:00:00.000+00:00,IBY_PAY_EFT_PAYPAL,,N,,N,SEED_DATA_FROM_APPLICATION,2022-02-26T10:09:32.000+00:00
IBY_PAY_BANK_TRANSFER_REQ,Bank Transfer Request,Bank Transfer Request Format,PRINTED,1990-01-01T00:00:00.000+00:00,4712-12-31T00:00:00.000+00:00,IBY_PAY_BANK_TRANSFER_REQ,,N,,N,SEED_DATA_FROM_APPLICATION,2022-02-26T10:09:32.000+00:00
IBY_PAY_CHK_FORM_FEED_1,Standard Form Feed Check,Standard Form Feed Check Format,PRINTED,1990-01-01T00:00:00.000+00:00,4712-12-31T00:00:00.000+00:00,IBY_PAY_CHK_FORM_FEED_1,,N,,N,SEED_DATA_FROM_APPLICATION,2022-02-26T10:09:33.000+00:00
IBY_PAY_CHK_FORM_FEED_1A,Standard Form Feed Check (Stub After Payment),Standard Form Feed Check Format (Stub After Payment),PRINTED,1990-01-01T00:00:00.000+00:00,4712-12-31T00:00:00.000+00:00,IBY_PAY_CHK_FORM_FEED_1A,,N,,N,SEED_DATA_FROM_APPLICATION,2022-02-26T10:09:33.000+00:00
IBY_PAY_CHK_FORM_FEED_2,External Form Feed Check,External Form Feed Check Format,PRINTED,1990-01-01T00:00:00.000+00:00,4712-12-31T00:00:00.000+00:00,IBY_PAY_CHK_FORM_FEED_2,,N,,N,SEED_DATA_FROM_APPLICATION,2022-02-26T10:09:33.000+00:00
IBY_PAY_CHK_FORM_FEED_2A,External Form Feed Check (Stub After Payment),External Form Feed Check Format (Stub After Payment),PRINTED,1990-01-01T00:00:00.000+00:00,4712-12-31T00:00:00.000+00:00,IBY_PAY_CHK_FORM_FEED_2A,,N,,N,SEED_DATA_FROM_APPLICATION,2022-02-26T10:09:33.000+00:00
IBY_PAY_CHK_LASER,Laser Check,Laser Check Format,PRINTED,1990-01-01T00:00:00.000+00:00,4712-12-31T00:00:00.000+00:00,IBY_PAY_CHK_LASER,,N,,N,SEED_DATA_FROM_APPLICATION,2022-02-26T10:09:33.000+00:00
IBY_PAY_CHK_LASER_A,Laser Check (Stub After Payment),Laser Check Format (Stub After Payment),PRINTED,1990-01-01T00:00:00.000+00:00,4712-12-31T00:00:00.000+00:00,IBY_PAY_CHK_LASER_A,,N,,N,SEED_DATA_FROM_APPLICATION,2022-02-26T10:09:33.000+00:00
IBY_PAY_CHK_STANDARD_1,Standard Check,Standard Check Format,PRINTED,1990-01-01T00:00:00.000+00:00,4712-12-31T00:00:00.000+00:00,IBY_PAY_CHK_STANDARD_1,,N,,N,SEED_DATA_FROM_APPLICATION,2022-02-26T10:09:33.000+00:00
IBY_PAY_CHK_STANDARD_1A,Standard Check (Stub After Payment),Standard Check Format (Stub After Payment),PRINTED,1990-01-01T00:00:00.000+00:00,4712-12-31T00:00:00.000+00:00,IBY_PAY_CHK_STANDARD_1A,,N,,N,SEED_DATA_FROM_APPLICATION,2022-02-26T10:09:33.000+00:00
IBY_PAY_CHK_STANDARD_2,External Check,External Check Format,PRINTED,1990-01-01T00:00:00.000+00:00,4712-12-31T00:00:00.000+00:00,IBY_PAY_CHK_STANDARD_2,,N,,N,SEED_DATA_FROM_APPLICATION,2022-02-26T10:09:33.000+00:00
IBY_PAY_CHK_STANDARD_2A,External Check (Stub After Payment),External Check Format (Stub After Payment),PRINTED,1990-01-01T00:00:00.000+00:00,4712-12-31T00:00:00.000+00:00,IBY_PAY_CHK_STANDARD_2A,,N,,N,SEED_DATA_FROM_APPLICATION,2022-02-26T10:09:33.000+00:00
IBY_PAY_CHK_TREASURY,US Treasury,US Treasury Format,PRINTED,1990-01-01T00:00:00.000+00:00,4712-12-31T00:00:00.000+00:00,IBY_PAY_CHK_TREASURY,,N,,N,SEED_DATA_FROM_APPLICATION,2022-02-26T10:09:33.000+00:00
