SYSTEM_PROFILE_CODE,APPLICABLE_VALUE_TO,APPLICABLE_TYPE_CODE,APPLICABLE_VALUE_FROM,CREATED_BY
IBY_PAY_CHK_FR,,INTERNAL_BANK_ACCOUNT,,SEED_DATA_FROM_APPLICATION
IBY_PAY_CHK_FR_A,CHECK,PAYMENT_METHOD,,SEED_DATA_FROM_APPLICATION
IBY_PAY_CHK_FR_A,EUR,CURRENCY_CODE,,SEED_DATA_FROM_APPLICATION
IBY_PAY_CHK_FR_A,,PAYER_ORG,,SEED_DATA_FROM_APPLICATION
IBY_PAY_CHK_FR_A,,INTERNAL_BANK_ACCOUNT,,SEED_DATA_FROM_APPLICATION
IBY_PAY_CHK_LASER,CHECK,PAYMENT_METHOD,,SEED_DATA_FROM_APPLICATION
IBY_PAY_CHK_LASER,USD,CURRENCY_CODE,,SEED_DATA_FROM_APPLICATION
IBY_PAY_CHK_LASER,,PAYER_ORG,,SEED_DATA_FROM_APPLICATION
IBY_PAY_CHK_LASER,,INTERNAL_BANK_ACCOUNT,,SEED_DATA_FROM_APPLICATION
IBY_PAY_CHK_LASER_A,CHECK,PAYMENT_METHOD,,SEED_DATA_FROM_APPLICATION
IBY_PAY_CHK_LASER_A,USD,CURRENCY_CODE,,SEED_DATA_FROM_APPLICATION
IBY_PAY_CHK_LASER_A,,PAYER_ORG,,SEED_DATA_FROM_APPLICATION
IBY_PAY_CHK_LASER_A,,INTERNAL_BANK_ACCOUNT,,SEED_DATA_FROM_APPLICATION
IBY_PAY_CHK_PT,CHECK,PAYMENT_METHOD,,SEED_DATA_FROM_APPLICATION
IBY_PAY_CHK_PT,EUR,CURRENCY_CODE,,SEED_DATA_FROM_APPLICATION
IBY_PAY_CHK_PT,,PAYER_ORG,,SEED_DATA_FROM_APPLICATION
IBY_PAY_CHK_PT,,INTERNAL_BANK_ACCOUNT,,SEED_DATA_FROM_APPLICATION
IBY_PAY_CHK_STANDARD_1,CHECK,PAYMENT_METHOD,,SEED_DATA_FROM_APPLICATION
IBY_PAY_CHK_STANDARD_1,USD,CURRENCY_CODE,,SEED_DATA_FROM_APPLICATION
IBY_PAY_CHK_STANDARD_1,,PAYER_ORG,,SEED_DATA_FROM_APPLICATION
IBY_PAY_CHK_STANDARD_1,,INTERNAL_BANK_ACCOUNT,,SEED_DATA_FROM_APPLICATION
IBY_PAY_CHK_STANDARD_1A,CHECK,PAYMENT_METHOD,,SEED_DATA_FROM_APPLICATION
IBY_PAY_CHK_STANDARD_1A,USD,CURRENCY_CODE,,SEED_DATA_FROM_APPLICATION
IBY_PAY_CHK_STANDARD_1A,,PAYER_ORG,,SEED_DATA_FROM_APPLICATION
IBY_PAY_CHK_STANDARD_1A,,INTERNAL_BANK_ACCOUNT,,SEED_DATA_FROM_APPLICATION
IBY_PAY_CHK_STANDARD_2,CHECK,PAYMENT_METHOD,,SEED_DATA_FROM_APPLICATION
IBY_PAY_CHK_STANDARD_2,USD,CURRENCY_CODE,,SEED_DATA_FROM_APPLICATION
IBY_PAY_CHK_STANDARD_2,,PAYER_ORG,,SEED_DATA_FROM_APPLICATION
IBY_PAY_CHK_STANDARD_2,,INTERNAL_BANK_ACCOUNT,,SEED_DATA_FROM_APPLICATION
IBY_PAY_CHK_STANDARD_2A,CHECK,PAYMENT_METHOD,,SEED_DATA_FROM_APPLICATION
IBY_PAY_CHK_STANDARD_2A,USD,CURRENCY_CODE,,SEED_DATA_FROM_APPLICATION
IBY_PAY_CHK_STANDARD_2A,,PAYER_ORG,,SEED_DATA_FROM_APPLICATION
IBY_PAY_CHK_STANDARD_2A,,INTERNAL_BANK_ACCOUNT,,SEED_DATA_FROM_APPLICATION
IBY_PAY_CHK_TREASURY,CHECK,PAYMENT_METHOD,,SEED_DATA_FROM_APPLICATION
IBY_PAY_CHK_TREASURY,USD,CURRENCY_CODE,,SEED_DATA_FROM_APPLICATION
IBY_PAY_CHK_TREASURY,,PAYER_ORG,,SEED_DATA_FROM_APPLICATION
IBY_PAY_EFT_LUM_FI,,PAYER_ORG,,SEED_DATA_FROM_APPLICATION
IBY_PAY_EFT_LUM_FI,,INTERNAL_BANK_ACCOUNT,,SEED_DATA_FROM_APPLICATION
IBY_PAY_EFT_NACHA_CCDP_US,EFT,PAYMENT_METHOD,,SEED_DATA_FROM_APPLICATION
IBY_PAY_EFT_NACHA_CCDP_US,USD,CURRENCY_CODE,,SEED_DATA_FROM_APPLICATION
IBY_PAY_EFT_NACHA_CCDP_US,,PAYER_ORG,,SEED_DATA_FROM_APPLICATION
IBY_PAY_EFT_NACHA_CCDP_US,,INTERNAL_BANK_ACCOUNT,,SEED_DATA_FROM_APPLICATION
IBY_PAY_EFT_NACHA_CCD_US,EFT,PAYMENT_METHOD,,SEED_DATA_FROM_APPLICATION
IBY_PAY_EFT_NACHA_CCD_US,USD,CURRENCY_CODE,,SEED_DATA_FROM_APPLICATION
IBY_PAY_EFT_NACHA_CCD_US,,PAYER_ORG,,SEED_DATA_FROM_APPLICATION
IBY_PAY_EFT_NACHA_CCD_US,,INTERNAL_BANK_ACCOUNT,,SEED_DATA_FROM_APPLICATION
IBY_PAY_EFT_NACHA_IAT_US,,PAYER_ORG,,SEED_DATA_FROM_APPLICATION
IBY_PAY_EFT_NACHA_IAT_US,,INTERNAL_BANK_ACCOUNT,,SEED_DATA_FROM_APPLICATION
IBY_PAY_EFT_NACHA_IAT_US,,PAYMENT_METHOD,,SEED_DATA_FROM_APPLICATION
IBY_PAY_EFT_NACHA_IAT_US,,CURRENCY_CODE,,SEED_DATA_FROM_APPLICATION
IBY_PAY_EFT_NACHA_PPD_US,EFT,PAYMENT_METHOD,,SEED_DATA_FROM_APPLICATION
IBY_PAY_EFT_NACHA_PPD_US,USD,CURRENCY_CODE,,SEED_DATA_FROM_APPLICATION
IBY_PAY_EFT_NACHA_PPD_US,,PAYER_ORG,,SEED_DATA_FROM_APPLICATION
IBY_PAY_EFT_NACHA_PPD_US,,INTERNAL_BANK_ACCOUNT,,SEED_DATA_FROM_APPLICATION
IBY_PAY_EFT_NACHA_US,EFT,PAYMENT_METHOD,,SEED_DATA_FROM_APPLICATION
IBY_PAY_EFT_NACHA_US,USD,CURRENCY_CODE,,SEED_DATA_FROM_APPLICATION
IBY_PAY_EFT_NACHA_US,,PAYER_ORG,,SEED_DATA_FROM_APPLICATION
IBY_PAY_EFT_NACHA_US,,INTERNAL_BANK_ACCOUNT,,SEED_DATA_FROM_APPLICATION
IBY_PAY_EFT_PAY_ORDER_PL,EFT,PAYMENT_METHOD,,SEED_DATA_FROM_APPLICATION
IBY_PAY_EFT_PAY_ORDER_PL,PLN,CURRENCY_CODE,,SEED_DATA_FROM_APPLICATION
IBY_PAY_EFT_PAY_ORDER_PL,,PAYER_ORG,,SEED_DATA_FROM_APPLICATION
IBY_PAY_EFT_PAY_ORDER_PL,,INTERNAL_BANK_ACCOUNT,,SEED_DATA_FROM_APPLICATION
IBY_PAY_EFT_POSTGIRO_SE,EFT,PAYMENT_METHOD,,SEED_DATA_FROM_APPLICATION
IBY_PAY_EFT_POSTGIRO_SE,EUR,CURRENCY_CODE,,SEED_DATA_FROM_APPLICATION
IBY_PAY_EFT_POSTGIRO_SE,,PAYER_ORG,,SEED_DATA_FROM_APPLICATION
IBY_PAY_EFT_POSTGIRO_SE,,INTERNAL_BANK_ACCOUNT,,SEED_DATA_FROM_APPLICATION
IBY_JPMC_ISO20022_CGI,,PAYER_ORG,,SEED_DATA_FROM_APPLICATION
IBY_JPMC_ISO20022_CGI,,INTERNAL_BANK_ACCOUNT,,SEED_DATA_FROM_APPLICATION
IBY_JPMC_ISO20022_CGI,,PAYMENT_METHOD,,SEED_DATA_FROM_APPLICATION
IBY_JPMC_ISO20022_CGI,,CURRENCY_CODE,,SEED_DATA_FROM_APPLICATION
IBY_PAY_CHK_TREASURY,,INTERNAL_BANK_ACCOUNT,,SEED_DATA_FROM_APPLICATION
IBY_PAY_ECE,EFT,PAYMENT_METHOD,,SEED_DATA_FROM_APPLICATION
IBY_JPMC_ISO20022_SEPA,,PAYER_ORG,,SEED_DATA_FROM_APPLICATION
IBY_JPMC_ISO20022_SEPA,,INTERNAL_BANK_ACCOUNT,,SEED_DATA_FROM_APPLICATION
IBY_JPMC_ISO20022_SEPA,,PAYMENT_METHOD,,SEED_DATA_FROM_APPLICATION
IBY_JPMC_ISO20022_SEPA,EUR,CURRENCY_CODE,,SEED_DATA_FROM_APPLICATION
IBY_MC_VC,,PAYER_ORG,,SEED_DATA_FROM_APPLICATION
IBY_MC_VC,,INTERNAL_BANK_ACCOUNT,,SEED_DATA_FROM_APPLICATION
IBY_MC_VC,,PAYMENT_METHOD,,SEED_DATA_FROM_APPLICATION
IBY_MC_VC,,CURRENCY_CODE,,SEED_DATA_FROM_APPLICATION
IBY_JPM_VC,,PAYER_ORG,,SEED_DATA_FROM_APPLICATION
IBY_JPM_VC,,INTERNAL_BANK_ACCOUNT,,SEED_DATA_FROM_APPLICATION
IBY_JPM_VC,,PAYMENT_METHOD,,SEED_DATA_FROM_APPLICATION
IBY_JPM_VC,,CURRENCY_CODE,,SEED_DATA_FROM_APPLICATION
IBY_PNC_ISO20022_CGI,,PAYER_ORG,,SEED_DATA_FROM_APPLICATION
IBY_PNC_ISO20022_CGI,,INTERNAL_BANK_ACCOUNT,,SEED_DATA_FROM_APPLICATION
IBY_PNC_ISO20022_CGI,,PAYMENT_METHOD,,SEED_DATA_FROM_APPLICATION
IBY_PNC_ISO20022_CGI,,CURRENCY_CODE,,SEED_DATA_FROM_APPLICATION
IBY_PAY_EFT_FED_CTX,EFT,PAYMENT_METHOD,,SEED_DATA_FROM_APPLICATION
IBY_PAY_EFT_FED_CTX,USD,CURRENCY_CODE,,SEED_DATA_FROM_APPLICATION
IBY_PAY_EFT_FED_CTX,,PAYER_ORG,,SEED_DATA_FROM_APPLICATION
IBY_PAY_EFT_FED_CTX,,INTERNAL_BANK_ACCOUNT,,SEED_DATA_FROM_APPLICATION
IBY_PAY_EFT_FED_CTX_CONSOL,EFT,PAYMENT_METHOD,,SEED_DATA_FROM_APPLICATION
IBY_PAY_EFT_FED_CTX_CONSOL,USD,CURRENCY_CODE,,SEED_DATA_FROM_APPLICATION
IBY_PAY_EFT_FED_CTX_CONSOL,,PAYER_ORG,,SEED_DATA_FROM_APPLICATION
IBY_PAY_EFT_FED_CTX_CONSOL,,INTERNAL_BANK_ACCOUNT,,SEED_DATA_FROM_APPLICATION
IBY_PAY_EFT_FED_ECS_CCD,EFT,PAYMENT_METHOD,,SEED_DATA_FROM_APPLICATION
IBY_PAY_EFT_FED_ECS_CCD,USD,CURRENCY_CODE,,SEED_DATA_FROM_APPLICATION
IBY_PAY_EFT_FED_ECS_CCD,,PAYER_ORG,,SEED_DATA_FROM_APPLICATION
IBY_PAY_EFT_FED_ECS_CCD,,INTERNAL_BANK_ACCOUNT,,SEED_DATA_FROM_APPLICATION
IBY_PAY_EFT_FED_ECS_CCDP,EFT,PAYMENT_METHOD,,SEED_DATA_FROM_APPLICATION
IBY_PAY_EFT_FED_ECS_CCDP,USD,CURRENCY_CODE,,SEED_DATA_FROM_APPLICATION
IBY_PAY_EFT_FED_ECS_CCDP,,PAYER_ORG,,SEED_DATA_FROM_APPLICATION
IBY_PAY_EFT_FED_ECS_CCDP,,INTERNAL_BANK_ACCOUNT,,SEED_DATA_FROM_APPLICATION
IBY_PAY_EFT_FED_ECS_NCR,CHECK,PAYMENT_METHOD,,SEED_DATA_FROM_APPLICATION
IBY_PAY_EFT_FED_ECS_NCR,USD,CURRENCY_CODE,,SEED_DATA_FROM_APPLICATION
IBY_PAY_EFT_FED_ECS_NCR,,PAYER_ORG,,SEED_DATA_FROM_APPLICATION
IBY_PAY_EFT_FED_ECS_NCR,,INTERNAL_BANK_ACCOUNT,,SEED_DATA_FROM_APPLICATION
IBY_PAY_EFT_FED_ECS_PPD,EFT,PAYMENT_METHOD,,SEED_DATA_FROM_APPLICATION
IBY_PAY_EFT_FED_ECS_PPD,USD,CURRENCY_CODE,,SEED_DATA_FROM_APPLICATION
IBY_PAY_EFT_FED_ECS_PPD,,PAYER_ORG,,SEED_DATA_FROM_APPLICATION
IBY_PAY_EFT_FED_ECS_PPD,,INTERNAL_BANK_ACCOUNT,,SEED_DATA_FROM_APPLICATION
IBY_PAY_EFT_FED_ECS_PPDP,EFT,PAYMENT_METHOD,,SEED_DATA_FROM_APPLICATION
IBY_PAY_EFT_FED_ECS_PPDP,USD,CURRENCY_CODE,,SEED_DATA_FROM_APPLICATION
IBY_PAY_EFT_FED_ECS_PPDP,,PAYER_ORG,,SEED_DATA_FROM_APPLICATION
IBY_PAY_EFT_FED_ECS_PPDP,,INTERNAL_BANK_ACCOUNT,,SEED_DATA_FROM_APPLICATION
IBY_PAY_EFT_FED_PPDP_CONSOL,EFT,PAYMENT_METHOD,,SEED_DATA_FROM_APPLICATION
IBY_PAY_EFT_FED_PPDP_CONSOL,USD,CURRENCY_CODE,,SEED_DATA_FROM_APPLICATION
IBY_PAY_EFT_FED_PPDP_CONSOL,,PAYER_ORG,,SEED_DATA_FROM_APPLICATION
IBY_PAY_EFT_FED_PPDP_CONSOL,,INTERNAL_BANK_ACCOUNT,,SEED_DATA_FROM_APPLICATION
IBY_PAY_EFT_FED_SPS_CCD,EFT,PAYMENT_METHOD,,SEED_DATA_FROM_APPLICATION
IBY_PAY_EFT_FED_SPS_CCD,USD,CURRENCY_CODE,,SEED_DATA_FROM_APPLICATION
IBY_PAY_EFT_FED_SPS_CCD,,PAYER_ORG,,SEED_DATA_FROM_APPLICATION
IBY_PAY_EFT_FED_SPS_CCD,,INTERNAL_BANK_ACCOUNT,,SEED_DATA_FROM_APPLICATION
IBY_PAY_EFT_FED_SPS_CCDP,EFT,PAYMENT_METHOD,,SEED_DATA_FROM_APPLICATION
IBY_PAY_EFT_FED_SPS_CCDP,USD,CURRENCY_CODE,,SEED_DATA_FROM_APPLICATION
IBY_PAY_EFT_FED_SPS_CCDP,,PAYER_ORG,,SEED_DATA_FROM_APPLICATION
IBY_PAY_EFT_FED_SPS_CCDP,,INTERNAL_BANK_ACCOUNT,,SEED_DATA_FROM_APPLICATION
IBY_PAY_EFT_FED_SPS_NCR,CHECK,PAYMENT_METHOD,,SEED_DATA_FROM_APPLICATION
IBY_PAY_EFT_PT,EFT,PAYMENT_METHOD,,SEED_DATA_FROM_APPLICATION
IBY_PAY_EFT_PT,PTE,CURRENCY_CODE,,SEED_DATA_FROM_APPLICATION
IBY_PAY_EFT_PT,,PAYER_ORG,,SEED_DATA_FROM_APPLICATION
IBY_PAY_EFT_PT,,INTERNAL_BANK_ACCOUNT,,SEED_DATA_FROM_APPLICATION
IBY_PAY_EFT_SAD_CH,EFT,PAYMENT_METHOD,,SEED_DATA_FROM_APPLICATION
IBY_PAY_EFT_SAD_CH,CHF,CURRENCY_CODE,,SEED_DATA_FROM_APPLICATION
IBY_PAY_EFT_SAD_CH,,PAYER_ORG,,SEED_DATA_FROM_APPLICATION
IBY_PAY_EFT_SAD_CH,,INTERNAL_BANK_ACCOUNT,,SEED_DATA_FROM_APPLICATION
IBY_PAY_EFT_SISU_BANKGIRO_SE,EFT,PAYMENT_METHOD,,SEED_DATA_FROM_APPLICATION
IBY_PAY_EFT_SISU_BANKGIRO_SE,,CURRENCY_CODE,,SEED_DATA_FROM_APPLICATION
IBY_PAY_EFT_SISU_BANKGIRO_SE,,PAYER_ORG,,SEED_DATA_FROM_APPLICATION
IBY_PAY_EFT_SISU_BANKGIRO_SE,,INTERNAL_BANK_ACCOUNT,,SEED_DATA_FROM_APPLICATION
IBY_PAY_EFT_TELEPAY_NO,EFT,PAYMENT_METHOD,,SEED_DATA_FROM_APPLICATION
IBY_PAY_EFT_TELEPAY_NO,,CURRENCY_CODE,,SEED_DATA_FROM_APPLICATION
IBY_PAY_EFT_TELEPAY_NO,,PAYER_ORG,,SEED_DATA_FROM_APPLICATION
IBY_PAY_ECE,USD,CURRENCY_CODE,,SEED_DATA_FROM_APPLICATION
IBY_PAY_ECE,,PAYER_ORG,,SEED_DATA_FROM_APPLICATION
IBY_PAY_ECE,,INTERNAL_BANK_ACCOUNT,,SEED_DATA_FROM_APPLICATION
IBY_PAY_ECE,DK_9,PAYMENT_METHOD,,SEED_DATA_FROM_APPLICATION
IBY_PAY_ECE,DK_8,PAYMENT_METHOD,,SEED_DATA_FROM_APPLICATION
IBY_PAY_ECE,DK_7,PAYMENT_METHOD,,SEED_DATA_FROM_APPLICATION
IBY_PAY_ECE,DK_6,PAYMENT_METHOD,,SEED_DATA_FROM_APPLICATION
IBY_PAY_ECE,DK_5,PAYMENT_METHOD,,SEED_DATA_FROM_APPLICATION
IBY_PAY_ECE,DK_4,PAYMENT_METHOD,,SEED_DATA_FROM_APPLICATION
IBY_PAY_ECE,DK_3,PAYMENT_METHOD,,SEED_DATA_FROM_APPLICATION
IBY_PAY_ECE,DK_2,PAYMENT_METHOD,,SEED_DATA_FROM_APPLICATION
IBY_PAY_ECE,DK_10,PAYMENT_METHOD,,SEED_DATA_FROM_APPLICATION
IBY_PAY_ECE,DK_1,PAYMENT_METHOD,,SEED_DATA_FROM_APPLICATION
IBY_PAY_EDI_ANSI_X12_820,EFT,PAYMENT_METHOD,,SEED_DATA_FROM_APPLICATION
IBY_PAY_EDI_ANSI_X12_820,,CURRENCY_CODE,,SEED_DATA_FROM_APPLICATION
IBY_PAY_EDI_ANSI_X12_820,,PAYER_ORG,,SEED_DATA_FROM_APPLICATION
IBY_PAY_EDI_ANSI_X12_820,,INTERNAL_BANK_ACCOUNT,,SEED_DATA_FROM_APPLICATION
IBY_PAY_EFT_FED_SPS_PPDP,,PAYER_ORG,,SEED_DATA_FROM_APPLICATION
IBY_PAY_EFT_FED_SPS_PPDP,,INTERNAL_BANK_ACCOUNT,,SEED_DATA_FROM_APPLICATION
IBY_PAY_EFT_FOREIGN_BE,EFT,PAYMENT_METHOD,,SEED_DATA_FROM_APPLICATION
IBY_PAY_EFT_FOREIGN_BE,,CURRENCY_CODE,,SEED_DATA_FROM_APPLICATION
IBY_PAY_EFT_FOREIGN_BE,,PAYER_ORG,,SEED_DATA_FROM_APPLICATION
IBY_PAY_EFT_FOREIGN_BE,,INTERNAL_BANK_ACCOUNT,,SEED_DATA_FROM_APPLICATION
IBY_PAY_EFT_FOREIGN_DE,EFT,PAYMENT_METHOD,,SEED_DATA_FROM_APPLICATION
IBY_PAY_EFT_FOREIGN_DE,EUR,CURRENCY_CODE,,SEED_DATA_FROM_APPLICATION
IBY_PAY_EFT_FOREIGN_DE,,PAYER_ORG,,SEED_DATA_FROM_APPLICATION
IBY_PAY_EFT_FOREIGN_DE,,INTERNAL_BANK_ACCOUNT,,SEED_DATA_FROM_APPLICATION
IBY_PAY_EDI_PAYMUL,EFT,PAYMENT_METHOD,,SEED_DATA_FROM_APPLICATION
IBY_PAY_EDI_PAYMUL,,CURRENCY_CODE,,SEED_DATA_FROM_APPLICATION
IBY_PAY_EFT_DOMESTIC_DE,,INTERNAL_BANK_ACCOUNT,,SEED_DATA_FROM_APPLICATION
IBY_PAY_EFT_DOMESTIC_NL,EFT,PAYMENT_METHOD,,SEED_DATA_FROM_APPLICATION
IBY_PAY_EFT_DOMESTIC_NL,EUR,CURRENCY_CODE,,SEED_DATA_FROM_APPLICATION
IBY_PAY_EFT_DOMESTIC_NL,,PAYER_ORG,,SEED_DATA_FROM_APPLICATION
IBY_PAY_EFT_DOMESTIC_NL,,INTERNAL_BANK_ACCOUNT,,SEED_DATA_FROM_APPLICATION
IBY_PAY_EFT_DTA_CH,EFT,PAYMENT_METHOD,,SEED_DATA_FROM_APPLICATION
IBY_PAY_EFT_DTA_CH,CHF,CURRENCY_CODE,,SEED_DATA_FROM_APPLICATION
IBY_PAY_EFT_DTA_CH,,PAYER_ORG,,SEED_DATA_FROM_APPLICATION
IBY_PAY_EFT_DTA_CH,,INTERNAL_BANK_ACCOUNT,,SEED_DATA_FROM_APPLICATION
IBY_PAY_EFT_ES,EFT,PAYMENT_METHOD,,SEED_DATA_FROM_APPLICATION
IBY_PAY_EFT_ES,EUR,CURRENCY_CODE,,SEED_DATA_FROM_APPLICATION
IBY_PAY_EFT_ES,,PAYER_ORG,,SEED_DATA_FROM_APPLICATION
IBY_PAY_EFT_ES,,INTERNAL_BANK_ACCOUNT,,SEED_DATA_FROM_APPLICATION
IBY_PAY_EFT_FED_BULK_CCDP,EFT,PAYMENT_METHOD,,SEED_DATA_FROM_APPLICATION
IBY_PAY_EFT_FED_BULK_CCDP,USD,CURRENCY_CODE,,SEED_DATA_FROM_APPLICATION
IBY_PAY_EFT_FED_BULK_CCDP,,PAYER_ORG,,SEED_DATA_FROM_APPLICATION
IBY_PAY_EFT_FED_SPS_NCR,,PAYER_ORG,,SEED_DATA_FROM_APPLICATION
IBY_PAY_EFT_FED_SPS_NCR,,INTERNAL_BANK_ACCOUNT,,SEED_DATA_FROM_APPLICATION
IBY_PAY_EFT_FED_SPS_PPD,EFT,PAYMENT_METHOD,,SEED_DATA_FROM_APPLICATION
IBY_PAY_EFT_FED_SPS_PPD,USD,CURRENCY_CODE,,SEED_DATA_FROM_APPLICATION
IBY_PAY_EFT_FED_SPS_PPD,,PAYER_ORG,,SEED_DATA_FROM_APPLICATION
IBY_PAY_EFT_FED_SPS_PPD,,INTERNAL_BANK_ACCOUNT,,SEED_DATA_FROM_APPLICATION
IBY_PAY_EFT_FED_SPS_PPDP,EFT,PAYMENT_METHOD,,SEED_DATA_FROM_APPLICATION
IBY_PAY_EFT_FED_SPS_PPDP,USD,CURRENCY_CODE,,SEED_DATA_FROM_APPLICATION
ADIA_PAY_EDI_SWIFT_MT100,EFT,PAYMENT_METHOD,,System.Administrator
ADIA_PAY_EDI_SWIFT_MT100,,PAYER_ORG,,System.Administrator
ADIA_PAY_EDI_SWIFT_MT100,,INTERNAL_BANK_ACCOUNT,,System.Administrator
ADIA_PAY_EDI_SWIFT_MT100,,CURRENCY_CODE,,System.Administrator
IBY_PAY_EFT_FOREIGN_NL,EFT,PAYMENT_METHOD,,SEED_DATA_FROM_APPLICATION
IBY_PAY_EFT_FOREIGN_NL,,CURRENCY_CODE,,SEED_DATA_FROM_APPLICATION
IBY_PAY_EFT_FOREIGN_NL,,PAYER_ORG,,SEED_DATA_FROM_APPLICATION
IBY_PAY_EFT_FOREIGN_NL,,INTERNAL_BANK_ACCOUNT,,SEED_DATA_FROM_APPLICATION
ADIA Cheque,CHECK,PAYMENT_METHOD,,System.Administrator
ADIA Cheque,300000009013059,PAYER_ORG,OPERATING_UNIT,System.Administrator
ADIA Cheque,,INTERNAL_BANK_ACCOUNT,,System.Administrator
ADIA Cheque,,CURRENCY_CODE,,System.Administrator
ADIA Clearing Payments,CLEARING,PAYMENT_METHOD,,System.Administrator
ADIA Clearing Payments,300000009013059,PAYER_ORG,OPERATING_UNIT,System.Administrator
ADIA Clearing Payments,,INTERNAL_BANK_ACCOUNT,,System.Administrator
ADIA Clearing Payments,,CURRENCY_CODE,,System.Administrator
IBY_PAY_EFT_FOR_POSTGIRO_SE,EFT,PAYMENT_METHOD,,SEED_DATA_FROM_APPLICATION
IBY_PAY_EFT_FOR_POSTGIRO_SE,EUR,CURRENCY_CODE,,SEED_DATA_FROM_APPLICATION
IBY_PAY_EFT_FOR_POSTGIRO_SE,,PAYER_ORG,,SEED_DATA_FROM_APPLICATION
IBY_PAY_EFT_FOR_POSTGIRO_SE,,INTERNAL_BANK_ACCOUNT,,SEED_DATA_FROM_APPLICATION
IBY_PAY_EFT_FR,EFT,PAYMENT_METHOD,,SEED_DATA_FROM_APPLICATION
IBY_PAY_EFT_FR,EUR,CURRENCY_CODE,,SEED_DATA_FROM_APPLICATION
IBY_PAY_EFT_FR,,PAYER_ORG,,SEED_DATA_FROM_APPLICATION
IBY_PAY_EFT_FR,,INTERNAL_BANK_ACCOUNT,,SEED_DATA_FROM_APPLICATION
IBY_PAY_EFT_IT,EFT,PAYMENT_METHOD,,SEED_DATA_FROM_APPLICATION
IBY_PAY_EFT_IT,EUR,CURRENCY_CODE,,SEED_DATA_FROM_APPLICATION
IBY_PAY_EFT_IT,,PAYER_ORG,,SEED_DATA_FROM_APPLICATION
IBY_PAY_EFT_IT,,INTERNAL_BANK_ACCOUNT,,SEED_DATA_FROM_APPLICATION
IBY_PAY_EFT_LMP2_FI,EFT,PAYMENT_METHOD,,SEED_DATA_FROM_APPLICATION
IBY_PAY_EFT_LMP2_FI,,CURRENCY_CODE,,SEED_DATA_FROM_APPLICATION
IBY_PAY_EFT_LMP2_FI,,PAYER_ORG,,SEED_DATA_FROM_APPLICATION
IBY_PAY_EFT_LMP2_FI,,INTERNAL_BANK_ACCOUNT,,SEED_DATA_FROM_APPLICATION
IBY_PAY_EFT_LMP3_FI,EFT,PAYMENT_METHOD,,SEED_DATA_FROM_APPLICATION
IBY_PAY_EFT_LMP3_FI,,CURRENCY_CODE,,SEED_DATA_FROM_APPLICATION
IBY_PAY_EFT_LMP3_FI,,PAYER_ORG,,SEED_DATA_FROM_APPLICATION
IBY_PAY_EFT_LMP3_FI,,INTERNAL_BANK_ACCOUNT,,SEED_DATA_FROM_APPLICATION
IBY_PAY_EFT_LUM_FI,EFT,PAYMENT_METHOD,,SEED_DATA_FROM_APPLICATION
IBY_PAY_EFT_LUM_FI,,CURRENCY_CODE,,SEED_DATA_FROM_APPLICATION
ADIA_OPEX_FA_Payments,EFT,PAYMENT_METHOD,,System.Administrator
ADIA_OPEX_FA_Payments,300000009013059,PAYER_ORG,OPERATING_UNIT,System.Administrator
ADIA_OPEX_FA_Payments,,INTERNAL_BANK_ACCOUNT,,System.Administrator
ADIA_OPEX_FA_Payments,,CURRENCY_CODE,,System.Administrator
IBY_PAY_CHK_CL,,PAYER_ORG,,SEED_DATA_FROM_APPLICATION
IBY_PAY_CHK_CL,,INTERNAL_BANK_ACCOUNT,,SEED_DATA_FROM_APPLICATION
IBY_PAY_CHK_DE,CHECK,PAYMENT_METHOD,,SEED_DATA_FROM_APPLICATION
IBY_PAY_CHK_DE,EUR,CURRENCY_CODE,,SEED_DATA_FROM_APPLICATION
IBY_PAY_CHK_DE,,PAYER_ORG,,SEED_DATA_FROM_APPLICATION
IBY_PAY_CHK_DE,,INTERNAL_BANK_ACCOUNT,,SEED_DATA_FROM_APPLICATION
IBY_PAY_CHK_DE_A,CHECK,PAYMENT_METHOD,,SEED_DATA_FROM_APPLICATION
IBY_PAY_CHK_DE_A,EUR,CURRENCY_CODE,,SEED_DATA_FROM_APPLICATION
IBY_PAY_CHK_DE_A,,PAYER_ORG,,SEED_DATA_FROM_APPLICATION
IBY_PAY_CHK_DE_A,,INTERNAL_BANK_ACCOUNT,,SEED_DATA_FROM_APPLICATION
IBY_PAY_CHK_ES,CHECK,PAYMENT_METHOD,,SEED_DATA_FROM_APPLICATION
IBY_PAY_CHK_ES,EUR,CURRENCY_CODE,,SEED_DATA_FROM_APPLICATION
IBY_PAY_CHK_ES,,PAYER_ORG,,SEED_DATA_FROM_APPLICATION
IBY_PAY_CHK_ES,,INTERNAL_BANK_ACCOUNT,,SEED_DATA_FROM_APPLICATION
IBY_PAY_CHK_FORM_FEED_1,CHECK,PAYMENT_METHOD,,SEED_DATA_FROM_APPLICATION
IBY_PAY_CHK_FORM_FEED_1,,CURRENCY_CODE,,SEED_DATA_FROM_APPLICATION
IBY_PAY_CHK_FORM_FEED_1,,PAYER_ORG,,SEED_DATA_FROM_APPLICATION
IBY_PAY_CHK_FORM_FEED_1,,INTERNAL_BANK_ACCOUNT,,SEED_DATA_FROM_APPLICATION
IBY_PAY_CHK_FORM_FEED_1A,CHECK,PAYMENT_METHOD,,SEED_DATA_FROM_APPLICATION
IBY_PAY_CHK_FORM_FEED_1A,,CURRENCY_CODE,,SEED_DATA_FROM_APPLICATION
IBY_PAY_CHK_FORM_FEED_1A,,PAYER_ORG,,SEED_DATA_FROM_APPLICATION
IBY_PAY_CHK_FORM_FEED_1A,,INTERNAL_BANK_ACCOUNT,,SEED_DATA_FROM_APPLICATION
IBY_PAY_CHK_FORM_FEED_2,CHECK,PAYMENT_METHOD,,SEED_DATA_FROM_APPLICATION
IBY_PAY_CHK_FORM_FEED_2,USD,CURRENCY_CODE,,SEED_DATA_FROM_APPLICATION
IBY_PAY_CHK_FORM_FEED_2,,PAYER_ORG,,SEED_DATA_FROM_APPLICATION
IBY_PAY_CHK_FORM_FEED_2,,INTERNAL_BANK_ACCOUNT,,SEED_DATA_FROM_APPLICATION
IBY_PAY_CHK_FORM_FEED_2A,CHECK,PAYMENT_METHOD,,SEED_DATA_FROM_APPLICATION
IBY_PAY_CHK_FORM_FEED_2A,USD,CURRENCY_CODE,,SEED_DATA_FROM_APPLICATION
IBY_PAY_CHK_FORM_FEED_2A,,PAYER_ORG,,SEED_DATA_FROM_APPLICATION
IBY_PAY_CHK_FORM_FEED_2A,,INTERNAL_BANK_ACCOUNT,,SEED_DATA_FROM_APPLICATION
IBY_PAY_CHK_FR,CHECK,PAYMENT_METHOD,,SEED_DATA_FROM_APPLICATION
IBY_PAY_CHK_FR,EUR,CURRENCY_CODE,,SEED_DATA_FROM_APPLICATION
IBY_PAY_CHK_FR,,PAYER_ORG,,SEED_DATA_FROM_APPLICATION
IBY_PAY_EFT_TELEPAY_NO,,INTERNAL_BANK_ACCOUNT,,SEED_DATA_FROM_APPLICATION
IBY_PAY_EFT_UTLI_BANKGIRO_SE,EFT,PAYMENT_METHOD,,SEED_DATA_FROM_APPLICATION
IBY_PAY_EFT_UTLI_BANKGIRO_SE,,CURRENCY_CODE,,SEED_DATA_FROM_APPLICATION
IBY_PAY_EFT_UTLI_BANKGIRO_SE,,PAYER_ORG,,SEED_DATA_FROM_APPLICATION
IBY_PAY_EFT_UTLI_BANKGIRO_SE,,INTERNAL_BANK_ACCOUNT,,SEED_DATA_FROM_APPLICATION
IBY_PAY_EFT_ZENGIN_JP,EFT,PAYMENT_METHOD,,SEED_DATA_FROM_APPLICATION
IBY_PAY_EFT_ZENGIN_JP,,CURRENCY_CODE,,SEED_DATA_FROM_APPLICATION
IBY_PAY_EFT_ZENGIN_JP,,PAYER_ORG,,SEED_DATA_FROM_APPLICATION
IBY_PAY_EFT_ZENGIN_JP,,INTERNAL_BANK_ACCOUNT,,SEED_DATA_FROM_APPLICATION
IBY_PAY_INT_EFT_FR,,PAYMENT_METHOD,,SEED_DATA_FROM_APPLICATION
IBY_PAY_INT_EFT_FR,,CURRENCY_CODE,,SEED_DATA_FROM_APPLICATION
IBY_PAY_INT_EFT_FR,,PAYER_ORG,,SEED_DATA_FROM_APPLICATION
IBY_PAY_INT_EFT_FR,,INTERNAL_BANK_ACCOUNT,,SEED_DATA_FROM_APPLICATION
IBY_PAY_PROMISSORY_NOTE_ES,CHECK,PAYMENT_METHOD,,SEED_DATA_FROM_APPLICATION
IBY_PAY_PROMISSORY_NOTE_ES,ESP,CURRENCY_CODE,,SEED_DATA_FROM_APPLICATION
IBY_PAY_PROMISSORY_NOTE_ES,,PAYER_ORG,,SEED_DATA_FROM_APPLICATION
IBY_PAY_PROMISSORY_NOTE_ES,,INTERNAL_BANK_ACCOUNT,,SEED_DATA_FROM_APPLICATION
IBY_PAY_PROMISSORY_NOTE_FR,MANUAL FUTURE DATED,PAYMENT_METHOD,,SEED_DATA_FROM_APPLICATION
IBY_PAY_PROMISSORY_NOTE_FR,EUR,CURRENCY_CODE,,SEED_DATA_FROM_APPLICATION
IBY_PAY_PROMISSORY_NOTE_FR,,PAYER_ORG,,SEED_DATA_FROM_APPLICATION
IBY_PAY_PROMISSORY_NOTE_FR,,INTERNAL_BANK_ACCOUNT,,SEED_DATA_FROM_APPLICATION
IBY_PAY_WIRE_DE,WIRE,PAYMENT_METHOD,,SEED_DATA_FROM_APPLICATION
IBY_PAY_WIRE_DE,EUR,CURRENCY_CODE,,SEED_DATA_FROM_APPLICATION
IBY_PAY_WIRE_DE,,PAYER_ORG,,SEED_DATA_FROM_APPLICATION
IBY_PAY_WIRE_DE,,INTERNAL_BANK_ACCOUNT,,SEED_DATA_FROM_APPLICATION
IBY_PAY_WIRE_IT,WIRE,PAYMENT_METHOD,,SEED_DATA_FROM_APPLICATION
IBY_PAY_WIRE_IT,EUR,CURRENCY_CODE,,SEED_DATA_FROM_APPLICATION
IBY_PAY_WIRE_IT,,PAYER_ORG,,SEED_DATA_FROM_APPLICATION
IBY_PAY_WIRE_IT,,INTERNAL_BANK_ACCOUNT,,SEED_DATA_FROM_APPLICATION
IBY_PAY_WIRE_PT,CHECK,PAYMENT_METHOD,,SEED_DATA_FROM_APPLICATION
IBY_PAY_WIRE_PT,,CURRENCY_CODE,,SEED_DATA_FROM_APPLICATION
IBY_PAY_WIRE_PT,,PAYER_ORG,,SEED_DATA_FROM_APPLICATION
IBY_PAY_WIRE_PT,,INTERNAL_BANK_ACCOUNT,,SEED_DATA_FROM_APPLICATION
IBY_PAY_EFT_FED_SPS_NCR,USD,CURRENCY_CODE,,SEED_DATA_FROM_APPLICATION
IBY_FV_PAY_EFT_SPS_SDP,USD,CURRENCY_CODE,,SEED_DATA_FROM_APPLICATION
IBY_FV_PAY_EFT_SPS_SDP,,PAYER_ORG,,SEED_DATA_FROM_APPLICATION
IBY_FV_PAY_EFT_SPS_SDP,,INTERNAL_BANK_ACCOUNT,,SEED_DATA_FROM_APPLICATION
IBY_ISO20022_CGI,,PAYER_ORG,,SEED_DATA_FROM_APPLICATION
IBY_ISO20022_CGI,,INTERNAL_BANK_ACCOUNT,,SEED_DATA_FROM_APPLICATION
IBY_ISO20022_CGI,,PAYMENT_METHOD,,SEED_DATA_FROM_APPLICATION
IBY_ISO20022_CGI,,CURRENCY_CODE,,SEED_DATA_FROM_APPLICATION
IBY_ISO20022_SEPA,,PAYER_ORG,,SEED_DATA_FROM_APPLICATION
IBY_ISO20022_SEPA,,INTERNAL_BANK_ACCOUNT,,SEED_DATA_FROM_APPLICATION
IBY_ISO20022_SEPA,,PAYMENT_METHOD,,SEED_DATA_FROM_APPLICATION
IBY_ISO20022_SEPA,EUR,CURRENCY_CODE,,SEED_DATA_FROM_APPLICATION
IBY_PAYPAL,,PAYER_ORG,,SEED_DATA_FROM_APPLICATION
IBY_PAYPAL,,INTERNAL_BANK_ACCOUNT,,SEED_DATA_FROM_APPLICATION
IBY_PAYPAL,,PAYMENT_METHOD,,SEED_DATA_FROM_APPLICATION
IBY_PAYPAL,,CURRENCY_CODE,,SEED_DATA_FROM_APPLICATION
IBY_PAY_BANK_TRANSFER_REQ,CHECK,PAYMENT_METHOD,,SEED_DATA_FROM_APPLICATION
IBY_PAY_BANK_TRANSFER_REQ,,CURRENCY_CODE,,SEED_DATA_FROM_APPLICATION
IBY_PAY_BANK_TRANSFER_REQ,,PAYER_ORG,,SEED_DATA_FROM_APPLICATION
IBY_PAY_BANK_TRANSFER_REQ,,INTERNAL_BANK_ACCOUNT,,SEED_DATA_FROM_APPLICATION
IBY_PAY_CHK_1_CO,CHECK,PAYMENT_METHOD,,SEED_DATA_FROM_APPLICATION
IBY_PAY_CHK_1_CO,COP,CURRENCY_CODE,,SEED_DATA_FROM_APPLICATION
IBY_PAY_CHK_1_CO,,PAYER_ORG,,SEED_DATA_FROM_APPLICATION
IBY_PAY_CHK_1_CO,,INTERNAL_BANK_ACCOUNT,,SEED_DATA_FROM_APPLICATION
IBY_PAY_CHK_2_CO,CHECK,PAYMENT_METHOD,,SEED_DATA_FROM_APPLICATION
IBY_PAY_CHK_2_CO,COP,CURRENCY_CODE,,SEED_DATA_FROM_APPLICATION
IBY_PAY_CHK_2_CO,,PAYER_ORG,,SEED_DATA_FROM_APPLICATION
IBY_PAY_CHK_2_CO,,INTERNAL_BANK_ACCOUNT,,SEED_DATA_FROM_APPLICATION
IBY_PAY_CHK_AR,CHECK,PAYMENT_METHOD,,SEED_DATA_FROM_APPLICATION
IBY_PAY_CHK_AR,ARS,CURRENCY_CODE,,SEED_DATA_FROM_APPLICATION
IBY_PAY_CHK_AR,,PAYER_ORG,,SEED_DATA_FROM_APPLICATION
IBY_PAY_CHK_AR,,INTERNAL_BANK_ACCOUNT,,SEED_DATA_FROM_APPLICATION
IBY_PAY_CHK_BORDERO_BR,CHECK,PAYMENT_METHOD,,SEED_DATA_FROM_APPLICATION
IBY_PAY_CHK_BORDERO_BR,BRL,CURRENCY_CODE,,SEED_DATA_FROM_APPLICATION
IBY_PAY_CHK_BORDERO_BR,,PAYER_ORG,,SEED_DATA_FROM_APPLICATION
IBY_PAY_CHK_BORDERO_BR,,INTERNAL_BANK_ACCOUNT,,SEED_DATA_FROM_APPLICATION
IBY_PAY_CHK_BR,CHECK,PAYMENT_METHOD,,SEED_DATA_FROM_APPLICATION
IBY_PAY_CHK_BR,BRL,CURRENCY_CODE,,SEED_DATA_FROM_APPLICATION
IBY_PAY_CHK_BR,,PAYER_ORG,,SEED_DATA_FROM_APPLICATION
IBY_PAY_CHK_BR,,INTERNAL_BANK_ACCOUNT,,SEED_DATA_FROM_APPLICATION
IBY_PAY_EFT_BACS_UK,,PAYER_ORG,,SEED_DATA_FROM_APPLICATION
IBY_PAY_EFT_BACS_UK,,INTERNAL_BANK_ACCOUNT,,SEED_DATA_FROM_APPLICATION
IBY_PAY_EFT_BANKGIRO_SE,EFT,PAYMENT_METHOD,,SEED_DATA_FROM_APPLICATION
IBY_PAY_EFT_BANKGIRO_SE,EUR,CURRENCY_CODE,,SEED_DATA_FROM_APPLICATION
IBY_PAY_EFT_BANKGIRO_SE,,PAYER_ORG,,SEED_DATA_FROM_APPLICATION
IBY_PAY_EFT_BANKGIRO_SE,,INTERNAL_BANK_ACCOUNT,,SEED_DATA_FROM_APPLICATION
IBY_PAY_EFT_BBS_NO,EFT,PAYMENT_METHOD,,SEED_DATA_FROM_APPLICATION
IBY_PAY_EFT_BBS_NO,NOK,CURRENCY_CODE,,SEED_DATA_FROM_APPLICATION
IBY_PAY_EFT_BBS_NO,,PAYER_ORG,,SEED_DATA_FROM_APPLICATION
IBY_PAY_EFT_BBS_NO,,INTERNAL_BANK_ACCOUNT,,SEED_DATA_FROM_APPLICATION
IBY_PAY_EFT_CITI_MTMS_PL,EFT,PAYMENT_METHOD,,SEED_DATA_FROM_APPLICATION
IBY_PAY_EFT_CITI_MTMS_PL,PLN,CURRENCY_CODE,,SEED_DATA_FROM_APPLICATION
IBY_PAY_EFT_CITI_MTMS_PL,,PAYER_ORG,,SEED_DATA_FROM_APPLICATION
IBY_PAY_EFT_CITI_MTMS_PL,,INTERNAL_BANK_ACCOUNT,,SEED_DATA_FROM_APPLICATION
IBY_PAY_EFT_CREDIT_TRANS_PL,EFT,PAYMENT_METHOD,,SEED_DATA_FROM_APPLICATION
IBY_PAY_EFT_CREDIT_TRANS_PL,PLN,CURRENCY_CODE,,SEED_DATA_FROM_APPLICATION
IBY_PAY_EFT_CREDIT_TRANS_PL,,PAYER_ORG,,SEED_DATA_FROM_APPLICATION
IBY_PAY_EFT_CREDIT_TRANS_PL,,INTERNAL_BANK_ACCOUNT,,SEED_DATA_FROM_APPLICATION
IBY_PAY_EFT_DOMESTIC_BE,EFT,PAYMENT_METHOD,,SEED_DATA_FROM_APPLICATION
IBY_PAY_EFT_DOMESTIC_BE,EUR,CURRENCY_CODE,,SEED_DATA_FROM_APPLICATION
IBY_PAY_EFT_DOMESTIC_BE,,PAYER_ORG,,SEED_DATA_FROM_APPLICATION
IBY_PAY_EFT_DOMESTIC_BE,,INTERNAL_BANK_ACCOUNT,,SEED_DATA_FROM_APPLICATION
IBY_PAY_EFT_DOMESTIC_DE,EFT,PAYMENT_METHOD,,SEED_DATA_FROM_APPLICATION
IBY_PAY_EFT_DOMESTIC_DE,EUR,CURRENCY_CODE,,SEED_DATA_FROM_APPLICATION
IBY_PAY_EFT_DOMESTIC_DE,,PAYER_ORG,,SEED_DATA_FROM_APPLICATION
IBY_FV_PAY_EFT_PAM_ACH,EFT,PAYMENT_METHOD,,SEED_DATA_FROM_APPLICATION
IBY_FV_PAY_EFT_PAM_ACH,USD,CURRENCY_CODE,,SEED_DATA_FROM_APPLICATION
IBY_FV_PAY_EFT_PAM_ACH,,PAYER_ORG,,SEED_DATA_FROM_APPLICATION
IBY_FV_PAY_EFT_PAM_ACH,,INTERNAL_BANK_ACCOUNT,,SEED_DATA_FROM_APPLICATION
IBY_FV_PAY_EFT_PAM_CHK,CHECK,PAYMENT_METHOD,,SEED_DATA_FROM_APPLICATION
IBY_FV_PAY_EFT_PAM_CHK,USD,CURRENCY_CODE,,SEED_DATA_FROM_APPLICATION
IBY_FV_PAY_EFT_PAM_CHK,,PAYER_ORG,,SEED_DATA_FROM_APPLICATION
IBY_FV_PAY_EFT_PAM_CHK,,INTERNAL_BANK_ACCOUNT,,SEED_DATA_FROM_APPLICATION
IBY_FV_PAY_EFT_SPS_ACH,EFT,PAYMENT_METHOD,,SEED_DATA_FROM_APPLICATION
IBY_FV_PAY_EFT_SPS_ACH,USD,CURRENCY_CODE,,SEED_DATA_FROM_APPLICATION
IBY_FV_PAY_EFT_SPS_ACH,,PAYER_ORG,,SEED_DATA_FROM_APPLICATION
IBY_FV_PAY_EFT_SPS_ACH,,INTERNAL_BANK_ACCOUNT,,SEED_DATA_FROM_APPLICATION
IBY_FV_PAY_EFT_SPS_CHK,CHECK,PAYMENT_METHOD,,SEED_DATA_FROM_APPLICATION
IBY_FV_PAY_EFT_SPS_CHK,USD,CURRENCY_CODE,,SEED_DATA_FROM_APPLICATION
IBY_FV_PAY_EFT_SPS_CHK,,PAYER_ORG,,SEED_DATA_FROM_APPLICATION
IBY_FV_PAY_EFT_SPS_CHK,,INTERNAL_BANK_ACCOUNT,,SEED_DATA_FROM_APPLICATION
IBY_FV_PAY_EFT_SPS_SDP,WIRE,PAYMENT_METHOD,,SEED_DATA_FROM_APPLICATION
IBY_PAY_EFT_FED_BULK_CCDP,,INTERNAL_BANK_ACCOUNT,,SEED_DATA_FROM_APPLICATION
IBY_PAY_EFT_FED_BULK_NCR_1,CHECK,PAYMENT_METHOD,,SEED_DATA_FROM_APPLICATION
IBY_PAY_EFT_FED_BULK_NCR_1,USD,CURRENCY_CODE,,SEED_DATA_FROM_APPLICATION
IBY_PAY_EFT_FED_BULK_NCR_1,,PAYER_ORG,,SEED_DATA_FROM_APPLICATION
IBY_PAY_EFT_FED_BULK_NCR_1,,INTERNAL_BANK_ACCOUNT,,SEED_DATA_FROM_APPLICATION
IBY_PAY_EFT_FED_BULK_NCR_2,CHECK,PAYMENT_METHOD,,SEED_DATA_FROM_APPLICATION
IBY_PAY_EFT_FED_BULK_NCR_2,USD,CURRENCY_CODE,,SEED_DATA_FROM_APPLICATION
IBY_PAY_EFT_FED_BULK_NCR_2,,PAYER_ORG,,SEED_DATA_FROM_APPLICATION
IBY_PAY_EFT_FED_BULK_NCR_2,,INTERNAL_BANK_ACCOUNT,,SEED_DATA_FROM_APPLICATION
IBY_PAY_EFT_FED_BULK_PPDP,EFT,PAYMENT_METHOD,,SEED_DATA_FROM_APPLICATION
IBY_PAY_EFT_FED_BULK_PPDP,USD,CURRENCY_CODE,,SEED_DATA_FROM_APPLICATION
IBY_PAY_EFT_FED_BULK_PPDP,,PAYER_ORG,,SEED_DATA_FROM_APPLICATION
IBY_PAY_EFT_FED_BULK_PPDP,,INTERNAL_BANK_ACCOUNT,,SEED_DATA_FROM_APPLICATION
IBY_PAY_EFT_FED_CCDP_CONSOL,EFT,PAYMENT_METHOD,,SEED_DATA_FROM_APPLICATION
IBY_PAY_EFT_FED_CCDP_CONSOL,USD,CURRENCY_CODE,,SEED_DATA_FROM_APPLICATION
IBY_PAY_EFT_FED_CCDP_CONSOL,,PAYER_ORG,,SEED_DATA_FROM_APPLICATION
IBY_PAY_EFT_FED_CCDP_CONSOL,,INTERNAL_BANK_ACCOUNT,,SEED_DATA_FROM_APPLICATION
IBY_JPMC_ISO20022_CGI_V2,,PAYER_ORG,,SEED_DATA_FROM_APPLICATION
IBY_JPMC_ISO20022_CGI_V2,,INTERNAL_BANK_ACCOUNT,,SEED_DATA_FROM_APPLICATION
IBY_JPMC_ISO20022_CGI_V2,,PAYMENT_METHOD,,SEED_DATA_FROM_APPLICATION
IBY_JPMC_ISO20022_CGI_V2,,CURRENCY_CODE,,SEED_DATA_FROM_APPLICATION
IBY_PAY_EDI_PAYMUL,,PAYER_ORG,,SEED_DATA_FROM_APPLICATION
IBY_PAY_EDI_PAYMUL,,INTERNAL_BANK_ACCOUNT,,SEED_DATA_FROM_APPLICATION
IBY_PAY_EDI_SWIFT_MT100,EFT,PAYMENT_METHOD,,SEED_DATA_FROM_APPLICATION
IBY_PAY_EDI_SWIFT_MT100,,CURRENCY_CODE,,SEED_DATA_FROM_APPLICATION
IBY_PAY_EDI_SWIFT_MT100,,PAYER_ORG,,SEED_DATA_FROM_APPLICATION
IBY_PAY_EDI_SWIFT_MT100,,INTERNAL_BANK_ACCOUNT,,SEED_DATA_FROM_APPLICATION
IBY_PAY_EDI_SWIFT_MT103,EFT,PAYMENT_METHOD,,SEED_DATA_FROM_APPLICATION
IBY_PAY_EDI_SWIFT_MT103,,CURRENCY_CODE,,SEED_DATA_FROM_APPLICATION
IBY_PAY_EDI_SWIFT_MT103,,PAYER_ORG,,SEED_DATA_FROM_APPLICATION
IBY_PAY_EDI_SWIFT_MT103,,INTERNAL_BANK_ACCOUNT,,SEED_DATA_FROM_APPLICATION
IBY_PAY_EFT_BACS_UK,EFT,PAYMENT_METHOD,,SEED_DATA_FROM_APPLICATION
IBY_PAY_EFT_BACS_UK,GBP,CURRENCY_CODE,,SEED_DATA_FROM_APPLICATION
IBY_PAY_CHK_CL,CHECK,PAYMENT_METHOD,,SEED_DATA_FROM_APPLICATION
IBY_PAY_CHK_CL,CLP,CURRENCY_CODE,,SEED_DATA_FROM_APPLICATION
