AE_HEADER_ID,AE_LINE_NUM,CODE_COMBINATION_ID,OVERRIDDEN_CODE_COMBINATION_ID,OVERRIDE_REASON,CREATION_DATE,LAST_UPDATE_DATE,CREATED_BY
300000033536307,300000033536309,300000010579242,551083,The Recoverable tax GL was changed since Supplier is not UAE based,2024-06-11T12:55:39.744+00:00,2024-06-11T12:56:39.734+00:00,Rajesh.Mantri@adia.ae
300000028188078,300000028188080,300000028188085,300000028042959,earlier Project was not correct,2024-02-21T05:52:55.801+00:00,2024-02-21T05:53:54.360+00:00,Rajesh.Mantri@adia.ae
300000028386618,300000028386620,230108,1132219,earlier code was incorrect,2024-02-27T11:23:12.466+00:00,2024-02-27T11:23:31.275+00:00,Rajesh.Mantri@adia.ae
300000030218615,300000030218617,300000030218622,229156,Entity change,2024-04-18T10:59:46.807+00:00,2024-04-18T11:00:09.586+00:00,Rajesh.Mantri@adia.ae
300000028386586,300000028386588,300000006467665,300000028155177,earlier code was incorrect,2024-02-27T11:19:09.777+00:00,2024-02-27T11:20:00.190+00:00,Rajesh.Mantri@adia.ae
300000028188972,300000028188974,162444,162445,The entity s closed so reclassed to its parent entity-Procific,2024-02-27T07:48:14.761+00:00,2024-02-27T07:49:04.926+00:00,Rajesh.Mantri@adia.ae
300000027844858,300000027844860,734191,738438,AAA,2024-02-12T05:28:34.064+00:00,2024-02-12T05:28:51.166+00:00,Justin.Dalton@adia.ae
300000027844876,300000027844878,748525,734258,XX,2024-02-12T05:30:48.071+00:00,2024-02-12T05:31:00.903+00:00,Justin.Dalton@adia.ae
300000027844885,300000027844887,747240,734378,XX,2024-02-12T05:31:06.086+00:00,2024-02-12T05:31:17.792+00:00,Justin.Dalton@adia.ae
300000034371232,300000034371234,568090,608084,cost centre changed from PIS to PED as per email from Asma on 28Jun24
,2024-06-28T12:33:42.280+00:00,2024-06-28T12:34:07.591+00:00,Rajesh.Mantri@adia.ae
300000034371250,300000034371252,300000008703276,300000026397052,cost centre changed from PIS to PED as per email from Asma on 28Jun24,2024-06-28T13:09:54.068+00:00,2024-06-28T13:10:10.325+00:00,Rajesh.Mantri@adia.ae
300000034506237,300000034506239,786171,786170,Wrongly charged to PIS rather than PED cost center,2024-07-01T08:50:11.833+00:00,2024-07-01T08:50:32.694+00:00,Dana.Salameh@adia.ae
300000034506278,300000034506280,762196,800174,Wrongly charged to PIS rather than PED cost center,2024-07-01T08:53:50.648+00:00,2024-07-01T08:54:03.639+00:00,Dana.Salameh@adia.ae
300000028052602,300000028052604,159799,300000023699750,earlier acc was wrong,2024-02-15T13:33:10.079+00:00,2024-02-15T13:33:56.160+00:00,Rajesh.Mantri@adia.ae
300000036736005,300000036736007,746514,813379,Correct account code,2024-09-04T10:12:22.080+00:00,2024-09-04T10:12:47.882+00:00,Justin.Dalton@adia.ae
300000036709306,300000036709308,568090,608084,correcting the cost center to PED ,2024-09-04T12:13:50.983+00:00,2024-09-04T12:14:27.633+00:00,Dana.Salameh@adia.ae
300000036709318,300000036709320,762196,800174,Correcting the cost center to PED ,2024-09-04T12:49:44.084+00:00,2024-09-04T12:51:59.692+00:00,Dana.Salameh@adia.ae
300000032333403,300000032333405,300000032333410,300000028787720,dept corrected to AID from Tactical,2024-06-08T11:27:49.095+00:00,2024-06-08T11:28:30.044+00:00,Rajesh.Mantri@adia.ae
300000027844894,300000027844896,738394,768287,XX,2024-02-12T05:38:36.110+00:00,2024-02-12T05:38:50.178+00:00,Justin.Dalton@adia.ae
300000027844903,300000027844905,813384,734359,XX,2024-02-12T05:39:06.523+00:00,2024-02-12T05:39:22.061+00:00,Justin.Dalton@adia.ae
300000033735260,300000033735262,739548,1329286,Incorrect Account Code,2024-06-19T08:25:29.202+00:00,2024-06-19T08:26:03.911+00:00,Justin.Dalton@adia.ae
300000033735269,300000033735271,300000017000605,808264,Incorrect Cost Centre,2024-06-19T08:26:19.063+00:00,2024-06-19T08:27:03.838+00:00,Justin.Dalton@adia.ae
300000030218594,300000030218596,300000030218601,300000005933452,Entity change,2024-04-18T10:51:27.798+00:00,2024-04-18T10:52:00.718+00:00,Rajesh.Mantri@adia.ae
300000037433688,300000037433690,1550217,300000003274672,Rectified whole combination as it was not reflecting correct codes,2024-09-24T12:26:13.654+00:00,2024-09-24T12:28:27.214+00:00,Rajesh.Mantri@adia.ae
300000028188108,300000028188110,300000028188105,300000028188085,Project Code correction,2024-02-21T06:11:09.060+00:00,2024-02-21T06:11:23.838+00:00,Rajesh.Mantri@adia.ae
300000034506188,300000034506190,568090,608084,Wrongly charged to PIS rather than PED cost centre ,2024-07-01T08:43:55.414+00:00,2024-07-01T08:44:59.387+00:00,Dana.Salameh@adia.ae
300000034506210,300000034506212,786171,786170,Wrongly charged to PIS rather than PED cost center,2024-07-01T08:46:17.275+00:00,2024-07-01T08:46:40.343+00:00,Dana.Salameh@adia.ae
300000034506328,300000034506330,762196,800174,Wrongly charged to PIS rather than PED cost center
,2024-07-01T09:01:45.388+00:00,2024-07-01T09:02:01.003+00:00,Dana.Salameh@adia.ae
300000034506394,300000034506396,568090,608084,Wrongly charged to PIS rather than PED cost center
,2024-07-01T09:06:01.695+00:00,2024-07-01T09:06:14.456+00:00,Dana.Salameh@adia.ae
300000034371223,300000034371225,300000008703276,300000026397052,cost centre changed from PIS to PED as per email from Asma on 28Jun24
,2024-06-28T12:33:06.149+00:00,2024-06-28T12:33:28.730+00:00,Rajesh.Mantri@adia.ae
300000034634381,300000034634383,568090,608084,"Wrong cost center, revised to PE instead of PIS ",2024-07-05T06:11:49.083+00:00,2024-07-05T06:13:52.900+00:00,Dana.Salameh@adia.ae
300000034634396,300000034634398,762196,800174,"Wrong cost center, revised to PE instead of PIS",2024-07-05T06:14:06.067+00:00,2024-07-05T06:14:26.630+00:00,Dana.Salameh@adia.ae
300000034371288,300000034371290,300000008703276,300000026397052,cost centre changed from PIS to PED as per email from Asma on 28Jun24,2024-06-28T13:22:23.068+00:00,2024-06-28T13:22:47.114+00:00,Rajesh.Mantri@adia.ae
300000034371259,300000034371261,568090,608084,cost centre changed from PIS to PED as per email from Asma on 28Jun24,2024-06-28T13:10:18.237+00:00,2024-06-28T13:10:46.029+00:00,Rajesh.Mantri@adia.ae
300000034371278,300000034371280,568090,608084,cost centre changed from PIS to PED as per email from Asma on 28Jun24,2024-06-28T13:14:29.757+00:00,2024-06-28T13:14:49.670+00:00,Rajesh.Mantri@adia.ae
300000034371313,300000034371315,300000008703276,300000026397052,cost centre changed from PIS to PED as per email from Asma on 28Jun24,2024-06-28T13:40:04.096+00:00,2024-06-28T13:40:28.437+00:00,Rajesh.Mantri@adia.ae
300000034371322,300000034371324,568089,608085,cost centre changed from PIS to PED as per email from Asma on 28Jun24,2024-06-28T13:40:56.725+00:00,2024-06-28T13:41:16.635+00:00,Rajesh.Mantri@adia.ae
300000034371331,300000034371333,568090,608084,cost centre changed from PIS to PED as per email from Asma on 28Jun24
,2024-06-28T13:42:00.309+00:00,2024-06-28T13:42:19.687+00:00,Rajesh.Mantri@adia.ae
300000034371340,300000034371342,568090,608084,cost centre changed from PIS to PED as per email from Asma on 28Jun24,2024-06-28T13:43:16.737+00:00,2024-06-28T13:43:37.222+00:00,Rajesh.Mantri@adia.ae
300000034562257,300000034562259,568090,608084,CC changed from PIS to PED as per Asma email on 1st JUl24,2024-07-02T16:13:27.911+00:00,2024-07-02T16:13:49.134+00:00,Rajesh.Mantri@adia.ae
300000031883302,300000031883304,300000031883309,300000030615893,Department corrected from TAAU to AID,2024-05-29T06:17:59.349+00:00,2024-05-29T06:18:34.653+00:00,Rajesh.Mantri@adia.ae
300000031883329,300000031883331,1193235,1158190,Dept corrected from TAAU to AID,2024-05-29T06:21:13.030+00:00,2024-05-29T06:21:40.675+00:00,Rajesh.Mantri@adia.ae
300000031883316,300000031883318,300000031883309,300000030615893,Dept corrected from TAAU to AID,2024-05-29T06:20:07.753+00:00,2024-05-29T06:20:35.179+00:00,Rajesh.Mantri@adia.ae
300000034338758,300000034338760,300000008703276,300000026397052,Cost centre change from PIS to PED,2024-06-28T07:43:29.390+00:00,2024-06-28T07:44:51.393+00:00,Rajesh.Mantri@adia.ae
300000028188088,300000028188090,300000028188085,300000028042959,Project code corrected,2024-02-21T05:55:12.067+00:00,2024-02-21T05:55:35.974+00:00,Rajesh.Mantri@adia.ae
300000028052561,300000028052563,300000028052553,300000021640463,wrng acc,2024-02-15T13:21:45.961+00:00,2024-02-15T13:22:13.844+00:00,Rajesh.Mantri@adia.ae
300000028052592,300000028052594,159799,300000023699750,earlier ac was wrong,2024-02-15T13:31:26.059+00:00,2024-02-15T13:32:04.962+00:00,Rajesh.Mantri@adia.ae
300000028052506,300000028052508,300000028052515,300000020857797,earlier code was incorrect,2024-02-15T13:08:38.477+00:00,2024-02-15T13:10:43.246+00:00,Rajesh.Mantri@adia.ae
300000028052518,300000028052520,300000028052525,300000021640467,earlier account was incorrect,2024-02-15T13:14:00.705+00:00,2024-02-15T13:14:38.331+00:00,Rajesh.Mantri@adia.ae
300000034338833,300000034338835,568090,608084,cost centre changed from PIS to PED,2024-06-28T08:13:52.152+00:00,2024-06-28T08:15:12.151+00:00,Rajesh.Mantri@adia.ae
300000034338904,300000034338906,568090,608084,cost centre changed from PIS to PED,2024-06-28T08:44:38.926+00:00,2024-06-28T08:45:03.385+00:00,Rajesh.Mantri@adia.ae
300000034371269,300000034371271,300000008703276,300000026397052,cost centre changed from PIS to PED as per email from Asma on 28Jun24
,2024-06-28T13:13:36.429+00:00,2024-06-28T13:14:16.738+00:00,Rajesh.Mantri@adia.ae
300000034371297,300000034371299,568090,608084,cost centre changed from PIS to PED as per email from Asma on 28Jun24,2024-06-28T13:22:58.169+00:00,2024-06-28T13:23:23.412+00:00,Rajesh.Mantri@adia.ae
300000034506317,300000034506319,568090,608084,Wrongly charged to PIS rather than PED cost center,2024-07-01T09:01:19.101+00:00,2024-07-01T09:01:40.694+00:00,Dana.Salameh@adia.ae
300000034506340,300000034506342,762196,800174,Wrongly charged to PIS rather than PED cost center,2024-07-01T09:03:21.077+00:00,2024-07-01T09:03:41.458+00:00,Dana.Salameh@adia.ae
300000036709165,300000036709167,300000008703276,300000026397052,changed Dept from Plat Holding to PED,2024-09-04T06:10:04.165+00:00,2024-09-04T06:12:57.587+00:00,Rajesh.Mantri@adia.ae
300000032333390,300000032333392,300000029878884,300000028594709,Makdor department corrected from Tactical to AID,2024-06-08T11:15:05.950+00:00,2024-06-08T11:16:18.843+00:00,Rajesh.Mantri@adia.ae
300000028386595,300000028386597,230110,1124196,earlier code was incorrect,2024-02-27T11:20:24.477+00:00,2024-02-27T11:20:57.498+00:00,Rajesh.Mantri@adia.ae
300000027844867,300000027844869,741684,734368,xxx,2024-02-12T05:28:57.273+00:00,2024-02-12T05:29:12.789+00:00,Justin.Dalton@adia.ae
300000028188098,300000028188100,300000028188105,300000028188085,Project code correction,2024-02-21T06:10:21.096+00:00,2024-02-21T06:10:39.036+00:00,Rajesh.Mantri@adia.ae
300000028052570,300000028052572,300000028052577,300000007189371,wrong ac,2024-02-15T13:24:36.131+00:00,2024-02-15T13:26:45.849+00:00,Rajesh.Mantri@adia.ae
300000040296578,300000040296580,1233213,655092,AID - Business Support
Change Cost centre,2024-11-29T08:35:40.647+00:00,2024-11-29T08:36:13.653+00:00,Rajesh.Mantri@adia.ae
300000034338877,300000034338879,568090,608084,cost centre changed from PIS to PED,2024-06-28T08:36:24.301+00:00,2024-06-28T08:36:39.942+00:00,Rajesh.Mantri@adia.ae
300000028052612,300000028052614,159799,300000023699750,earlier ac was wrong,2024-02-15T13:34:41.072+00:00,2024-02-15T13:35:26.512+00:00,Rajesh.Mantri@adia.ae
300000033536082,300000033536084,300000008407805,300000028594693,mat paid by parent Procific- even though distribution lines are correct- wrong entity is getting reflected in ledger,2024-06-11T08:32:37.117+00:00,2024-06-11T08:33:45.785+00:00,Rajesh.Mantri@adia.ae
300000034506306,300000034506308,762196,800174,Wrongly charged to PIS rather than PED cost center,2024-07-01T09:00:06.884+00:00,2024-07-01T09:00:20.418+00:00,Dana.Salameh@adia.ae
300000040296521,300000040296523,1233213,655092,AID - Business Support
Change Cost centre,2024-11-29T08:28:22.981+00:00,2024-11-29T08:28:45.690+00:00,Rajesh.Mantri@adia.ae
300000040296589,300000040296591,1233213,655092,AID - Business Support
Change Cost centre,2024-11-29T08:36:35.840+00:00,2024-11-29T08:36:51.301+00:00,Rajesh.Mantri@adia.ae
300000040296624,300000040296626,1582213,655090,cost centre change,2024-11-29T08:43:00.323+00:00,2024-11-29T08:43:14.425+00:00,Rajesh.Mantri@adia.ae
300000034506223,300000034506225,568090,608084,Wrongly charged to PIS rather than PED cost center,2024-07-01T08:48:31.335+00:00,2024-07-01T08:49:38.290+00:00,Dana.Salameh@adia.ae
300000034506295,300000034506297,568090,608084,Wrongly charged to PIS rather than PED cost center,2024-07-01T08:59:43.097+00:00,2024-07-01T09:00:02.606+00:00,Dana.Salameh@adia.ae
300000034338868,300000034338870,300000008703276,300000026397052,cost centre changed from PIS to PED,2024-06-28T08:35:36.131+00:00,2024-06-28T08:36:07.004+00:00,Rajesh.Mantri@adia.ae
300000028052580,300000028052582,300000028052577,300000007189371,earlier ac was wrong,2024-02-15T13:29:31.071+00:00,2024-02-15T13:30:27.299+00:00,Rajesh.Mantri@adia.ae
300000036709177,300000036709179,568090,608084,changed Dept from Plat Hold to PED,2024-09-04T06:13:17.970+00:00,2024-09-04T06:14:02.983+00:00,Rajesh.Mantri@adia.ae
300000040296531,300000040296533,300000040296538,300000008937522,AID - Business Support
Change Cost centre,2024-11-29T08:30:39.096+00:00,2024-11-29T08:30:56.599+00:00,Rajesh.Mantri@adia.ae
300000036736014,300000036736016,746514,813379,Correct account code,2024-09-04T10:13:08.046+00:00,2024-09-04T10:13:34.677+00:00,Justin.Dalton@adia.ae
300000045992827,300000045992829,551082,1802218,Correcting department - OCF ,2025-01-09T04:09:39.351+00:00,2025-01-09T04:10:19.929+00:00,Dana.Salameh@adia.ae
300000034506248,300000034506250,568090,608084,Wrongly charged to PIS rather than PED cost center,2024-07-01T08:51:51.078+00:00,2024-07-01T08:52:15.665+00:00,Dana.Salameh@adia.ae
300000040296550,300000040296552,300000040296538,300000008937522,AID - Business Support
Change Cost centre,2024-11-29T08:33:31.683+00:00,2024-11-29T08:33:50.749+00:00,Rajesh.Mantri@adia.ae
300000050924050,300000050924052,229047,300000003274677,"Entity, department and cost centre changed",2025-03-13T08:36:52.084+00:00,2025-03-13T08:38:01.306+00:00,Naqeeb.Ullah@adia.ae
300000040296497,300000040296499,300000040296490,300000008937526,AID - Business Support
Change Cost centre,2024-11-29T08:25:57.132+00:00,2024-11-29T08:26:15.472+00:00,Rajesh.Mantri@adia.ae
300000040296559,300000040296561,300000040296490,300000008937526,AID - Business Support
Change Cost centre,2024-11-29T08:34:06.115+00:00,2024-11-29T08:34:24.877+00:00,Rajesh.Mantri@adia.ae
300000040296600,300000040296602,300000040296538,300000008937522,cost centre change,2024-11-29T08:41:05.146+00:00,2024-11-29T08:41:36.912+00:00,Rajesh.Mantri@adia.ae
300000040296668,300000040296670,1582213,655090,cost centre change,2024-11-29T08:45:52.408+00:00,2024-11-29T08:46:05.827+00:00,Rajesh.Mantri@adia.ae
300000050771913,300000050771915,167006,300000050498351,Department updated to Infra,2025-03-12T13:14:02.056+00:00,2025-03-12T13:15:10.200+00:00,Naqeeb.Ullah@adia.ae
300000037433674,300000037433676,300000036767394,10013,Rectified whole combination as it was not reflecting correct codes,2024-09-24T12:23:44.433+00:00,2024-09-24T12:25:25.820+00:00,Rajesh.Mantri@adia.ae
300000040296568,300000040296570,1582213,655090,AID - Business Support
Change Cost centre,2024-11-29T08:34:58.350+00:00,2024-11-29T08:35:15.588+00:00,Rajesh.Mantri@adia.ae
300000049341814,300000049341816,300000049341821,1330211,Change CC to FIT-Business Support,2025-02-24T06:58:15.099+00:00,2025-02-24T06:59:13.264+00:00,Naqeeb.Ullah@adia.ae
300000049341804,300000049341806,300000049341811,300000033569124,Changing the Cost Centre to FIT- Business Support,2025-02-24T06:55:46.619+00:00,2025-02-24T06:57:15.578+00:00,Naqeeb.Ullah@adia.ae
300000030428375,300000030428377,300000030428372,300000007710515,investment code updated,2024-04-21T11:03:01.341+00:00,2024-04-21T11:03:43.031+00:00,Rajesh.Mantri@adia.ae
300000030428365,300000030428367,300000030428372,300000007710515,Investment code updated to 181692 from 99999,2024-04-21T11:00:54.833+00:00,2024-04-21T11:02:33.579+00:00,Rajesh.Mantri@adia.ae
300000038254654,300000038254656,813379,1650228,Line added to asset twice,2024-10-15T11:18:23.120+00:00,2024-10-15T11:19:18.510+00:00,Justin.Dalton@adia.ae
300000045938851,300000045938853,300000045938858,300000004860943,Change of GL account,2025-01-08T11:37:19.377+00:00,2025-01-08T11:39:08.198+00:00,Rajesh.Mantri@adia.ae
300000045938865,300000045938867,300000045938876,300000004886383,change GL,2025-01-08T11:41:08.512+00:00,2025-01-08T11:43:16.681+00:00,Rajesh.Mantri@adia.ae
300000045938883,300000045938885,300000045938876,300000004886383,chnage gl,2025-01-08T11:44:30.160+00:00,2025-01-08T11:44:57.728+00:00,Rajesh.Mantri@adia.ae
300000045938896,300000045938898,300000045938876,300000004886383,change gl,2025-01-08T11:45:42.795+00:00,2025-01-08T11:46:05.201+00:00,Rajesh.Mantri@adia.ae
300000045938905,300000045938907,300000045938876,300000004886383,gl chnage,2025-01-08T11:46:47.109+00:00,2025-01-08T11:47:07.423+00:00,Rajesh.Mantri@adia.ae
300000045938923,300000045938925,300000045938876,300000004886383,gl change,2025-01-08T11:48:50.887+00:00,2025-01-08T11:49:11.995+00:00,Rajesh.Mantri@adia.ae
300000046030221,300000046030223,300000039559232,300000043978761,det change,2025-01-08T13:21:00.123+00:00,2025-01-08T13:23:22.643+00:00,Rajesh.Mantri@adia.ae
300000046030241,300000046030243,551083,300000004159129,dep and company changed,2025-01-08T13:25:04.410+00:00,2025-01-08T13:25:45.360+00:00,Rajesh.Mantri@adia.ae
300000040296643,300000040296645,300000040296538,300000008937522,cost centre change,2024-11-29T08:44:31.099+00:00,2024-11-29T08:44:52.611+00:00,Rajesh.Mantri@adia.ae
300000034506262,300000034506264,568090,608084,Wrongly charged to PIS rather than PED cost center,2024-07-01T08:53:20.906+00:00,2024-07-01T08:53:37.250+00:00,Dana.Salameh@adia.ae
300000045938914,300000045938916,300000045938876,300000004886383,gl change,2025-01-08T11:48:15.088+00:00,2025-01-08T11:48:32.855+00:00,Rajesh.Mantri@adia.ae
300000046030282,300000046030284,300000046030289,10013,changed comp and dept,2025-01-08T13:31:11.113+00:00,2025-01-08T13:33:09.035+00:00,Rajesh.Mantri@adia.ae
300000036534996,300000036534998,746514,813379,Correct account,2024-09-04T10:11:03.031+00:00,2024-09-04T10:11:50.273+00:00,Justin.Dalton@adia.ae
300000050226775,300000050226777,300000007710515,300000008969459,Legal Fee,2025-03-05T08:24:20.723+00:00,2025-03-05T08:25:42.572+00:00,Naqeeb.Ullah@adia.ae
300000050924440,300000050924442,300000030664414,300000022690019,Account code changed to accountancy,2025-03-14T10:59:48.748+00:00,2025-03-14T11:00:28.694+00:00,Naqeeb.Ullah@adia.ae
300000050771940,300000050771942,167006,10051,"entity, department and cost center updated",2025-03-12T13:21:06.096+00:00,2025-03-12T13:21:56.175+00:00,Naqeeb.Ullah@adia.ae
300000054685690,300000054685692,300000054685697,300000004887247,Company Admin to Audit Fee,2025-05-08T07:11:54.410+00:00,2025-05-08T07:13:08.832+00:00,Naqeeb.Ullah@adia.ae
300000046030254,300000046030256,300000046030261,10350,comp and dept change,2025-01-08T13:27:27.079+00:00,2025-01-08T13:30:02.120+00:00,Rajesh.Mantri@adia.ae
300000046030268,300000046030270,300000046030275,300000003274672,comp and dept change,2025-01-08T13:30:11.770+00:00,2025-01-08T13:30:34.386+00:00,Rajesh.Mantri@adia.ae
300000034338778,300000034338780,300000008703276,300000026397052,Cost centre change from PIS to PED,2024-06-28T07:46:21.352+00:00,2024-06-28T07:47:09.635+00:00,Rajesh.Mantri@adia.ae
300000034371181,300000034371183,568090,608084,cost centre changed from PIS to PED as per email from Asma on 28Jun24
,2024-06-28T11:48:45.831+00:00,2024-06-28T11:49:51.959+00:00,Rajesh.Mantri@adia.ae
300000054685700,300000054685702,300000054685697,300000004887247,Company Admin to Audit Fee,2025-05-08T07:13:41.613+00:00,2025-05-08T07:14:17.421+00:00,Naqeeb.Ullah@adia.ae
300000046194156,300000046194158,300000008969459,300000007710515,exp changed,2025-01-10T07:45:49.345+00:00,2025-01-10T07:47:04.847+00:00,Rajesh.Mantri@adia.ae
300000028386609,300000028386611,300000006467644,300000028191886,earlier code was incorrect,2024-02-27T11:22:22.066+00:00,2024-02-27T11:22:50.014+00:00,Rajesh.Mantri@adia.ae
300000045992841,300000045992843,300000045992848,300000003274662,Correcting department code ,2025-01-09T04:10:42.949+00:00,2025-01-09T04:11:00.139+00:00,Dana.Salameh@adia.ae
300000034562248,300000034562250,300000008703276,300000026397052,CC changed from PIS to PED as per Asma email on 1st JUl24,2024-07-02T16:09:07.775+00:00,2024-07-02T16:10:04.051+00:00,Rajesh.Mantri@adia.ae
300000050405481,300000050405483,300000028584026,300000036934045,Changed from legal cost to Company Admin,2025-03-06T13:22:15.644+00:00,2025-03-06T13:23:28.124+00:00,Naqeeb.Ullah@adia.ae
300000040296483,300000040296485,300000040296490,300000008937526,AID - Business Support
Change Cost centre,2024-11-29T08:24:47.780+00:00,2024-11-29T08:25:39.151+00:00,Rajesh.Mantri@adia.ae
300000040296634,300000040296636,300000040296538,300000008937522,cost centre change,2024-11-29T08:43:30.147+00:00,2024-11-29T08:43:43.804+00:00,Rajesh.Mantri@adia.ae
300000040296541,300000040296543,300000040296490,300000008937526,AID - Business Support
Change Cost centre,2024-11-29T08:31:03.351+00:00,2024-11-29T08:31:18.169+00:00,Rajesh.Mantri@adia.ae
300000049582308,300000049582310,300000049582315,315064,Account Code changed to Tax Compliance from Admin,2025-02-25T11:46:48.191+00:00,2025-02-25T11:50:12.346+00:00,Naqeeb.Ullah@adia.ae
300000046030297,300000046030299,300000046030304,300000003274672,changed comp and dept,2025-01-08T13:33:20.956+00:00,2025-01-08T13:33:45.768+00:00,Rajesh.Mantri@adia.ae
300000050498344,300000050498346,300000050498351,10051,"entity, department and cost center",2025-03-10T07:27:08.628+00:00,2025-03-10T07:28:47.526+00:00,Naqeeb.Ullah@adia.ae
300000047821941,300000047821943,300000047821948,300000042681634,Change of Account Code to Tax,2025-01-31T12:57:46.644+00:00,2025-01-31T12:59:14.072+00:00,Naqeeb.Ullah@adia.ae
300000048228677,300000048228679,300000008407779,300000006503000,Change in Account Code to Tax,2025-02-04T16:03:58.776+00:00,2025-02-04T16:04:45.177+00:00,Naqeeb.Ullah@adia.ae
