LEDGER_ID,ENTITY_CODE,EVENT_CLASS_CODE,JE_CATEGORY_NAME,APPLICATION_ID,CREATED_BY
300000003273641,AP_INVOICES,CREDIT MEMOS,Purchase Invoices,200,System.Administrator
300000003273641,AP_INVOICES,DEBIT MEMOS,Purchase Invoices,200,System.Administrator
300000003273641,AP_INVOICES,EXPENSE REPORTS,Purchase Invoices,200,System.Administrator
300000003273641,AP_INVOICES,INVOICES,Purchase Invoices,200,System.Administrator
300000003273641,AP_INVOICES,PREPAYMENT APPLICATIONS,Purchase Invoices,200,System.Administrator
300000003273641,AP_INVOICES,PREPAYMENT INVOICES,Purchase Invoices,200,System.Administrator
300000003273641,AP_INVOICES,PREPAYMENTS,Purchase Invoices,200,System.Administrator
300000003273641,AP_INVOICES,STANDARD INVOICES,Purchase Invoices,200,System.Administrator
300000003273641,AP_PAYMENTS,FUTURE DATED PAYMENTS,Payments,200,System.Administrator
300000003273641,AP_PAYMENTS,PAYMENTS,Payments,200,System.Administrator
300000003273641,AP_PAYMENTS,RECONCILED PAYMENTS,Reconciled Payments,200,System.Administrator
300000003273641,AP_PAYMENTS,REFUNDS,Payments,200,System.Administrator
300000003273641,MANUAL,MANUAL,Other,200,System.Administrator
300000003273641,THIRD_PARTY_MERGE,THIRD_PARTY_MERGE,Other,200,System.Administrator
300000003273644,AP_INVOICES,CREDIT MEMOS,Purchase Invoices,200,System.Administrator
300000003273644,AP_INVOICES,DEBIT MEMOS,Purchase Invoices,200,System.Administrator
300000003273644,AP_INVOICES,EXPENSE REPORTS,Purchase Invoices,200,System.Administrator
300000003273644,AP_INVOICES,INVOICES,Purchase Invoices,200,System.Administrator
300000003273644,AP_INVOICES,PREPAYMENT APPLICATIONS,Purchase Invoices,200,System.Administrator
300000003273644,AP_INVOICES,PREPAYMENT INVOICES,Purchase Invoices,200,System.Administrator
300000003273644,AP_INVOICES,PREPAYMENTS,Purchase Invoices,200,System.Administrator
300000003273644,AP_INVOICES,STANDARD INVOICES,Purchase Invoices,200,System.Administrator
300000003273644,AP_PAYMENTS,FUTURE DATED PAYMENTS,Payments,200,System.Administrator
300000003273644,AP_PAYMENTS,PAYMENTS,Payments,200,System.Administrator
300000003273644,AP_PAYMENTS,RECONCILED PAYMENTS,Reconciled Payments,200,System.Administrator
300000003273644,AP_PAYMENTS,REFUNDS,Payments,200,System.Administrator
300000003273644,MANUAL,MANUAL,Other,200,System.Administrator
300000003273644,THIRD_PARTY_MERGE,THIRD_PARTY_MERGE,Other,200,System.Administrator
300000003273647,AP_INVOICES,CREDIT MEMOS,Purchase Invoices,200,System.Administrator
300000003273647,AP_INVOICES,DEBIT MEMOS,Purchase Invoices,200,System.Administrator
300000003273647,AP_INVOICES,EXPENSE REPORTS,Purchase Invoices,200,System.Administrator
300000003273647,AP_INVOICES,INVOICES,Purchase Invoices,200,System.Administrator
300000003273647,AP_INVOICES,PREPAYMENT APPLICATIONS,Purchase Invoices,200,System.Administrator
300000003273647,AP_INVOICES,PREPAYMENT INVOICES,Purchase Invoices,200,System.Administrator
300000003273647,AP_INVOICES,PREPAYMENTS,Purchase Invoices,200,System.Administrator
300000003273647,AP_INVOICES,STANDARD INVOICES,Purchase Invoices,200,System.Administrator
300000003273647,AP_PAYMENTS,FUTURE DATED PAYMENTS,Payments,200,System.Administrator
300000003273647,AP_PAYMENTS,PAYMENTS,Payments,200,System.Administrator
300000003273647,AP_PAYMENTS,RECONCILED PAYMENTS,Reconciled Payments,200,System.Administrator
300000003273647,AP_PAYMENTS,REFUNDS,Payments,200,System.Administrator
300000003273647,MANUAL,MANUAL,Other,200,System.Administrator
300000003273647,THIRD_PARTY_MERGE,THIRD_PARTY_MERGE,Other,200,System.Administrator
300000003273650,AP_INVOICES,CREDIT MEMOS,Purchase Invoices,200,System.Administrator
300000003273650,AP_INVOICES,DEBIT MEMOS,Purchase Invoices,200,System.Administrator
300000003273650,AP_INVOICES,EXPENSE REPORTS,Purchase Invoices,200,System.Administrator
300000003273650,AP_INVOICES,INVOICES,Purchase Invoices,200,System.Administrator
300000003273650,AP_INVOICES,PREPAYMENT APPLICATIONS,Purchase Invoices,200,System.Administrator
300000003273650,AP_INVOICES,PREPAYMENT INVOICES,Purchase Invoices,200,System.Administrator
300000003273650,AP_INVOICES,PREPAYMENTS,Purchase Invoices,200,System.Administrator
300000003273650,AP_INVOICES,STANDARD INVOICES,Purchase Invoices,200,System.Administrator
300000003273650,AP_PAYMENTS,FUTURE DATED PAYMENTS,Payments,200,System.Administrator
300000003273650,AP_PAYMENTS,PAYMENTS,Payments,200,System.Administrator
300000003273650,AP_PAYMENTS,RECONCILED PAYMENTS,Reconciled Payments,200,System.Administrator
300000003273650,AP_PAYMENTS,REFUNDS,Payments,200,System.Administrator
300000003273650,MANUAL,MANUAL,Other,200,System.Administrator
300000003273650,THIRD_PARTY_MERGE,THIRD_PARTY_MERGE,Other,200,System.Administrator
300000003273653,AP_INVOICES,CREDIT MEMOS,Purchase Invoices,200,System.Administrator
300000003273653,AP_INVOICES,DEBIT MEMOS,Purchase Invoices,200,System.Administrator
300000003273653,AP_INVOICES,EXPENSE REPORTS,Purchase Invoices,200,System.Administrator
300000003273653,AP_INVOICES,INVOICES,Purchase Invoices,200,System.Administrator
300000003273653,AP_INVOICES,PREPAYMENT APPLICATIONS,Purchase Invoices,200,System.Administrator
300000003273653,AP_INVOICES,PREPAYMENT INVOICES,Purchase Invoices,200,System.Administrator
300000003273653,AP_INVOICES,PREPAYMENTS,Purchase Invoices,200,System.Administrator
300000003273653,AP_INVOICES,STANDARD INVOICES,Purchase Invoices,200,System.Administrator
300000003273653,AP_PAYMENTS,FUTURE DATED PAYMENTS,Payments,200,System.Administrator
300000003273653,AP_PAYMENTS,PAYMENTS,Payments,200,System.Administrator
300000003273653,AP_PAYMENTS,RECONCILED PAYMENTS,Reconciled Payments,200,System.Administrator
300000003273653,AP_PAYMENTS,REFUNDS,Payments,200,System.Administrator
300000003273653,MANUAL,MANUAL,Other,200,System.Administrator
300000003273653,THIRD_PARTY_MERGE,THIRD_PARTY_MERGE,Other,200,System.Administrator
300000003273656,AP_INVOICES,CREDIT MEMOS,Purchase Invoices,200,System.Administrator
300000003273656,AP_INVOICES,DEBIT MEMOS,Purchase Invoices,200,System.Administrator
300000003273656,AP_INVOICES,EXPENSE REPORTS,Purchase Invoices,200,System.Administrator
300000003273656,AP_INVOICES,INVOICES,Purchase Invoices,200,System.Administrator
300000003273656,AP_INVOICES,PREPAYMENT APPLICATIONS,Purchase Invoices,200,System.Administrator
300000003273656,AP_INVOICES,PREPAYMENT INVOICES,Purchase Invoices,200,System.Administrator
300000003273656,AP_INVOICES,PREPAYMENTS,Purchase Invoices,200,System.Administrator
300000003273656,AP_INVOICES,STANDARD INVOICES,Purchase Invoices,200,System.Administrator
300000003273656,AP_PAYMENTS,FUTURE DATED PAYMENTS,Payments,200,System.Administrator
300000003273656,AP_PAYMENTS,PAYMENTS,Payments,200,System.Administrator
300000003273656,AP_PAYMENTS,RECONCILED PAYMENTS,Reconciled Payments,200,System.Administrator
300000003273656,AP_PAYMENTS,REFUNDS,Payments,200,System.Administrator
300000003273656,MANUAL,MANUAL,Other,200,System.Administrator
300000003273656,THIRD_PARTY_MERGE,THIRD_PARTY_MERGE,Other,200,System.Administrator
300000003273659,AP_INVOICES,CREDIT MEMOS,Purchase Invoices,200,System.Administrator
300000003273659,AP_INVOICES,DEBIT MEMOS,Purchase Invoices,200,System.Administrator
300000003273659,AP_INVOICES,EXPENSE REPORTS,Purchase Invoices,200,System.Administrator
300000003273659,AP_INVOICES,INVOICES,Purchase Invoices,200,System.Administrator
300000003273659,AP_INVOICES,PREPAYMENT APPLICATIONS,Purchase Invoices,200,System.Administrator
300000003273659,AP_INVOICES,PREPAYMENT INVOICES,Purchase Invoices,200,System.Administrator
300000003273659,AP_INVOICES,PREPAYMENTS,Purchase Invoices,200,System.Administrator
300000003273659,AP_INVOICES,STANDARD INVOICES,Purchase Invoices,200,System.Administrator
300000003273659,AP_PAYMENTS,FUTURE DATED PAYMENTS,Payments,200,System.Administrator
300000003273659,AP_PAYMENTS,PAYMENTS,Payments,200,System.Administrator
300000003273659,AP_PAYMENTS,RECONCILED PAYMENTS,Reconciled Payments,200,System.Administrator
300000003273659,AP_PAYMENTS,REFUNDS,Payments,200,System.Administrator
300000003273659,MANUAL,MANUAL,Other,200,System.Administrator
300000003273659,THIRD_PARTY_MERGE,THIRD_PARTY_MERGE,Other,200,System.Administrator
300000003273662,AP_INVOICES,CREDIT MEMOS,Purchase Invoices,200,System.Administrator
300000003273662,AP_INVOICES,DEBIT MEMOS,Purchase Invoices,200,System.Administrator
300000003273662,AP_INVOICES,EXPENSE REPORTS,Purchase Invoices,200,System.Administrator
300000003273662,AP_INVOICES,INVOICES,Purchase Invoices,200,System.Administrator
300000003273662,AP_INVOICES,PREPAYMENT APPLICATIONS,Purchase Invoices,200,System.Administrator
300000003273662,AP_INVOICES,PREPAYMENT INVOICES,Purchase Invoices,200,System.Administrator
300000003273662,AP_INVOICES,PREPAYMENTS,Purchase Invoices,200,System.Administrator
300000003273662,AP_INVOICES,STANDARD INVOICES,Purchase Invoices,200,System.Administrator
300000003273662,AP_PAYMENTS,FUTURE DATED PAYMENTS,Payments,200,System.Administrator
300000003273662,AP_PAYMENTS,PAYMENTS,Payments,200,System.Administrator
300000003273662,AP_PAYMENTS,RECONCILED PAYMENTS,Reconciled Payments,200,System.Administrator
300000003273662,AP_PAYMENTS,REFUNDS,Payments,200,System.Administrator
300000003273662,MANUAL,MANUAL,Other,200,System.Administrator
300000003273662,THIRD_PARTY_MERGE,THIRD_PARTY_MERGE,Other,200,System.Administrator
300000003273665,AP_INVOICES,CREDIT MEMOS,Purchase Invoices,200,System.Administrator
300000003273665,AP_INVOICES,DEBIT MEMOS,Purchase Invoices,200,System.Administrator
300000003273665,AP_INVOICES,EXPENSE REPORTS,Purchase Invoices,200,System.Administrator
300000003273665,AP_INVOICES,INVOICES,Purchase Invoices,200,System.Administrator
300000003273665,AP_INVOICES,PREPAYMENT APPLICATIONS,Purchase Invoices,200,System.Administrator
300000003273665,AP_INVOICES,PREPAYMENT INVOICES,Purchase Invoices,200,System.Administrator
300000003273665,AP_INVOICES,PREPAYMENTS,Purchase Invoices,200,System.Administrator
300000003273665,AP_INVOICES,STANDARD INVOICES,Purchase Invoices,200,System.Administrator
300000003273665,AP_PAYMENTS,FUTURE DATED PAYMENTS,Payments,200,System.Administrator
300000003273665,AP_PAYMENTS,PAYMENTS,Payments,200,System.Administrator
300000003273665,AP_PAYMENTS,RECONCILED PAYMENTS,Reconciled Payments,200,System.Administrator
300000003273665,AP_PAYMENTS,REFUNDS,Payments,200,System.Administrator
300000003273665,MANUAL,MANUAL,Other,200,System.Administrator
300000003273665,THIRD_PARTY_MERGE,THIRD_PARTY_MERGE,Other,200,System.Administrator
300000003273668,AP_INVOICES,CREDIT MEMOS,Purchase Invoices,200,System.Administrator
300000003273668,AP_INVOICES,DEBIT MEMOS,Purchase Invoices,200,System.Administrator
300000003273668,AP_INVOICES,EXPENSE REPORTS,Purchase Invoices,200,System.Administrator
300000003273668,AP_INVOICES,INVOICES,Purchase Invoices,200,System.Administrator
300000003273668,AP_INVOICES,PREPAYMENT APPLICATIONS,Purchase Invoices,200,System.Administrator
300000003273668,AP_INVOICES,PREPAYMENT INVOICES,Purchase Invoices,200,System.Administrator
300000003273668,AP_INVOICES,PREPAYMENTS,Purchase Invoices,200,System.Administrator
300000003273668,AP_INVOICES,STANDARD INVOICES,Purchase Invoices,200,System.Administrator
300000003273668,AP_PAYMENTS,FUTURE DATED PAYMENTS,Payments,200,System.Administrator
300000003273668,AP_PAYMENTS,PAYMENTS,Payments,200,System.Administrator
300000003273668,AP_PAYMENTS,RECONCILED PAYMENTS,Reconciled Payments,200,System.Administrator
300000003273668,AP_PAYMENTS,REFUNDS,Payments,200,System.Administrator
300000003273668,MANUAL,MANUAL,Other,200,System.Administrator
300000003273668,THIRD_PARTY_MERGE,THIRD_PARTY_MERGE,Other,200,System.Administrator
300000003273671,AP_INVOICES,CREDIT MEMOS,Purchase Invoices,200,System.Administrator
300000003273671,AP_INVOICES,DEBIT MEMOS,Purchase Invoices,200,System.Administrator
300000003273671,AP_INVOICES,EXPENSE REPORTS,Purchase Invoices,200,System.Administrator
300000003273671,AP_INVOICES,INVOICES,Purchase Invoices,200,System.Administrator
300000003273671,AP_INVOICES,PREPAYMENT APPLICATIONS,Purchase Invoices,200,System.Administrator
300000003273671,AP_INVOICES,PREPAYMENT INVOICES,Purchase Invoices,200,System.Administrator
300000003273671,AP_INVOICES,PREPAYMENTS,Purchase Invoices,200,System.Administrator
300000003273671,AP_INVOICES,STANDARD INVOICES,Purchase Invoices,200,System.Administrator
300000003273671,AP_PAYMENTS,FUTURE DATED PAYMENTS,Payments,200,System.Administrator
300000003273671,AP_PAYMENTS,PAYMENTS,Payments,200,System.Administrator
300000003273671,AP_PAYMENTS,RECONCILED PAYMENTS,Reconciled Payments,200,System.Administrator
300000003273671,AP_PAYMENTS,REFUNDS,Payments,200,System.Administrator
300000003273671,MANUAL,MANUAL,Other,200,System.Administrator
300000003273671,THIRD_PARTY_MERGE,THIRD_PARTY_MERGE,Other,200,System.Administrator
300000003273674,AP_INVOICES,CREDIT MEMOS,Purchase Invoices,200,System.Administrator
300000003273674,AP_INVOICES,DEBIT MEMOS,Purchase Invoices,200,System.Administrator
300000003273674,AP_INVOICES,EXPENSE REPORTS,Purchase Invoices,200,System.Administrator
300000003273674,AP_INVOICES,INVOICES,Purchase Invoices,200,System.Administrator
300000003273674,AP_INVOICES,PREPAYMENT APPLICATIONS,Purchase Invoices,200,System.Administrator
300000003273674,AP_INVOICES,PREPAYMENT INVOICES,Purchase Invoices,200,System.Administrator
300000003273674,AP_INVOICES,PREPAYMENTS,Purchase Invoices,200,System.Administrator
300000003273674,AP_INVOICES,STANDARD INVOICES,Purchase Invoices,200,System.Administrator
300000003273674,AP_PAYMENTS,FUTURE DATED PAYMENTS,Payments,200,System.Administrator
300000003273674,AP_PAYMENTS,PAYMENTS,Payments,200,System.Administrator
300000003273674,AP_PAYMENTS,RECONCILED PAYMENTS,Reconciled Payments,200,System.Administrator
300000003273674,AP_PAYMENTS,REFUNDS,Payments,200,System.Administrator
300000003273674,MANUAL,MANUAL,Other,200,System.Administrator
300000003273674,THIRD_PARTY_MERGE,THIRD_PARTY_MERGE,Other,200,System.Administrator
300000003273677,AP_INVOICES,CREDIT MEMOS,Purchase Invoices,200,System.Administrator
300000003273677,AP_INVOICES,DEBIT MEMOS,Purchase Invoices,200,System.Administrator
300000003273677,AP_INVOICES,EXPENSE REPORTS,Purchase Invoices,200,System.Administrator
300000003273677,AP_INVOICES,INVOICES,Purchase Invoices,200,System.Administrator
300000003273677,AP_INVOICES,PREPAYMENT APPLICATIONS,Purchase Invoices,200,System.Administrator
300000003273677,AP_INVOICES,PREPAYMENT INVOICES,Purchase Invoices,200,System.Administrator
300000003273677,AP_INVOICES,PREPAYMENTS,Purchase Invoices,200,System.Administrator
300000003273677,AP_INVOICES,STANDARD INVOICES,Purchase Invoices,200,System.Administrator
300000003273677,AP_PAYMENTS,FUTURE DATED PAYMENTS,Payments,200,System.Administrator
300000003273677,AP_PAYMENTS,PAYMENTS,Payments,200,System.Administrator
300000003273677,AP_PAYMENTS,RECONCILED PAYMENTS,Reconciled Payments,200,System.Administrator
300000003273677,AP_PAYMENTS,REFUNDS,Payments,200,System.Administrator
300000003273677,MANUAL,MANUAL,Other,200,System.Administrator
300000003273677,THIRD_PARTY_MERGE,THIRD_PARTY_MERGE,Other,200,System.Administrator
300000003273680,AP_INVOICES,CREDIT MEMOS,Purchase Invoices,200,System.Administrator
300000003273680,AP_INVOICES,DEBIT MEMOS,Purchase Invoices,200,System.Administrator
300000003273680,AP_INVOICES,EXPENSE REPORTS,Purchase Invoices,200,System.Administrator
300000003273680,AP_INVOICES,INVOICES,Purchase Invoices,200,System.Administrator
300000003273680,AP_INVOICES,PREPAYMENT APPLICATIONS,Purchase Invoices,200,System.Administrator
300000003273680,AP_INVOICES,PREPAYMENT INVOICES,Purchase Invoices,200,System.Administrator
300000003273680,AP_INVOICES,PREPAYMENTS,Purchase Invoices,200,System.Administrator
300000003273680,AP_INVOICES,STANDARD INVOICES,Purchase Invoices,200,System.Administrator
300000003273680,AP_PAYMENTS,FUTURE DATED PAYMENTS,Payments,200,System.Administrator
300000003273680,AP_PAYMENTS,PAYMENTS,Payments,200,System.Administrator
300000003273680,AP_PAYMENTS,RECONCILED PAYMENTS,Reconciled Payments,200,System.Administrator
300000003273680,AP_PAYMENTS,REFUNDS,Payments,200,System.Administrator
300000003273680,MANUAL,MANUAL,Other,200,System.Administrator
300000003273680,THIRD_PARTY_MERGE,THIRD_PARTY_MERGE,Other,200,System.Administrator
300000003273683,AP_INVOICES,CREDIT MEMOS,Purchase Invoices,200,System.Administrator
300000003273683,AP_INVOICES,DEBIT MEMOS,Purchase Invoices,200,System.Administrator
300000003273683,AP_INVOICES,EXPENSE REPORTS,Purchase Invoices,200,System.Administrator
300000003273683,AP_INVOICES,INVOICES,Purchase Invoices,200,System.Administrator
300000003273683,AP_INVOICES,PREPAYMENT APPLICATIONS,Purchase Invoices,200,System.Administrator
300000003273683,AP_INVOICES,PREPAYMENT INVOICES,Purchase Invoices,200,System.Administrator
300000003273683,AP_INVOICES,PREPAYMENTS,Purchase Invoices,200,System.Administrator
300000003273683,AP_INVOICES,STANDARD INVOICES,Purchase Invoices,200,System.Administrator
300000003273683,AP_PAYMENTS,FUTURE DATED PAYMENTS,Payments,200,System.Administrator
300000003273683,AP_PAYMENTS,PAYMENTS,Payments,200,System.Administrator
300000003273683,AP_PAYMENTS,RECONCILED PAYMENTS,Reconciled Payments,200,System.Administrator
300000003273683,AP_PAYMENTS,REFUNDS,Payments,200,System.Administrator
300000003273683,MANUAL,MANUAL,Other,200,System.Administrator
300000003273683,THIRD_PARTY_MERGE,THIRD_PARTY_MERGE,Other,200,System.Administrator
300000003273686,AP_INVOICES,CREDIT MEMOS,Purchase Invoices,200,System.Administrator
300000003273686,AP_INVOICES,DEBIT MEMOS,Purchase Invoices,200,System.Administrator
300000003273686,AP_INVOICES,EXPENSE REPORTS,Purchase Invoices,200,System.Administrator
300000003273686,AP_INVOICES,INVOICES,Purchase Invoices,200,System.Administrator
300000003273686,AP_INVOICES,PREPAYMENT APPLICATIONS,Purchase Invoices,200,System.Administrator
300000003273686,AP_INVOICES,PREPAYMENT INVOICES,Purchase Invoices,200,System.Administrator
300000003273686,AP_INVOICES,PREPAYMENTS,Purchase Invoices,200,System.Administrator
300000003273686,AP_INVOICES,STANDARD INVOICES,Purchase Invoices,200,System.Administrator
300000003273686,AP_PAYMENTS,FUTURE DATED PAYMENTS,Payments,200,System.Administrator
300000003273686,AP_PAYMENTS,PAYMENTS,Payments,200,System.Administrator
300000003273686,AP_PAYMENTS,RECONCILED PAYMENTS,Reconciled Payments,200,System.Administrator
300000003273686,AP_PAYMENTS,REFUNDS,Payments,200,System.Administrator
300000003273686,MANUAL,MANUAL,Other,200,System.Administrator
300000003273686,THIRD_PARTY_MERGE,THIRD_PARTY_MERGE,Other,200,System.Administrator
300000003273689,AP_INVOICES,CREDIT MEMOS,Purchase Invoices,200,System.Administrator
300000003273689,AP_INVOICES,DEBIT MEMOS,Purchase Invoices,200,System.Administrator
300000003273689,AP_INVOICES,EXPENSE REPORTS,Purchase Invoices,200,System.Administrator
300000003273689,AP_INVOICES,INVOICES,Purchase Invoices,200,System.Administrator
300000003273689,AP_INVOICES,PREPAYMENT APPLICATIONS,Purchase Invoices,200,System.Administrator
300000003273689,AP_INVOICES,PREPAYMENT INVOICES,Purchase Invoices,200,System.Administrator
300000003273689,AP_INVOICES,PREPAYMENTS,Purchase Invoices,200,System.Administrator
300000003273689,AP_INVOICES,STANDARD INVOICES,Purchase Invoices,200,System.Administrator
300000003273689,AP_PAYMENTS,FUTURE DATED PAYMENTS,Payments,200,System.Administrator
300000003273689,AP_PAYMENTS,PAYMENTS,Payments,200,System.Administrator
300000003273689,AP_PAYMENTS,RECONCILED PAYMENTS,Reconciled Payments,200,System.Administrator
300000003273689,AP_PAYMENTS,REFUNDS,Payments,200,System.Administrator
300000003273689,MANUAL,MANUAL,Other,200,System.Administrator
300000003273689,THIRD_PARTY_MERGE,THIRD_PARTY_MERGE,Other,200,System.Administrator
300000003273692,AP_INVOICES,CREDIT MEMOS,Purchase Invoices,200,System.Administrator
300000003273692,AP_INVOICES,DEBIT MEMOS,Purchase Invoices,200,System.Administrator
300000003273692,AP_INVOICES,EXPENSE REPORTS,Purchase Invoices,200,System.Administrator
300000003273692,AP_INVOICES,INVOICES,Purchase Invoices,200,System.Administrator
300000003273692,AP_INVOICES,PREPAYMENT APPLICATIONS,Purchase Invoices,200,System.Administrator
300000003273692,AP_INVOICES,PREPAYMENT INVOICES,Purchase Invoices,200,System.Administrator
300000003273692,AP_INVOICES,PREPAYMENTS,Purchase Invoices,200,System.Administrator
300000003273692,AP_INVOICES,STANDARD INVOICES,Purchase Invoices,200,System.Administrator
300000003273692,AP_PAYMENTS,FUTURE DATED PAYMENTS,Payments,200,System.Administrator
300000003273692,AP_PAYMENTS,PAYMENTS,Payments,200,System.Administrator
300000003273692,AP_PAYMENTS,RECONCILED PAYMENTS,Reconciled Payments,200,System.Administrator
300000003273692,AP_PAYMENTS,REFUNDS,Payments,200,System.Administrator
300000003273692,MANUAL,MANUAL,Other,200,System.Administrator
300000003273692,THIRD_PARTY_MERGE,THIRD_PARTY_MERGE,Other,200,System.Administrator
300000003273695,AP_INVOICES,CREDIT MEMOS,Purchase Invoices,200,System.Administrator
300000003273695,AP_INVOICES,DEBIT MEMOS,Purchase Invoices,200,System.Administrator
300000003273695,AP_INVOICES,EXPENSE REPORTS,Purchase Invoices,200,System.Administrator
300000003273695,AP_INVOICES,INVOICES,Purchase Invoices,200,System.Administrator
300000003273695,AP_INVOICES,PREPAYMENT APPLICATIONS,Purchase Invoices,200,System.Administrator
300000003273695,AP_INVOICES,PREPAYMENT INVOICES,Purchase Invoices,200,System.Administrator
300000003273695,AP_INVOICES,PREPAYMENTS,Purchase Invoices,200,System.Administrator
300000003273695,AP_INVOICES,STANDARD INVOICES,Purchase Invoices,200,System.Administrator
300000003273695,AP_PAYMENTS,FUTURE DATED PAYMENTS,Payments,200,System.Administrator
300000003273695,AP_PAYMENTS,PAYMENTS,Payments,200,System.Administrator
300000003273695,AP_PAYMENTS,RECONCILED PAYMENTS,Reconciled Payments,200,System.Administrator
300000003273695,AP_PAYMENTS,REFUNDS,Payments,200,System.Administrator
300000003273695,MANUAL,MANUAL,Other,200,System.Administrator
300000003273695,THIRD_PARTY_MERGE,THIRD_PARTY_MERGE,Other,200,System.Administrator
300000003273698,AP_INVOICES,CREDIT MEMOS,Purchase Invoices,200,System.Administrator
300000003273698,AP_INVOICES,DEBIT MEMOS,Purchase Invoices,200,System.Administrator
300000003273698,AP_INVOICES,EXPENSE REPORTS,Purchase Invoices,200,System.Administrator
300000003273698,AP_INVOICES,INVOICES,Purchase Invoices,200,System.Administrator
300000003273698,AP_INVOICES,PREPAYMENT APPLICATIONS,Purchase Invoices,200,System.Administrator
300000003273698,AP_INVOICES,PREPAYMENT INVOICES,Purchase Invoices,200,System.Administrator
300000003273698,AP_INVOICES,PREPAYMENTS,Purchase Invoices,200,System.Administrator
300000003273698,AP_INVOICES,STANDARD INVOICES,Purchase Invoices,200,System.Administrator
300000003273698,AP_PAYMENTS,FUTURE DATED PAYMENTS,Payments,200,System.Administrator
300000003273698,AP_PAYMENTS,PAYMENTS,Payments,200,System.Administrator
300000003273698,AP_PAYMENTS,RECONCILED PAYMENTS,Reconciled Payments,200,System.Administrator
300000003273698,AP_PAYMENTS,REFUNDS,Payments,200,System.Administrator
300000003273698,MANUAL,MANUAL,Other,200,System.Administrator
300000003273698,THIRD_PARTY_MERGE,THIRD_PARTY_MERGE,Other,200,System.Administrator
300000003273701,AP_INVOICES,CREDIT MEMOS,Purchase Invoices,200,System.Administrator
300000003273701,AP_INVOICES,DEBIT MEMOS,Purchase Invoices,200,System.Administrator
300000003273701,AP_INVOICES,EXPENSE REPORTS,Purchase Invoices,200,System.Administrator
300000003273701,AP_INVOICES,INVOICES,Purchase Invoices,200,System.Administrator
300000003273701,AP_INVOICES,PREPAYMENT APPLICATIONS,Purchase Invoices,200,System.Administrator
300000003273701,AP_INVOICES,PREPAYMENT INVOICES,Purchase Invoices,200,System.Administrator
300000003273701,AP_INVOICES,PREPAYMENTS,Purchase Invoices,200,System.Administrator
300000003273701,AP_INVOICES,STANDARD INVOICES,Purchase Invoices,200,System.Administrator
300000003273701,AP_PAYMENTS,FUTURE DATED PAYMENTS,Payments,200,System.Administrator
300000003273701,AP_PAYMENTS,PAYMENTS,Payments,200,System.Administrator
300000003273701,AP_PAYMENTS,RECONCILED PAYMENTS,Reconciled Payments,200,System.Administrator
300000003273701,AP_PAYMENTS,REFUNDS,Payments,200,System.Administrator
300000003273701,MANUAL,MANUAL,Other,200,System.Administrator
300000003273701,THIRD_PARTY_MERGE,THIRD_PARTY_MERGE,Other,200,System.Administrator
300000003273704,AP_INVOICES,CREDIT MEMOS,Purchase Invoices,200,System.Administrator
300000003273704,AP_INVOICES,DEBIT MEMOS,Purchase Invoices,200,System.Administrator
300000003273704,AP_INVOICES,EXPENSE REPORTS,Purchase Invoices,200,System.Administrator
300000003273704,AP_INVOICES,INVOICES,Purchase Invoices,200,System.Administrator
300000003273704,AP_INVOICES,PREPAYMENT APPLICATIONS,Purchase Invoices,200,System.Administrator
300000003273704,AP_INVOICES,PREPAYMENT INVOICES,Purchase Invoices,200,System.Administrator
300000003273704,AP_INVOICES,PREPAYMENTS,Purchase Invoices,200,System.Administrator
300000003273704,AP_INVOICES,STANDARD INVOICES,Purchase Invoices,200,System.Administrator
300000003273704,AP_PAYMENTS,FUTURE DATED PAYMENTS,Payments,200,System.Administrator
300000003273704,AP_PAYMENTS,PAYMENTS,Payments,200,System.Administrator
300000003273704,AP_PAYMENTS,RECONCILED PAYMENTS,Reconciled Payments,200,System.Administrator
300000003273704,AP_PAYMENTS,REFUNDS,Payments,200,System.Administrator
300000003273704,MANUAL,MANUAL,Other,200,System.Administrator
300000003273704,THIRD_PARTY_MERGE,THIRD_PARTY_MERGE,Other,200,System.Administrator
300000003273707,AP_INVOICES,CREDIT MEMOS,Purchase Invoices,200,System.Administrator
300000003273707,AP_INVOICES,DEBIT MEMOS,Purchase Invoices,200,System.Administrator
300000003273707,AP_INVOICES,EXPENSE REPORTS,Purchase Invoices,200,System.Administrator
300000003273707,AP_INVOICES,INVOICES,Purchase Invoices,200,System.Administrator
300000003273707,AP_INVOICES,PREPAYMENT APPLICATIONS,Purchase Invoices,200,System.Administrator
300000003273707,AP_INVOICES,PREPAYMENT INVOICES,Purchase Invoices,200,System.Administrator
300000003273707,AP_INVOICES,PREPAYMENTS,Purchase Invoices,200,System.Administrator
300000003273707,AP_INVOICES,STANDARD INVOICES,Purchase Invoices,200,System.Administrator
300000003273707,AP_PAYMENTS,FUTURE DATED PAYMENTS,Payments,200,System.Administrator
300000003273707,AP_PAYMENTS,PAYMENTS,Payments,200,System.Administrator
300000003273707,AP_PAYMENTS,RECONCILED PAYMENTS,Reconciled Payments,200,System.Administrator
300000003273707,AP_PAYMENTS,REFUNDS,Payments,200,System.Administrator
300000003273707,MANUAL,MANUAL,Other,200,System.Administrator
300000003273707,THIRD_PARTY_MERGE,THIRD_PARTY_MERGE,Other,200,System.Administrator
300000003273710,AP_INVOICES,CREDIT MEMOS,Purchase Invoices,200,System.Administrator
300000003273710,AP_INVOICES,DEBIT MEMOS,Purchase Invoices,200,System.Administrator
300000003273710,AP_INVOICES,EXPENSE REPORTS,Purchase Invoices,200,System.Administrator
300000003273710,AP_INVOICES,INVOICES,Purchase Invoices,200,System.Administrator
300000003273710,AP_INVOICES,PREPAYMENT APPLICATIONS,Purchase Invoices,200,System.Administrator
300000003273710,AP_INVOICES,PREPAYMENT INVOICES,Purchase Invoices,200,System.Administrator
300000003273710,AP_INVOICES,PREPAYMENTS,Purchase Invoices,200,System.Administrator
300000003273710,AP_INVOICES,STANDARD INVOICES,Purchase Invoices,200,System.Administrator
300000003273710,AP_PAYMENTS,FUTURE DATED PAYMENTS,Payments,200,System.Administrator
300000003273710,AP_PAYMENTS,PAYMENTS,Payments,200,System.Administrator
300000003273710,AP_PAYMENTS,RECONCILED PAYMENTS,Reconciled Payments,200,System.Administrator
300000003273710,AP_PAYMENTS,REFUNDS,Payments,200,System.Administrator
300000003273710,MANUAL,MANUAL,Other,200,System.Administrator
300000003273710,THIRD_PARTY_MERGE,THIRD_PARTY_MERGE,Other,200,System.Administrator
300000003273748,AP_INVOICES,CREDIT MEMOS,Purchase Invoices,200,System.Administrator
300000003273748,AP_INVOICES,DEBIT MEMOS,Purchase Invoices,200,System.Administrator
300000003273748,AP_INVOICES,EXPENSE REPORTS,Purchase Invoices,200,System.Administrator
300000003273748,AP_INVOICES,INVOICES,Purchase Invoices,200,System.Administrator
300000003273748,AP_INVOICES,PREPAYMENT APPLICATIONS,Purchase Invoices,200,System.Administrator
300000003273748,AP_INVOICES,PREPAYMENT INVOICES,Purchase Invoices,200,System.Administrator
300000003273748,AP_INVOICES,PREPAYMENTS,Purchase Invoices,200,System.Administrator
300000003273748,AP_INVOICES,STANDARD INVOICES,Purchase Invoices,200,System.Administrator
300000003273748,AP_PAYMENTS,FUTURE DATED PAYMENTS,Payments,200,System.Administrator
300000003273748,AP_PAYMENTS,PAYMENTS,Payments,200,System.Administrator
300000003273748,AP_PAYMENTS,RECONCILED PAYMENTS,Reconciled Payments,200,System.Administrator
300000003273748,AP_PAYMENTS,REFUNDS,Payments,200,System.Administrator
300000003273748,MANUAL,MANUAL,Other,200,System.Administrator
300000003273748,THIRD_PARTY_MERGE,THIRD_PARTY_MERGE,Other,200,System.Administrator
300000003273752,AP_INVOICES,CREDIT MEMOS,Purchase Invoices,200,System.Administrator
300000003273752,AP_INVOICES,DEBIT MEMOS,Purchase Invoices,200,System.Administrator
300000003273752,AP_INVOICES,EXPENSE REPORTS,Purchase Invoices,200,System.Administrator
300000003273752,AP_INVOICES,INVOICES,Purchase Invoices,200,System.Administrator
300000003273752,AP_INVOICES,PREPAYMENT APPLICATIONS,Purchase Invoices,200,System.Administrator
300000003273752,AP_INVOICES,PREPAYMENT INVOICES,Purchase Invoices,200,System.Administrator
300000003273752,AP_INVOICES,PREPAYMENTS,Purchase Invoices,200,System.Administrator
300000003273752,AP_INVOICES,STANDARD INVOICES,Purchase Invoices,200,System.Administrator
300000003273752,AP_PAYMENTS,FUTURE DATED PAYMENTS,Payments,200,System.Administrator
300000003273752,AP_PAYMENTS,PAYMENTS,Payments,200,System.Administrator
300000003273752,AP_PAYMENTS,RECONCILED PAYMENTS,Reconciled Payments,200,System.Administrator
300000003273752,AP_PAYMENTS,REFUNDS,Payments,200,System.Administrator
300000003273752,MANUAL,MANUAL,Other,200,System.Administrator
300000003273752,THIRD_PARTY_MERGE,THIRD_PARTY_MERGE,Other,200,System.Administrator
300000003273756,AP_INVOICES,CREDIT MEMOS,Purchase Invoices,200,System.Administrator
300000003273756,AP_INVOICES,DEBIT MEMOS,Purchase Invoices,200,System.Administrator
300000003273756,AP_INVOICES,EXPENSE REPORTS,Purchase Invoices,200,System.Administrator
300000003273756,AP_INVOICES,INVOICES,Purchase Invoices,200,System.Administrator
300000003273756,AP_INVOICES,PREPAYMENT APPLICATIONS,Purchase Invoices,200,System.Administrator
300000003273756,AP_INVOICES,PREPAYMENT INVOICES,Purchase Invoices,200,System.Administrator
300000003273756,AP_INVOICES,PREPAYMENTS,Purchase Invoices,200,System.Administrator
300000003273756,AP_INVOICES,STANDARD INVOICES,Purchase Invoices,200,System.Administrator
300000003273756,AP_PAYMENTS,FUTURE DATED PAYMENTS,Payments,200,System.Administrator
300000003273756,AP_PAYMENTS,PAYMENTS,Payments,200,System.Administrator
300000003273756,AP_PAYMENTS,RECONCILED PAYMENTS,Reconciled Payments,200,System.Administrator
300000003273756,AP_PAYMENTS,REFUNDS,Payments,200,System.Administrator
300000003273756,MANUAL,MANUAL,Other,200,System.Administrator
300000003273756,THIRD_PARTY_MERGE,THIRD_PARTY_MERGE,Other,200,System.Administrator
300000003273760,AP_INVOICES,CREDIT MEMOS,Purchase Invoices,200,System.Administrator
300000003273760,AP_INVOICES,DEBIT MEMOS,Purchase Invoices,200,System.Administrator
300000003273760,AP_INVOICES,EXPENSE REPORTS,Purchase Invoices,200,System.Administrator
300000003273760,AP_INVOICES,INVOICES,Purchase Invoices,200,System.Administrator
300000003273760,AP_INVOICES,PREPAYMENT APPLICATIONS,Purchase Invoices,200,System.Administrator
300000003273760,AP_INVOICES,PREPAYMENT INVOICES,Purchase Invoices,200,System.Administrator
300000003273760,AP_INVOICES,PREPAYMENTS,Purchase Invoices,200,System.Administrator
300000003273760,AP_INVOICES,STANDARD INVOICES,Purchase Invoices,200,System.Administrator
300000003273760,AP_PAYMENTS,FUTURE DATED PAYMENTS,Payments,200,System.Administrator
300000003273760,AP_PAYMENTS,PAYMENTS,Payments,200,System.Administrator
300000003273760,AP_PAYMENTS,RECONCILED PAYMENTS,Reconciled Payments,200,System.Administrator
300000003273760,AP_PAYMENTS,REFUNDS,Payments,200,System.Administrator
300000003273760,MANUAL,MANUAL,Other,200,System.Administrator
300000003273760,THIRD_PARTY_MERGE,THIRD_PARTY_MERGE,Other,200,System.Administrator
300000003273764,AP_INVOICES,CREDIT MEMOS,Purchase Invoices,200,System.Administrator
300000003273764,AP_INVOICES,DEBIT MEMOS,Purchase Invoices,200,System.Administrator
300000003273764,AP_INVOICES,EXPENSE REPORTS,Purchase Invoices,200,System.Administrator
300000003273764,AP_INVOICES,INVOICES,Purchase Invoices,200,System.Administrator
300000003273764,AP_INVOICES,PREPAYMENT APPLICATIONS,Purchase Invoices,200,System.Administrator
300000003273764,AP_INVOICES,PREPAYMENT INVOICES,Purchase Invoices,200,System.Administrator
300000003273764,AP_INVOICES,PREPAYMENTS,Purchase Invoices,200,System.Administrator
300000003273764,AP_INVOICES,STANDARD INVOICES,Purchase Invoices,200,System.Administrator
300000003273764,AP_PAYMENTS,FUTURE DATED PAYMENTS,Payments,200,System.Administrator
300000003273764,AP_PAYMENTS,PAYMENTS,Payments,200,System.Administrator
300000003273764,AP_PAYMENTS,RECONCILED PAYMENTS,Reconciled Payments,200,System.Administrator
300000003273764,AP_PAYMENTS,REFUNDS,Payments,200,System.Administrator
300000003273764,MANUAL,MANUAL,Other,200,System.Administrator
300000003273764,THIRD_PARTY_MERGE,THIRD_PARTY_MERGE,Other,200,System.Administrator
300000003273768,AP_INVOICES,CREDIT MEMOS,Purchase Invoices,200,System.Administrator
300000003273768,AP_INVOICES,DEBIT MEMOS,Purchase Invoices,200,System.Administrator
300000003273768,AP_INVOICES,EXPENSE REPORTS,Purchase Invoices,200,System.Administrator
300000003273768,AP_INVOICES,INVOICES,Purchase Invoices,200,System.Administrator
300000003273768,AP_INVOICES,PREPAYMENT APPLICATIONS,Purchase Invoices,200,System.Administrator
300000003273768,AP_INVOICES,PREPAYMENT INVOICES,Purchase Invoices,200,System.Administrator
300000003273768,AP_INVOICES,PREPAYMENTS,Purchase Invoices,200,System.Administrator
300000003273768,AP_INVOICES,STANDARD INVOICES,Purchase Invoices,200,System.Administrator
300000003273768,AP_PAYMENTS,FUTURE DATED PAYMENTS,Payments,200,System.Administrator
300000003273768,AP_PAYMENTS,PAYMENTS,Payments,200,System.Administrator
300000003273768,AP_PAYMENTS,RECONCILED PAYMENTS,Reconciled Payments,200,System.Administrator
300000003273768,AP_PAYMENTS,REFUNDS,Payments,200,System.Administrator
300000003273768,MANUAL,MANUAL,Other,200,System.Administrator
300000003273768,THIRD_PARTY_MERGE,THIRD_PARTY_MERGE,Other,200,System.Administrator
300000008937693,AP_INVOICES,CREDIT MEMOS,Purchase Invoices,200,Krzysztof.Szczepinski@adia.ae
300000008937693,AP_INVOICES,DEBIT MEMOS,Purchase Invoices,200,Krzysztof.Szczepinski@adia.ae
300000008937693,AP_INVOICES,EXPENSE REPORTS,Purchase Invoices,200,Krzysztof.Szczepinski@adia.ae
300000008937693,AP_INVOICES,INVOICES,Purchase Invoices,200,Krzysztof.Szczepinski@adia.ae
300000008937693,AP_INVOICES,PREPAYMENT APPLICATIONS,Purchase Invoices,200,Krzysztof.Szczepinski@adia.ae
300000008937693,AP_INVOICES,PREPAYMENT INVOICES,Purchase Invoices,200,Krzysztof.Szczepinski@adia.ae
300000008937693,AP_INVOICES,PREPAYMENTS,Purchase Invoices,200,Krzysztof.Szczepinski@adia.ae
300000008937693,AP_INVOICES,STANDARD INVOICES,Purchase Invoices,200,Krzysztof.Szczepinski@adia.ae
300000008937693,AP_PAYMENTS,FUTURE DATED PAYMENTS,Payments,200,Krzysztof.Szczepinski@adia.ae
300000008937693,AP_PAYMENTS,PAYMENTS,Payments,200,Krzysztof.Szczepinski@adia.ae
300000008937693,AP_PAYMENTS,RECONCILED PAYMENTS,Reconciled Payments,200,Krzysztof.Szczepinski@adia.ae
300000008937693,AP_PAYMENTS,REFUNDS,Payments,200,Krzysztof.Szczepinski@adia.ae
300000008937693,MANUAL,MANUAL,Other,200,Krzysztof.Szczepinski@adia.ae
300000008937693,THIRD_PARTY_MERGE,THIRD_PARTY_MERGE,Other,200,Krzysztof.Szczepinski@adia.ae
300000039559519,AP_INVOICES,CREDIT MEMOS,Purchase Invoices,200,sakeer.Machingal@adia.ae
300000039559519,AP_INVOICES,DEBIT MEMOS,Purchase Invoices,200,sakeer.Machingal@adia.ae
300000039559519,AP_INVOICES,EXPENSE REPORTS,Purchase Invoices,200,sakeer.Machingal@adia.ae
300000039559519,AP_INVOICES,INVOICES,Purchase Invoices,200,sakeer.Machingal@adia.ae
300000039559519,AP_INVOICES,PREPAYMENT APPLICATIONS,Purchase Invoices,200,sakeer.Machingal@adia.ae
300000039559519,AP_INVOICES,PREPAYMENT INVOICES,Purchase Invoices,200,sakeer.Machingal@adia.ae
300000039559519,AP_INVOICES,PREPAYMENTS,Purchase Invoices,200,sakeer.Machingal@adia.ae
300000039559519,AP_INVOICES,STANDARD INVOICES,Purchase Invoices,200,sakeer.Machingal@adia.ae
300000039559519,AP_PAYMENTS,ESCHEATED PAYMENTS,Payments,200,sakeer.Machingal@adia.ae
300000039559519,AP_PAYMENTS,FUTURE DATED PAYMENTS,Payments,200,sakeer.Machingal@adia.ae
300000039559519,AP_PAYMENTS,PAYMENTS,Payments,200,sakeer.Machingal@adia.ae
300000039559519,AP_PAYMENTS,RECONCILED PAYMENTS,Reconciled Payments,200,sakeer.Machingal@adia.ae
300000039559519,AP_PAYMENTS,REFUNDS,Payments,200,sakeer.Machingal@adia.ae
300000039559519,MANUAL,MANUAL,Other,200,sakeer.Machingal@adia.ae
300000039559519,THIRD_PARTY_MERGE,THIRD_PARTY_MERGE,Other,200,sakeer.Machingal@adia.ae
