LEDGER_ID,ENABLE_SUBMIT_POSTING_FLAG,APPLICATION_ID,CREATED_BY
300000003273707,Y,200,System.Administrator
300000003273764,Y,200,System.Administrator
300000003273641,Y,200,System.Administrator
300000003273644,Y,200,System.Administrator
300000003273653,Y,200,System.Administrator
300000003273647,Y,200,System.Administrator
300000003273695,Y,200,System.Administrator
300000003273752,Y,200,System.Administrator
300000003273662,Y,200,System.Administrator
300000003273665,Y,200,System.Administrator
300000003273686,Y,200,System.Administrator
300000003273692,Y,200,System.Administrator
300000003273689,Y,200,System.Administrator
300000003273756,Y,200,System.Administrator
300000008937693,Y,200,Krzysztof.Szczepinski@adia.ae
300000003273704,Y,200,System.Administrator
300000039559519,Y,200,sakeer.Machingal@adia.ae
300000003273650,Y,200,System.Administrator
300000003273668,Y,200,System.Administrator
300000003273674,Y,200,System.Administrator
300000003273698,Y,200,System.Administrator
300000003273701,Y,200,System.Administrator
300000003273710,Y,200,System.Administrator
300000003273656,Y,200,System.Administrator
300000003273659,Y,200,System.Administrator
300000003273680,Y,200,System.Administrator
300000003273671,Y,200,System.Administrator
300000003273677,Y,200,System.Administrator
300000003273683,Y,200,System.Administrator
300000003273748,Y,200,System.Administrator
300000003273768,Y,200,System.Administrator
300000003273760,Y,200,System.Administrator
