LEGAL_ENTITY_ID,NAME,CREATED_BY
300000003275110,AQ020_Platinum Date C GP 2019 RSC Limited,System.Administrator
300000003275111,AN020_Platinum Dunes C 2019 RSC Limited,System.Administrator
300000003275112,FC010_Platinum Jasmine A 2018 Trust REID,System.Administrator
300000003275113,FE010_Platinum Acacia ZA 2019 Limited Partnership,System.Administrator
300000003275114,Platinum Alpha Direct B 2019 RSC Limited,System.Administrator
300000003275115,Platinum Alpha Holdings A 2019 RSC Limited,System.Administrator
300000003275116,Platinum Alpha Investments B 2019 RSC Limited,System.Administrator
300000003275117,Platinum Alpha Opportunities B 2019 RSC Limited,System.Administrator
300000003275118,Platinum Cactus A 2019 Trust,System.Administrator
300000003275119,Platinum Compass B 2018 RSC Limited,System.Administrator
300000003275120,Platinum Desert B 2019 RSC Limited,System.Administrator
300000003275121,Platinum Eagle C 2018 RSC Limited,System.Administrator
300000003275122,Platinum Falcon B 2018 RSC Limited,System.Administrator
300000003275123,Platinum Hawk C 2019 RSC Limited,System.Administrator
300000003275124,Platinum Hydra A 2019 RSC Limited,System.Administrator
300000003275125,Platinum International Investment Holdings RSC Limited,System.Administrator
300000003277053,AM150_Blue Gem B 2016 Limited,System.Administrator
300000003277054,AA010_Blue Warehouse ZA 2014 Limited Partnership,System.Administrator
300000003277055,Silver Fox B 2014 S.a r.l.,System.Administrator
300000003277056,Luxinva S.A.,System.Administrator
300000003277057,First State,System.Administrator
300000003277058,Silver Beagle C 2016 S.a.r.l.,System.Administrator
300000003277059,Silver Holdings S.A.,System.Administrator
300000003277060,Infinity Investments S.A.,System.Administrator
300000003277061,Silver Royal A 2014 S.A.,System.Administrator
300000003277062,Silver Services S.a r.l.,System.Administrator
300000003277063,C1950_Verona Central Pte Ltd,System.Administrator
300000003277064,"AM210_Prologis China Logistics Venture I, LP",System.Administrator
300000003277025,FA010_Platinum Valley A 2014 Trust,System.Administrator
300000003277026,AN010_Platinum Desert B 2019 RSC Limited,System.Administrator
300000003277027,Platinum Ivy B 2018 RSC Limited - USD,System.Administrator
300000003277028,Platinum Oasis A 2018 RSC Limited,System.Administrator
300000003277029,Platinum Orchid B 2018 RSC Limited,System.Administrator
300000003277030,Platinum Owl C 2018 RSC Limited,System.Administrator
300000003277031,Platinum Lotus B 2018 RSC Limited,System.Administrator
300000003277032,Platinum Jasmine A 2018 Trust PED,System.Administrator
300000003277033,Azure Vista C 2020 Srl,System.Administrator
300000003277034,Black Bird C 2019 LLC,System.Administrator
300000003277035,Abu Dhabi Investment Authority (ADIA),System.Administrator
300000003277036,DNU-Platinum Ivy B 2018 RSC Limited,System.Administrator
300000003277037,Platinum Raptor C GP 2020 RSC Limited,System.Administrator
300000003277038,AM090_Platinum Scorpion B 2019 RSC Limited,System.Administrator
300000003277039,Limpart Holdings Limited,System.Administrator
300000003277040,Oasis Infrastructure Investment Limited,System.Administrator
300000003277041,"AIHFI Holding Company, Limited",System.Administrator
300000003277042,AD010_Platinum River A 2013 RSC Limited,System.Administrator
300000003277043,Blue Whale A 2015 Limited,System.Administrator
300000003277044,AM330_Platinum Toucan B 2016 RSC Limited,System.Administrator
300000003277045,Blue Atlas ZA 2014 Limited Partnership,System.Administrator
300000003277046,"DNU-Blue Chariot ZA 2015, L.P.",System.Administrator
300000003277047,AREC Holdings Limited,System.Administrator
300000003277048,AM590_Platinum Geranium A GP 2015 RSC Limited,System.Administrator
300000003277049,AB010_Blue Agave ZA 2015 Limited,System.Administrator
300000003277050,Blue Spyder B 2016 Limited,System.Administrator
300000003277051,Alpha CBI Limited,System.Administrator
300000003277052,Alphador,System.Administrator
300000003275026,Tamweelview European Holdings S.A.,System.Administrator
300000003275027,Orange Star ZA 2015 CV,System.Administrator
300000003275028,Procific Mainstream Holdings,System.Administrator
300000003275029,AM740_Darling Walk Trust,System.Administrator
300000003275030,X1030_Blue Kite ZC 2013 Limited Partnership,System.Administrator
300000003275031,"AB020_PLA Retail Fund II-A, LP",System.Administrator
300000003275032,K2910_MARK Tomahawk (Luxembourg) S.à r.l.,System.Administrator
300000003275033,K1400_Sturegallerian Holding AB,System.Administrator
300000003275034,AM040_Ciragan Sarayi ve Isletmeleri Gelistirme Insaat ve Turizm Anonim Sirketi,System.Administrator
300000003275035,AM420_Macquarie China Retail Company 1 Limited,System.Administrator
300000003275036,Platinum Silk A 2020 Trust,System.Administrator
300000003275037,Platinum Osprey B 2020 RSC Limited,System.Administrator
300000003275038,Platinum Refidex B GP 2020 RSC Limited,System.Administrator
300000003275039,Platinum Spring B 2019 RSC Limited,System.Administrator
300000003275040,Platinum Acres A 2021 RSC Limited,System.Administrator
300000003275041,AM270_Milano Holdings JV Ltd,System.Administrator
300000003275042,G1060_Emihash Espanola SA,System.Administrator
300000003275043,G1140_Can Ametller Offices SL,System.Administrator
300000003275044,Platinum Investment Services RSC Limited,System.Administrator
300000003275045,K2520_Silver Moss B 2014 S.à r.l.,System.Administrator
300000003275046,K2710_Scarlet Star D 2015 SpA,System.Administrator
300000003275047,FD020_India Office Assets Fund 1,System.Administrator
300000003275048,FA040_Grey Valley ZB 1 2014 Limited,System.Administrator
300000003275049,EJ010_Bronze Star A 2016,System.Administrator
300000003275050,OSVF Holdings Limited,System.Administrator
300000003275051,Platinum Palms B 2019 RSC Limited,System.Administrator
300000003275052,AM010_Platinum Oasis A 2018 RSC Limited,System.Administrator
300000003275053,AM060_Platinum Radiance B 2018 RSC Limited,System.Administrator
300000003275054,AM011_Platinum Oasis A 2018 RSC Limited (Infra) - eFront only,System.Administrator
300000003275055,AM050_Platinum Spring B 2019 RSC Limited,System.Administrator
300000003275056,AM080_Platinum Star B 2015 RSC Limited,System.Administrator
300000003275057,AM250_Platinum Light C 2013 RSC Limited,System.Administrator
300000003275058,AP020_Platinum Corner B 2019 RSC Limited,System.Administrator
300000003275059,AR010_Platinum Fortress A 2019 RSC Limited,System.Administrator
300000003275060,AM790_Platinum Scorpion B 2019 RSC Limited,System.Administrator
300000003275061,AQ010_Platinum Palms B 2019 RSC Limited,System.Administrator
300000003275062,FD010_Platinum Illumination A 2018 Trust,System.Administrator
300000003275063,FF010-ADIA Project Diamond Company,System.Administrator
300000003275064,GD010_Platinum Compass B 2018 RSC Limited,System.Administrator
300000003275065,GL010_Platinum Light A 2014 Trust,System.Administrator
300000003275066,AP010_Platinum Sands A 2019 RSC Limited,System.Administrator
300000003275067,TS030_Pearl Hotels C 2013 Pty Limited,System.Administrator
300000003275068,TS390_Pearl Hotels D 2014 Trust,System.Administrator
300000003275069,TS140_The Tourism Trust,System.Administrator
300000003275070,AM750_AMP Capital Retail Trust,System.Administrator
300000003275071,TS050_Pearl Hotels D 1993 Pty Ltd,System.Administrator
300000003275072,B1090_AMP Macquarie Holding Trust,System.Administrator
300000003275073,B1110_AMP Pacific Fair Trust,System.Administrator
300000003275074,TS040_Pearl Hotels D 2013 Pty Ltd,System.Administrator
300000003275075,TS380_Pearl Hotels ZC 2013 Trust,System.Administrator
300000003275076,AM820_Pearl Hotels C 2013 Pty Ltd,System.Administrator
300000003275077,B1100_AMP Macquarie Trust,System.Administrator
300000003275078,B1250_The Trustee for the LALV Truganina Trust No. 2,System.Administrator
300000003275079,TS150_The Parthenon Trust,System.Administrator
300000003275080,AM780_Pearl Spring ZB 2016 Trust,System.Administrator
300000003275081,AM830_Pearl Hotels ZC 2013 Trust,System.Administrator
300000003275082,B1070_Darling Walk Trust 2,System.Administrator
300000003275083,B1140_Logos Australian Logistics Holding Trust,System.Administrator
300000003275084,B1170_The Trustee for LALV Heathwood Trust,System.Administrator
300000003275085,AM760_Logos Australian Logistics Venture Trust,System.Administrator
300000003275086,B1150_The Trustee for LALV Prestons Trust,System.Administrator
300000003275087,B1220_The Trustee for the LALV Berrinba Trust,System.Administrator
300000003275088,B1240_ACRT Finance Pty Ltd,System.Administrator
300000003275089,B1080_AMP Capital Retail Trust,System.Administrator
300000003275090,B1050_Darling Walk Trust,System.Administrator
300000003275091,B1180_The Trustee for LALV Altona North Trust,System.Administrator
300000003275092,B1190_The Trustee for LALV Marsden Park Trust,System.Administrator
300000003275093,B1200_Pearl Property ZB 2016 Trust,System.Administrator
300000003275094,B1030_QIC Central Plaza 2 (66 Eagle Street),System.Administrator
300000003275095,B1130_Logos Australian Logistics Venture Trust,System.Administrator
300000003275096,B1230_The Trustee for the LALV Truganina Trust,System.Administrator
300000003275097,B1160_The Trustee for LALV Hazelmere Trust No.1,System.Administrator
300000003275098,AM470_Mosaic Shanghai (Barbados) Company Limited,System.Administrator
300000003275099,AM730_Platinum Harina Company B 2008 RSC Limited,System.Administrator
300000003275100,TS010_Teal Summer A 2013 Limited,System.Administrator
300000003275101,AM280_Verona Holdings JV Ltd,System.Administrator
300000003275102,AM550_Macquarie China Retail Company 2 Limited,System.Administrator
300000003275103,AM810_Platinum Hotels C 2013 RSC Limited,System.Administrator
300000003275104,B1010_Harina Company Limited,System.Administrator
300000003275105,AM290_Roma Holdings JV Ltd,System.Administrator
300000003275106,AM430_MCRC Holding Company Limited,System.Administrator
300000003275107,AM560_MCRC 2 Holding Company Limited,System.Administrator
300000003275108,AM770_Platinum Blossom C 2017 RSC Limited,System.Administrator
300000003275109,AM170_Haumi (NZ) Limited Partnership,System.Administrator
300000003554881,K2170_Gold Diamond D Breadsall Priory 2005 Ltd,System.Administrator
300000003554882,K2060_Gold Diamond E County Hall 2005 Ltd,System.Administrator
300000003554883,K2250_Gold Diamond D Tudor Park 2005 Ltd,System.Administrator
300000003554884,Blue Falcon Limited,System.Administrator
300000003554885,Blue Globe ZA 2014 Limited Partnership,System.Administrator
300000003554886,Sunstone Holdings,System.Administrator
300000003554887,AG010_Blue Streetfront ZA 2016 Limited Partnership,System.Administrator
300000003554888,Z1010_Blue Granite ZA 2013 Ltd Partnership,System.Administrator
300000003554889,Z1020_Blue Granite ZB Bellevue 2013 Limited Partnership,System.Administrator
300000003554890,Z1080_Blue Granite ZB PropCo3 2014 Limited Partnership,System.Administrator
300000003554891,AL010_Maple Union ZA 2016 Limited Partnership,System.Administrator
300000003554892,W1020_HHC LT Pacific Limited Partnership,System.Administrator
300000003554893,S3130_Silver Hawk B 2018 S.à r.l.,System.Administrator
300000003554894,Blue Alpha A24,System.Administrator
300000003554895,AF010_Maple Garage ZA 2016 Limited Partnership,System.Administrator
300000003554896,AI010_Maple Industrial ZA 2016 Limited Partnership,System.Administrator
300000003554897,T1010_Platinum Riverside A 2009 RSC Limited,System.Administrator
300000003554898,Blue Horizon B 2016 Limited,System.Administrator
300000003554899,Blue Pearl B 2015 Limited,System.Administrator
300000003554900,"AB030_PLA RETAIL FUND II AGGREGATING VEHICLE, LP",System.Administrator
300000003554901,AE010_Maple Box ZA 2015 Limited Partnership,System.Administrator
300000003554902,V1010_HHC UT Limited Partnership,System.Administrator
300000003554903,Z1015_Maple Granite ZA 2013 Limited Partnership,System.Administrator
300000003554904,Z1040_Blue Granite ZB Edge 2013 Limited Partnership,System.Administrator
300000003554905,AK010_Maple Bridge ZA 2016 Limited Partnership,System.Administrator
300000003554906,Blue Bolt A 2015 Limited,System.Administrator
300000003554907,Blue Rock B 2014 Limited,System.Administrator
300000003554908,V1015_HHC UT Limited Partnership,System.Administrator
300000003554909,W1015_HHC UT Pacific Limited Partnership,System.Administrator
300000003554910,Z1090_Maple Granite ZB PropCo4 2014 Limited Partnership,System.Administrator
300000003554911,AJ010_Maple Mile ZA 2016 Limited Partnership,System.Administrator
300000003554912,APOC Holdings Limited,System.Administrator
300000003554913,Blue Bay A 2014 Limited,System.Administrator
300000003554914,Blue Globe A 2013 Limited,System.Administrator
300000003554915,Tawreed Investments Limited,System.Administrator
300000003554916,V1020_HHC LT Limited Partnership,System.Administrator
300000003554917,W1010_HHC UT Pacific Limited Partnership,System.Administrator
300000003554918,S2930_Platinum Power B 2017 RSC Limited,System.Administrator
300000003554919,S2430_Blue Box B Bottom 5 2015,System.Administrator
300000003554920,S2450_Blue Box B Bottom 7 2015,System.Administrator
300000003554921,S2240_Blue Warehouse B 2014 Limited,System.Administrator
300000003554922,S1830_HHC LTLP Investments Limited,System.Administrator
300000003554923,S1840_HHC LTLP Investments Pacific Limited,System.Administrator
300000003554924,AM370_Blue Tea B GP 2016 Ltd.,System.Administrator
300000003295674,AM860_Blue Kite ZC 2013 Limited Partnership - NON-CONTROLLED,System.Administrator
300000003295675,AM920_Trust 4754 (PLA Retail Platform II-A),System.Administrator
300000003295676,BC015_Maple Circle ZA 2013 Limited Partnership,System.Administrator
300000003295677,S1990_Blue Granite B Bellevue 2013 Limited,System.Administrator
300000003295678,EE015_Platinum Toucan ZA 2016 Limited Partnership,System.Administrator
300000003295679,S2750_Silver Bridge B Top 2016 S.à r.l.,System.Administrator
300000003295680,K1920_Gold Diamond D Manchester Airport 2005 Ltd,System.Administrator
300000003295681,K2110_Gold Diamond D Maida Vale 2005 Ltd,System.Administrator
300000003295682,K2200_Gold Diamond D Forest of Arden 2005 Ltd,System.Administrator
300000003295683,K1980_Gold Diamond E Swindon 2005 Ltd,System.Administrator
300000003295684,K2040_Gold Diamond D Bristol City Centre 2005 Ltd,System.Administrator
300000003295685,K2100_Gold Diamond D Leeds 2005 Ltd,System.Administrator
300000003277065,C2430_Prologis Jinan Airport Logistics Center Pte. Ltd.,System.Administrator
300000003277066,AM410_Space Lab One PTE LTD,System.Administrator
300000003277067,C1640_Prologis Xi'an ITL Pte. Ltd.,System.Administrator
300000003277068,C1990_Roma Central Pte Ltd,System.Administrator
300000003277069,C2090_Prologis Wuhan Caidian Pte. Ltd.,System.Administrator
300000003277070,C2160_Prologis Chengdu Xindu Pte. Ltd.,System.Administrator
300000003277071,C2250_Prologis CDQBJ Pte. Ltd.,System.Administrator
300000003277072,C2460_Prologis NJ Liuhe Pte. Ltd.,System.Administrator
300000003277073,C2640_Prologis Tongzhou Pte. Ltd.,System.Administrator
300000003277074,C1550_Prologis SCM Pte Ltd,System.Administrator
300000003277075,C2330_Prologis XAFX Pte. Ltd.,System.Administrator
300000003277076,C2350_Prologis SYSX Pte. Ltd.,System.Administrator
300000003277077,C2410_Prologis Chongqing West Logistics Center Pte. Ltd,System.Administrator
300000003277078,AM490_Mosaic Beijing (BVI) Limited,System.Administrator
300000003277079,C2290_Macau Gourmet Company Limited,System.Administrator
300000003277080,C2300_Macau Shopping Company Limited,System.Administrator
300000003277081,K1870_Gold Diamond D Edinburgh 2005 Ltd,System.Administrator
300000003277082,K1950_Gold Diamond D Portsmouth 2005 Ltd,System.Administrator
300000003277083,AM020_Great Hotels Holdings Limited,System.Administrator
300000003277084,K1830_Gold Diamond D Aberdeen 2005 Ltd,System.Administrator
300000003277085,K1850_Gold Diamond D Bournemouth 2005 Ltd,System.Administrator
300000003277086,K2000_Gold Diamond D York 2005 Ltd,System.Administrator
300000003277087,K2160_Gold Diamond D Slough 2005 Ltd,System.Administrator
300000003277088,K2150_Gold Diamond D Regents Park 2005 Ltd,System.Administrator
300000003277089,K2460_Gold Diamond D Worsley Park 2013 Ltd,System.Administrator
300000003277090,K2140_Gold Diamond D Preston 2005 Ltd,System.Administrator
300000003277091,K1890_Gold Diamond D Cash Manager 2005 Ltd,System.Administrator
300000003277092,K2090_Gold Diamond D Huntingdon 2005 Ltd,System.Administrator
300000003277093,K2120_Gold Diamond D Marble Arch 2005 Ltd,System.Administrator
300000003277094,Green Rock B 2014 Limited,System.Administrator
300000003277095,AM300_Platinum Bridge C 1998 RSC Limited,System.Administrator
300000003277096,AM340_Green Monarch B Top 2016 Limited,System.Administrator
300000003277097,AM350_Green Monarch B1 2016 Limited,System.Administrator
300000003277098,AM360_Green Monarch B2 2016 Limited,System.Administrator
300000003277099,AM380_Platinum Mango B GP 2018 RSC Limited,System.Administrator
300000003277100,AM390_Platinum Mango B Unitholder 2018 RSC Limited,System.Administrator
300000003277101,EK015_Platinum Mango ZA 2018 Limited Partnership,System.Administrator
300000003277102,EK180_Green Kale ZB 2018 Unit Trust,System.Administrator
300000003277103,EK190_Green Leaf ZB 2018 Unit Trust,System.Administrator
300000003277104,EK200_Green Olive ZB 2018 Unit Trust,System.Administrator
300000003277105,EK210_Green Flower ZB 2018 Unit Trust,System.Administrator
300000003277106,EK220_Green Monarch ZA 2016 Unit Trust,System.Administrator
300000003277107,EK230_Green Monarch ZB 2016 LP,System.Administrator
300000003277108,EK240_Green Monarch ZC 2016 LP,System.Administrator
300000003277109,EK250_Akaria Investments Limited,System.Administrator
300000003277110,EK290_Green Field ZB 2017 SLP,System.Administrator
300000003277111,FA060_Grey Valley ZB 3 2016 Limited,System.Administrator
300000003277112,FB010_Green Mountain A 2014 Trust,System.Administrator
300000003277113,GL180_Green Horizon Trust,System.Administrator
300000003277114,K2470_Green Agate D 2010 Limited,System.Administrator
300000003277115,Y1010_Green Maiden A 2013 Trust,System.Administrator
300000003277116,FA050_Grey Valley ZB 2 2014 Limited,System.Administrator
300000003277117,FA070_PIA Private Real Estate Investment Trust No. 2,System.Administrator
300000003277118,ADINVA,System.Administrator
300000003277119,C1940_Verona Central Holdings Ltd,System.Administrator
300000003277120,S2920_Silver Union B Bottom 2016 S.à r.l.,System.Administrator
300000003277121,S3020_Blue Union B Middle 2017 Limited,System.Administrator
300000003277122,S2760_Silver Bridge B Bottom 2016 S.à r.l.,System.Administrator
300000003277123,AM320_Blue Helix A 2015 Limited,System.Administrator
300000003277124,S2420_Blue Box B Bottom 4 2015,System.Administrator
300000003295686,K2180_Gold Diamond D Dalmahoy 2005 Ltd,System.Administrator
300000003295687,K2230_Gold Diamond D St. Pierre 2005 Ltd,System.Administrator
300000003295688,K2440_Gold Diamond D Swindon 2013 Ltd,System.Administrator
300000003295689,K2450_Gold Diamond D County Hall 2013 Ltd,System.Administrator
300000003295690,K1970_Gold Diamond D Swansea 2005 Ltd,System.Administrator
300000003295691,K2050_Gold Diamond D Bristol 2005 Ltd,System.Administrator
300000003295692,K2260_Gold Diamond E Worsley Park 2005 Ltd,System.Administrator
300000003295693,AM070_Nextor Holdings Ltd.,System.Administrator
300000003295694,K1840_Gold Diamond D Birmingham 2005 Ltd,System.Administrator
300000003295695,K1900_Gold Diamond D Liverpool City Centre 2005 Ltd,System.Administrator
300000003295696,K1910_Gold Diamond D Heathrow 2005 Ltd,System.Administrator
300000003295697,AM440_Mosaic Qingdao (BVI) Limited,System.Administrator
300000003295698,K1860_Gold Diamond D Cardiff 2005 Ltd,System.Administrator
300000003295699,K1990_Gold Diamond D Waltham Abbey 2005 Ltd,System.Administrator
300000003295700,K2130_Gold Diamond D Northampton 2005 Ltd,System.Administrator
300000003295701,K2430_Gold Diamond D Kensington 2013 Ltd,System.Administrator
300000003295702,AM510_Mosaic Xi'an (BVI) Limited,System.Administrator
300000003295703,K1930_Gold Diamond D Newcastle MetroCentre 2005 Ltd,System.Administrator
300000003295704,K1940_Gold Diamond D Peterborough 2005 Ltd,System.Administrator
300000003295705,K2010_Gold Diamond D Bexleyheath 2005 Ltd,System.Administrator
300000003295706,K2070_Gold Diamond D Durham 2005 Ltd,System.Administrator
300000003295707,B1210_Teal Spring B 2017 Limited,System.Administrator
300000003295708,AM800_Platinum Summer B 2013 RSC Limited,System.Administrator
300000003295709,TS020_Teal Hotels B 2013 Limited,System.Administrator
300000003295710,AM630_Territoria Vespucio SpA,System.Administrator
300000003295711,AM620_Scarlet Letter C 2020 SpA,System.Administrator
300000003295712,K2740_Territoria Apoquindo SA,System.Administrator
300000003295713,K2720_Scarlet Star E 2015 SpA,System.Administrator
300000003295714,Joint Arab Investment Corp,System.Administrator
300000003295715,AM230_Prologis China Logistics Venture 3 LP,System.Administrator
300000003295716,"C2360_Chengdu Anqing Warehousing Co., Ltd",System.Administrator
300000003295717,C1610_Prologis China Logistics 2 (Holding) Pte. Ltd.,System.Administrator
300000003295718,C1720_Prologis Huiyang Pte Ltd,System.Administrator
300000003295719,C1970_Milano Central Pte Ltd,System.Administrator
300000003295720,C2000_Prologis DLS Pte. Ltd,System.Administrator
300000003295721,C2080_Prologis Foshan Gaoming Pte. Ltd.,System.Administrator
300000003295722,C2440_Prologis Huzhou Pte. Ltd.,System.Administrator
300000003295723,C2450_Prologis Jinan West Logistics Center Pte. Ltd.,System.Administrator
300000003295724,C2600_Prologis Zhengzhou Airport Logistics Center,System.Administrator
300000003295725,C2260_Prologis WHJX Pte. Ltd.,System.Administrator
300000003295726,C2400_Prologis China Logistics 3 (Holding) Pte. Ltd.,System.Administrator
300000003295727,C1130_AMB China Logistics I (Holding) Pte. Ltd.,System.Administrator
300000003295728,C1570_Prologis Chongqing Airport Logistics Center Pte. Ltd,System.Administrator
300000003295729,"AM220_Prologis China Logistics Venture 2, LP",System.Administrator
300000003295730,AM400_Space Lab Holdings PTE LTD,System.Administrator
300000003295731,C2150_Prologis Gedian Pte. Ltd.,System.Administrator
300000003295732,C1820_Prologis NJ Jiangning Airport DC Pte. Ltd.,System.Administrator
300000003295733,C2610_Prologis Tianjin Jinnan Pte Ltd,System.Administrator
300000003295734,K2930_Silver Goethe S.a r.l.,System.Administrator
300000003295735,K2490_Silver Oryx B 2007 S.à r.l.,System.Administrator
300000003295736,K2670_Silver Franc B 2015 S.à r.l.,System.Administrator
300000003295737,K2810_TS Tessuto Sarl,System.Administrator
300000003554825,S2410_Blue Box B Bottom 3 2015,System.Administrator
300000003554826,S2390_Blue Box B Bottom 1 2015,System.Administrator
300000003554827,S1850_HHC Investments Pacific Limited,System.Administrator
300000003554828,BC010_Blue Circle ZA 2013 Limited Partnership,System.Administrator
300000003554829,S1950_Platinum Apple Hotel B 2013 RSC Limited,System.Administrator
300000003554830,EH015_Blue Gem ZA 2016 LP,System.Administrator
300000003554831,R1300_Platinum Moon B 2017 RSC Limited,System.Administrator
300000003554832,Q1090_Blue Sapphire B 2014 Ltd,System.Administrator
300000003554833,S2720_Silver Mile B Bottom 2016 S.à r.l.,System.Administrator
300000003554834,S2730_Silver Mile B Top 2016 S.à r.l.,System.Administrator
300000003554835,S2460_Blue Box B Bottom 8 2015,System.Administrator
300000003554836,S2160_Blue Granite B PropCo3 2014 Limited,System.Administrator
300000003554837,S2020_Silver Circle B 2013 S.à r.l.,System.Administrator
300000003554838,S2470_Silver Box B Bottom 9 2015 S.à r.l.,System.Administrator
300000003554839,S2680_Silver Garage B Bottom 2016 S.à r.l.,System.Administrator
300000003554840,S2370_Silver Box B Top 2015 S.à r.l.,System.Administrator
300000003554841,S1940_Platinum Apple Multi-Family B 2013 RSC Limited,System.Administrator
300000003554842,C1680_Prologis China FFII (Holding) Limited,System.Administrator
300000003554843,S1010_Platinum Henley Holdings A 2003 RSC Limited,System.Administrator
300000003554844,S2910_Silver Union B Top 2016 S.à r.l.,System.Administrator
300000003554845,S2440_Blue Box B Bottom 6 2015,System.Administrator
300000003554846,S2630_Blue Streetfront Middle B 2016 Limited,System.Administrator
300000003554847,C1960_Milano Central Holdings Ltd,System.Administrator
300000003554848,C1980_Roma Central Holdings Ltd,System.Administrator
300000003554849,AM180_Haumi Development Limited Partnership,System.Administrator
300000003554850,Violet Star B 2015 BV,System.Administrator
300000003554851,I1010_Hotelview NV,System.Administrator
300000003554852,Chippendale Investment Company N.V.,System.Administrator
300000003554853,AM190_AMP Haumi Management Limited,System.Administrator
300000003554854,C1080_Haumi Company Limited,System.Administrator
300000003554855,C1090_Haumi Development Auckland Limited,System.Administrator
300000003554856,K1410_Sturegallerian Aktiebolag,System.Administrator
300000003554857,K2880_Sturegallerian Eleven E 2016 AB,System.Administrator
300000003554858,K1690_Tamweelview Investment Properties,System.Administrator
300000003554859,K1770_SCI Lyon 3,System.Administrator
300000003554860,K2270_Aquarissimo,System.Administrator
300000003554861,K2290_White Knight B Capitole 2013,System.Administrator
300000003554862,K2300_White Knight ZC Capitole 2013 SCI,System.Administrator
300000003554863,K2340_White Knight ZC Vaise 2013 SCI,System.Administrator
300000003554864,K2380_White Knight C Fraternelle 3 2013 SAS,System.Administrator
300000003554865,K2400_White Knight ZC Antony 2013 SCI,System.Administrator
300000003554866,K2580_Financiere Loutan SNC,System.Administrator
300000003554867,K2610_White River C Levallois 2014 SCI,System.Administrator
300000003554868,K2620_White River B Levallois 2014 OPCI,System.Administrator
300000003554869,K2630_White Rook B Madeleine 2014 (OPCI),System.Administrator
300000003554870,K2700_Vilplaine SNC,System.Administrator
300000003554871,K2790_White Tower D 2011 SCI,System.Administrator
300000003554872,K2860_White Tower C 2016 OPCI,System.Administrator
300000003554873,L1010_Imfra (Immobiliere France),System.Administrator
300000003554874,L1020_Roseview,System.Administrator
300000003554875,L1040_SCI Rosny Beausejour SCI,System.Administrator
300000003554876,L1050_SEP Rosny II,System.Administrator
300000003554877,L1110_Geniekiosk SARL,System.Administrator
300000003554878,L1120_Chesnay Pierre 2 SNC,System.Administrator
300000003554879,L1130_SCI Chesnay Remifome,System.Administrator
300000003554880,K2080_Gold Diamond D Glasgow 2005 Ltd,System.Administrator
300000003559641,AM140_Green Knight B 2017 Limited,System.Administrator
300000003559642,AM200_Platinum HIP China Logistics C 2011 RSC Limited,System.Administrator
300000003559643,AM240_HIP China Retail Investment Limited,System.Administrator
300000003559644,AM260_Green Acres B 2014 Limited,System.Administrator
300000003559645,L1160_SCI Petit Parly,System.Administrator
300000003559646,L1180_SCI Parimall Parly 2,System.Administrator
300000003559647,GL160_Relationship Properties Pvt Ltd,System.Administrator
300000003559648,GL200_Torna Developers Private Limited,System.Administrator
300000003559649,C1710_Prologis (Nanjing) Warehousing Co. Ltd,System.Administrator
300000003559650,"C1740_Huizhou Ruizhi Warehousing Co., Ltd",System.Administrator
300000003559651,"C1850_Chongqing Anmei Warehousing Co., Ltd.",System.Administrator
300000003559652,"C2390_Shenyang Tianhou Warehousing Co., Ltd.",System.Administrator
300000003559653,"C2500_Prologis Qihe Warehousing Co., Ltd.",System.Administrator
300000003559654,"C2620_Prologis Jinnan (Tianjin) Warehousing Co., Ltd.",System.Administrator
300000003559655,"C2650_Nantong Bo De Warehousing Co., Ltd.",System.Administrator
300000003559656,X1060_Red Kite ZF Limited,System.Administrator
300000003559657,ADIA RE CLP,System.Administrator
300000003559658,ADIA RE AUD,System.Administrator
300000003559659,L1150_SCI Marceau Parly,System.Administrator
300000003559660,GL030_Heritage Max Realtech Private Limited,System.Administrator
300000003559661,"C2280_World Top (Wuhan) Warehousing Co., Ltd",System.Administrator
300000003559662,"C2320_Prologis Changfu Warehousing (Wuhan) Co., Ltd.",System.Administrator
300000003559663,"C2490_Prologis (Huzhou Lianshi) Warehousing Co., Ltd.",System.Administrator
300000003559664,AM310_Copper Bridge C 2015 ICAV,System.Administrator
300000003559665,ADIA COR HKD,System.Administrator
300000003559666,ADIA CORP AUD,System.Administrator
300000003559667,GL070_Ardent Properties Private Limited,System.Administrator
300000003559668,GL210_Phoenix Lotus Infrastructure Private Limited,System.Administrator
300000003559669,AM460_Mosaic Business Management (Qingdao) Company Limited,System.Administrator
300000003559670,"AM540_Mosaic Retail Real Estate Development (Xi'an) Co., Ltd",System.Administrator
300000003559671,AM990_Prologis Venture Prospects 2  Pte Ltd,System.Administrator
300000003559672,"C2220_Prologis (Ezhou) warehousing Co., Ltd.",System.Administrator
300000003559673,"C2420_Chongqing Ansha Warehousing Co., Ltd.",System.Administrator
300000003559674,ADIA RE TRY,System.Administrator
300000003559675,ADIA RE EUR,System.Administrator
300000003559676,K2890_BR SP PARTICIPACOES S.A,System.Administrator
300000003559677,L1140_SCI Elysees Parly2,System.Administrator
300000003559678,GL060_Lake Shore India Retail Venture Fund,System.Administrator
300000003559679,GL110_Godrej Skyline Developers Pvt. Ltd.,System.Administrator
300000003559680,GL120_ACME REALTIES PRIVATE LIMITED,System.Administrator
300000003559681,AM520_Mosaic Beijing Retail Management Company Limited,System.Administrator
300000003559682,AM580_Mosaic (Chongqing) Business Management Limited,System.Administrator
300000003559683,AM890_Red Kite ZF Limited,System.Administrator
300000003559684,AM940_Prologis Langfang Bazhou Pte. Ltd.,System.Administrator
300000003559685,AM960_Bazhou Jicheng SCM Co. Ltd.,System.Administrator
300000003559686,AM970_Prologis Guangyang Pte Ltd.,System.Administrator
300000003559687,AM980_Prologis Venture Prospects 1 Pte Ltd,System.Administrator
300000003559688,"C2540_Prologis (Xi'an) Warehousing Co., Ltd.",System.Administrator
300000003559689,ADIA CORP GBP,System.Administrator
300000003559690,ADIA CORP AED,System.Administrator
300000003559691,ADIA RE NZD,System.Administrator
300000003559692,ADIA RE RUB,System.Administrator
300000003559693,ADIA RE KRW,System.Administrator
300000003559694,ADIA  RE NOK ,System.Administrator
300000003559695,K2650_HTL SP PARTICIPACOES S.A,System.Administrator
300000003559696,FD030_DivyaSree Real Estate Developers Private Limited,System.Administrator
300000003559697,GL020_HDFC Capital Affordable Real Estate Fund - 1,System.Administrator
300000003564449,S1930_Platinum Apple Retail B 2013 RSC Limited,System.Administrator
300000003564450,S2000_Silver Granite B 2013 S.à r.l.,System.Administrator
300000003564451,R1010_Revere Holdings Limited,System.Administrator
300000003564452,S1890_Blue Woodland B 2013 Limited,System.Administrator
300000003564453,Falcon AD Limited,System.Administrator
300000003564454,Procific,System.Administrator
300000003564455,K2410_Silver Agate C 2013 S.à r.l.,System.Administrator
300000003564456,K2530_Silver Moss C Retail 2014 S.à r.l.,System.Administrator
300000003564457,K2550_Silver Moss C Mixed 2014 S.à r.l.,System.Administrator
300000003564458,K2570_Silver Light B 2014 S.à r.l.,System.Administrator
300000003564459,EA030_Silver Royal C Bureaux 2013 S.A,System.Administrator
300000003564460,EA020_Silver Royal C Commerces 2013 S.A.,System.Administrator
300000003564461,EK310_Silver Arrow B 2007 SARL,System.Administrator
300000003564462,K1010_Tamweelview European Holdings S.A.,System.Administrator
300000003564463,K1130_Tamweelview Listed Securities Holdings S.à r.l.,System.Administrator
300000003564464,K1380_Tamweelview Co-investment I S.à r.l.,System.Administrator
300000003564465,K2980_Silver Bridge C 2020 S.A.R.L,System.Administrator
300000003564466,K2940_Silver Swan C 2018 S.a.r.l.,System.Administrator
300000003564467,K2760_TS Tessuto Holdings Sarl,System.Administrator
300000003564468,K2390_Silver Knight B Antony 2013 S.à r.l.,System.Administrator
300000003564469,LA Holdings (Luxembourg) S.A.,System.Administrator
300000003564470,J1010_Tamweelview S.A.,System.Administrator
300000003564471,K1390_PHR Investments Sarl,System.Administrator
300000003564472,K1510_Silver Arrow B 2007 S.a r.l.,System.Administrator
300000003564473,K1660_THB JV S.à r.l.,System.Administrator
300000003564474,K2960_Silver Opal B 2015 S.à r.l.,System.Administrator
300000003564475,G1010_Longview S.à r.l.,System.Administrator
300000003564476,J1030_TSA Mexican Funds S.à r.l.,System.Administrator
300000003564477,EA010_Silver Royal A 2014 S.A.,System.Administrator
300000003564478,EA040_Silver Royal C Parking 2013 S.A.,System.Administrator
300000003564479,K1540_Silver Etoile C 2007 S.à r.l.,System.Administrator
300000003564480,AM500_Mosaic Beijing Hong Kong Limited,System.Administrator
300000003564482,AM840_Jade Kite A 2013 Limited,System.Administrator
300000003564484,AM900_Jade Fairways B 2015 Limited,System.Administrator
300000003564503,X1120_Jade Field B 2017 Limited,System.Administrator
300000003564507,AM450_Mosaic Qingdao Hong Kong Limited,System.Administrator
300000003564508,AM530_Mosaic Xi'an (HK) Limited,System.Administrator
300000003564509,AM570_Mosaic Chongqing (HK) Limited,System.Administrator
300000003573869,AM950_Rome Hong Kong VIII Limited,System.Administrator
300000003573884,X1090_Abu Dhabi Investment Authority (Hong Kong) Limited,System.Administrator
300000003573953,X1050_Jade Kite Tail ZE 2013 Limited,System.Administrator
300000003569265,X1070_Jade Fairways B 2015 Limited,System.Administrator
300000003569266,X1080_Jade Sword B 2015 Limited,System.Administrator
300000003569267,AM025 - Logos Australian Logistics Venture Trust No. 3,System.Administrator
300000003569324,X1010_Jade Kite A 2013 Limited,System.Administrator
300000003569325,X1020_Jade Kite Wing B 2013 Limited,System.Administrator
300000003569329,GL220 - HDFC Capital Affordable Real Estate Fund - 3,System.Administrator
300000003569346,X1040_Jade Kite String ZD 2013 Limited,System.Administrator
300000003569348,AM870_Jade Kite String ZD 2013 Limited,System.Administrator
300000003569363,AM850_Jade Kite Wing B 2013 Limited,System.Administrator
300000003578156,C2270_World Top Invest Management Company Limited,System.Administrator
300000003578169,AM880_Jade Kite Tail ZE 2013 Limited,System.Administrator
300000003578201,C1730_Hong Kong Rui Zhi Development Limited,System.Administrator
300000003276028,"Nethergate Holdings, LLC",System.Administrator
300000003276056,Black Buffalo B 2014 Inc.,System.Administrator
300000003559698,GL130_HDFC - Rustomjee Group,System.Administrator
300000003559699,GL140_Achole Developers Private Limited,System.Administrator
300000003559700,GL190_Reach Promoters Private Limited,System.Administrator
300000003559701,"C2240_Chengdu Anxin Warehousing Co., Ltd",System.Administrator
300000003559702,"C2340_Prologis (Xi Xian New District) Warehousing Co., Ltd.",System.Administrator
300000003559703,"C2480_Prologis Jinan Warehousing Co., Ltd.",System.Administrator
300000003559704,"C2510_Prologis Luhe (Nanjing) Warehousing Co., Ltd.",System.Administrator
300000003559705,"C2550_Foshan Prologis Hezhi Warehousing Co., Ltd.",System.Administrator
300000003559706,ADIA RE MXN,System.Administrator
300000003559707,ADIA RE HKD,System.Administrator
300000003559708,ADIA RE CNY,System.Administrator
300000003559709,ADIA RE SGD,System.Administrator
300000003559710,ADIA RE INR,System.Administrator
300000003559711,ADIA RE SEK,System.Administrator
300000003559712,ADIA RE GBP,System.Administrator
300000003559713,K2870_BR Properties,System.Administrator
300000003559714,L1170_SCI Berri Washington,System.Administrator
300000003559715,GL050_Total Environment Habitat Private Limited,System.Administrator
300000003559716,"AM480_Shanghai Jihui Property Management Co., Ltd",System.Administrator
300000003559717,"C1700_Prologis Supply Chain Management (Shanghai) Co., Ltd.",System.Administrator
300000003559718,"C2630_Prologis (Zhengzhou) Warehousing Co., Ltd.",System.Administrator
300000003559719,ADIA CORP EUR,System.Administrator
300000003559720,ADIA RE GBP,System.Administrator
300000003559721,ADIA RE_NOK,System.Administrator
300000003559722,J1060_TS-19 Pacticipacoes Ltda.,System.Administrator
300000003559723,L1190_SCI Hoche,System.Administrator
300000003559724,GL040_Kotak India Real Estate Fund - VIII,System.Administrator
300000003276042,Black Jupiter B 2014 LLC,System.Administrator
300000003276070,Black River B 2017 Inc.,System.Administrator
300000003295738,K2330_Silver Knight B Lyon 2013 S.a.r.l.,System.Administrator
300000003295739,K1810_Silver Diamond TEHC24 S.à r.l.,System.Administrator
300000003295740,K1800_Silver Diamond TEHB24 S.à r.l.,System.Administrator
300000003295741,C2310_Viver Taipa Limitada,System.Administrator
300000003295742,J1040_Tamweelview Mexico S de RL de CV,System.Administrator
300000003295743,AM600_GS Netherlands Development BV,System.Administrator
300000003295744,ED050_Orange House ZC 2015 CV,System.Administrator
300000003295745,G1030_Controlview BV,System.Administrator
300000003295746,G1050_Emihash BV,System.Administrator
300000003295747,AM910_GS Netherlands Development BV,System.Administrator
300000003295748,ED040_Orange House B 2015 B.V.,System.Administrator
300000003295749,Chippendale Investment B.V.,System.Administrator
300000003295750,Procific Worldwide Holding BV,System.Administrator
300000003295751,K2780_Mark Tomahawk AS,System.Administrator
300000003295752,K1070_Via XI Febbraio 99/101 Srl,System.Administrator
300000003295753,K1170_Viale Parco de' Medici 61 S.r.l.,System.Administrator
300000003295754,K2750_Porta Nuova Gioia,System.Administrator
300000003295755,K2950_Mistral,System.Administrator
300000003295756,Green Bay B 2013 Limited,System.Administrator
300000003295757,Green Emerald A Trust 2014,System.Administrator
300000003295758,Green Emerald B Trustee 2014 Limited,System.Administrator
300000003295759,Green Lotus A 2015 Trust,System.Administrator
300000003295760,Green Stone A 2014 Trust,System.Administrator
300000003295761,AM030_Taksim Company Limited,System.Administrator
300000003295762,AM110_Platinum HIP B 1983 RSC Limited,System.Administrator
300000003295763,GL080_HDFC Capital Mass-market Housing Debt Separate Account,System.Administrator
300000003295764,GL090_HDFC - Mahindra Lifespace Developers Limited,System.Administrator
300000003295765,GL100_HDFC - Aaditri Construction (Radius),System.Administrator
300000003295766,ADIA RE BRL,System.Administrator
300000003295767,ADIA RE CHF,System.Administrator
300000003295772,Abu Dhabi Investment Authority (Hong Kong) Limited,System.Administrator
300000003564424,S2700_Silver Industrial B Top 2016 S.à r.l.,System.Administrator
300000003564425,"P1020_Lincoln Fullerton Halsted Holdings, LLC",System.Administrator
300000003564426,Q1010_Platinum Blairgowrie A 1984 RSC Limited,System.Administrator
300000003564427,P1010_Platinum Unity Investments A 1996 RSC Limited,System.Administrator
300000003564428,S2960_Platinum Square B 2017 RSC Limited,System.Administrator
300000003564429,S2010_Blue Granite B Edge 2013 Limited,System.Administrator
300000003564430,S2040_Platinum Valley B 2013 RSC Limited,System.Administrator
300000003564431,"Blue Spectrum ZA 2015, L.P.",System.Administrator
300000003564432,Hypodiet Limited,System.Administrator
300000003564433,S2690_Silver Industrial B Bottom 2016 S.à r.l.,System.Administrator
300000003564434,EG015_Blue Tea ZA 2016 LP,System.Administrator
300000003564435,Makdor,System.Administrator
300000003564436,S2640_Blue Streetfront Bottom B 2016 Limited,System.Administrator
300000003564437,S2170_Silver Granite B PropCo4 2014 S.à r.l.,System.Administrator
300000003564438,S1920_Platinum Apple Office B 2013 RSC Limited,System.Administrator
300000003564439,ED015_Platinum Tulip ZA 2015 Limited Partnership,System.Administrator
300000003564440,O1010_Platinum Bravo Holdings A 1998 RSC Limited,System.Administrator
300000003564441,S2620_Blue Streetfront Top B 2016 Limited,System.Administrator
300000003564442,AM930_PLA Retail Fund II Aggregating Vehicle LP,System.Administrator
300000003564443,S2400_Blue Box B Bottom 2 2015,System.Administrator
300000003564444,S1960_Black Apple ZC 2013 Limited Partnership,System.Administrator
300000003564445,GA015_Blue Helix ZA 2015 LP,System.Administrator
300000003564446,S2670_Silver Garage B Top 2016 S.à r.l.,System.Administrator
300000003564447,S2310_Blue Warehouse B Top 2015,System.Administrator
300000003564448,BC020_Maple Circle ZB 2013 Limited Partnership,System.Administrator
300000003276126,Black Rhino ZB 2017 LP,System.Administrator
300000003276140,"Limpart European Holdings, LLC",System.Administrator
300000003276252,AE050_Black Box ZB 4 2015 LP,System.Administrator
300000003276448,"AE190_Big Box REIT F-2, Inc",System.Administrator
300000003276476,AF030_MPH PP Garage Corp,System.Administrator
300000003276504,AG020_Black Streetfront ZB 2016 LP,System.Administrator
300000003276602,AK030_Black Bridge ZB 2018 Limited Partnership,System.Administrator
300000003270089,"AM690_Big Box REIT C, Inc",System.Administrator
300000003270173,Black Alpha Opportunities C 2020 LLC,System.Administrator
300000003270257,EXTRN_External,System.Administrator
300000003270271,GB010_Helix LRES US Holdings,System.Administrator
300000003270411,"N1040_Cherner Investment, LLC",System.Administrator
300000003270425,"N1070_Eastern Investment Management Company, LLC",System.Administrator
300000003270607,"N1330_Emerald Investment Management Company, LLC",System.Administrator
300000003270873,Q1070_Black Slate F 2013 LLC,System.Administrator
300000003270887,Q1080_Black Marble E 2013 LLC,System.Administrator
300000003270929,Q1200_Black Sapphire D Raleigh 2014 LLC,System.Administrator
300000003270943,Q1240_Black Coral B 2014 LLC,System.Administrator
300000003270957,Q1260_Blackstone Islander Principal Transaction Partners,System.Administrator
300000003270971,Q1270_Black Sapphire C Raleigh 2015 Inc.,System.Administrator
300000003602041,"R1030_BRE 5 Holdings, Inc.",System.Administrator
300000003602083,"R1060_Revere WP Holdings, Inc.",System.Administrator
300000003602111,"R1080_Black Apple B Retail 2007, Inc.",System.Administrator
300000003602153,"R1110_Black Woodland B 2007, Inc.",System.Administrator
300000003602265,R1210_Black Shops ZB 2015 LLC,System.Administrator
300000003602405,"R1320_LMP-HHC College Park, LLC",System.Administrator
300000003602489,"S1040_Parkway Hanover Company II, Inc.",System.Administrator
300000003602503,"S1060_Mizner Mall Holdings, Inc.",System.Administrator
300000003602531,S1080_Mizner Park Venture,System.Administrator
300000003276112,Black Rhino B 2017 Inc.,System.Administrator
300000003276196,AA040_US Industrial REIT II,System.Administrator
300000003276280,AE070_Black Box ZB 6 2015 LP,System.Administrator
300000003276490,AF040_MPH PP Garage LP (for efront only),System.Administrator
300000003276560,"AI040_MPLD, LLC (for efront only)",System.Administrator
300000003276574,AJ020_Black Mile ZB 2016 Limited Partnership,System.Administrator
300000003276672,AM130_Reading Residential Properties Ltd,System.Administrator
300000003270187,EK260_St. George's Investment Company,System.Administrator
300000003270201,EK270_Goodwill Nominees Ltd,System.Administrator
300000003270327,K1680_HT Brazil Fund III L.P.,System.Administrator
300000003270495,"N1210_Chandon Investment Company, LLC",System.Administrator
300000003270803,"N1670_CVM Holdings II, LLC",System.Administrator
300000003270831,Black Credit ZC 2006 LLC,System.Administrator
300000003270901,Q1130_Black Sapphire C Settlers Ridge 2014 Inc.,System.Administrator
300000003270985,Q1280_Black Pumice ZC 2015 LLC,System.Administrator
300000003602013,Q1300_Black Pumice E 2015 LLC,System.Administrator
300000003602069,"R1050_CI7 Feeder, LLC",System.Administrator
300000003602545,"S1090_Mizner Residential Holdings, Inc.",System.Administrator
300000003602573,"S1130_Pacific Tech Property, Inc.",System.Administrator
300000003602713,"S1290_HHC High Street, Inc.",System.Administrator
300000003602811,S1410_One Federal Junior Mezz LP,System.Administrator
300000003602923,"S1530_HHC Lion Hotels, Inc.",System.Administrator
300000003606007,"S1600_HHC 1177 Investment, Inc.",System.Administrator
300000003606091,"S1720_Henley LS Pref, Inc.",System.Administrator
300000003606161,"S1780_HHC HA Investments II, Inc.",System.Administrator
300000003606175,"S1790_HHC HA TRS, Inc",System.Administrator
300000003606189,"S1800_Parkside Residential, L.P.",System.Administrator
300000003606273,"S1980_1050 Page Mill Road, LLC",System.Administrator
300000003606413,"S2180_Columbus Office REIT II, Inc",System.Administrator
300000003276378,"AE140_Big Box REIT A, Inc",System.Administrator
300000003276420,"AE170_Big Box REIT D, Inc",System.Administrator
300000003276616,AL020_Black Union ZB 2016 Limited Partnership,System.Administrator
300000003276686,"AM610_MPLD II, LP",System.Administrator
300000003270131,AM720_US Industrial REIT II,System.Administrator
300000003270159,AS010_ADIA Project Watson Company,System.Administrator
300000003270229,EK300_The Oracle Limited Partnership,System.Administrator
300000003270243,EK320_Fizzy Enterprises LLP,System.Administrator
300000003270369,K2770_GP Capital Partners VI LP,System.Administrator
300000003270649,"N1400_Command Investment Company, Inc.",System.Administrator
300000003602055,"R1040_CI7 Holdings, Inc.",System.Administrator
300000003602237,R1190_Black Apple C 2013 Limited Partnership,System.Administrator
300000003602293,R1230_H Columbus Circle JV TRS LLC,System.Administrator
300000003602671,S1240_Noma JV LP,System.Administrator
300000003602699,S1260_TS Noma LP,System.Administrator
300000003602755,"S1320_TS Boston Core Holdings, L.P.",System.Administrator
300000003602783,S1350_Black Riverside B Rental 4 2006 Inc.,System.Administrator
300000003602825,S1420_125 High Street Junior Mezz LP,System.Administrator
300000003602853,"S1440_HHC District Holdings, Inc.",System.Administrator
300000003602881,S1460_Black Riverside B Condo 2007 Inc.,System.Administrator
300000003602937,"S1540_HHC Lion Hotels II, Inc.",System.Administrator
300000003606063,"S1690_HQ Hotel TRS, LLC",System.Administrator
300000003606105,"S1740_950 Page Mill, LLC",System.Administrator
300000003606119,S1750_HHC TS REIT LLC,System.Administrator
300000003606217,S1820_HHC TS REIT Parent LLC,System.Administrator
300000003606259,"S1970_Main Street Cupertino, LLC",System.Administrator
300000003606371,S2130_RCB3 JV LLC,System.Administrator
300000003606427,S2190_Hanover-SRP LLC,System.Administrator
300000003606553,S2300_Black Pearl B 2015 Inc.,System.Administrator
300000003276266,AE060_Black Box ZB 5 2015 LP,System.Administrator
300000003276294,AE080_Black Box ZB 7 2015 LP,System.Administrator
300000003276308,AE090_Black Box ZB 8 2015 LP,System.Administrator
300000003276322,AE100_Black Box ZB 9 2015 LP,System.Administrator
300000003276392,"AE150_Big Box REIT B, Inc",System.Administrator
300000003276462,AF020_Black Garage ZB 2016 LP,System.Administrator
300000003276532,AI020_Black Industrial ZB 2016 Limited Partnership,System.Administrator
300000003276588,AK020_Black Bridge ZB 2016 Limited Partnership,System.Administrator
300000003276700,"AM640_Big Box Core REIT I, Inc",System.Administrator
300000003270117,"AM710_Big Box REIT E, Inc",System.Administrator
300000003270145,AP030_Platinum Wolverine B 2020 RSC Limited,System.Administrator
300000003270313,"J1050_Project Patio Scots JV, LLP",System.Administrator
300000003270397,"N1030_Real Estate Operations, Inc.",System.Administrator
300000003270481,"N1200_Mullen Management Company, LLC",System.Administrator
300000003270509,"N1220_Crabtree Investment Company, LLC",System.Administrator
300000003270523,N1230_CVM Associates Limited Partnership,System.Administrator
300000003270551,"N1260_Champion Investment Company, LLC",System.Administrator
300000003270663,"N1430_Cherry Investment Company, Inc.",System.Administrator
300000003270677,"N1480_Merin Management Company, LLC",System.Administrator
300000003270705,N1510_Parkway Phase I LLC,System.Administrator
300000003270775,N1650_Black Credit ZC 2006 LLC,System.Administrator
300000003270817,N1680_CVM Associates Limited Partnership,System.Administrator
300000003270859,Q1060_Black Diamond BGWB14 Inc.,System.Administrator
300000003270915,Q1170_Black Sapphire C Parsippany 2014 Inc,System.Administrator
300000003270999,Q1290_Black Pumice D 2015 LLC,System.Administrator
300000003602181,R1130_Black Pumice B 2007 Inc.,System.Administrator
300000003602209,"R1160_Black Page Mill B 2007, Inc.",System.Administrator
300000003602377,"R1290_2020-2030 M Street Holdings, L.P",System.Administrator
300000003276182,AA030_Black Warehouse ZB 2014 Limited Partnership,System.Administrator
300000003276336,"AE110_Big Box Core REIT I, Inc",System.Administrator
300000003273850,ADIA CORP USD,System.Administrator
300000003270033,"AM650_Big Box Core REIT II, Inc",System.Administrator
300000003270383,K2970_HT Brazil Fund IV LP,System.Administrator
300000003270467,"N1170_Chadison Investment Company, LLC",System.Administrator
300000003270593,N1300_City Center Associates,System.Administrator
300000003270761,N1640_330 Madison Company LLC,System.Administrator
300000003270789,"N1660_CVM Holdings, LLC",System.Administrator
300000003270845,Q1050_HHC TS TRS LLC,System.Administrator
300000003602097,"R1070_Black Apple B Hotel 2007, Inc.",System.Administrator
300000003602195,"R1140_Revere CB5, LLC",System.Administrator
300000003602349,"R1270_LCD HHC, LLC - Series C AC Hotel Gainesville",System.Administrator
300000003602391,"R1310_LCD-HHC III, LLC- Series A- Standard at State College",System.Administrator
300000003602419,"R1330_LCD-HHC III, LLC - Series A - Standard at Seattle",System.Administrator
300000003602447,R1350_LCD HHC II - Series A - Mark at Gainesville,System.Administrator
300000003602475,REIDT_ADIA Real Estate Department Total,System.Administrator
300000003602517,"S1070_Mizner Office Holdings, Inc.",System.Administrator
300000003602587,S1140_Black Riverside B Rental 2007 Inc.,System.Administrator
300000003602685,"S1250_Tishman Speyer Noma JV GP Parent, LLC",System.Administrator
300000003602769,S1340_Black Riverside B Rental 3 2006 Inc.,System.Administrator
300000003602797,"S1400_HHC/MS Investments, Inc.",System.Administrator
300000003602839,"S1430_HHC 1211 Investments, Inc.",System.Administrator
300000003602965,"S1560_Lion ES Hotels II, LLC",System.Administrator
300000003602979,"S1570_HHC Island Gardens I, Inc.",System.Administrator
300000003606231,"S1860_2000 McKinney Investment, L.P.",System.Administrator
300000003606245,"S1910_H&H REIT Holdings, LLC",System.Administrator
300000003606315,S2060_RCB1 JV LLC,System.Administrator
300000003276084,"Black Cod B 2017, LLC",System.Administrator
300000003276168,A1021_Oracle Shopping Center Limited,System.Administrator
300000003276434,"AE180_Big Box REIT E, Inc",System.Administrator
300000003276546,AI030_MP Logistics Development REIT,System.Administrator
300000003276630,AL030_Black Hawk ZB 2018 Limited Partnership,System.Administrator
300000003276644,AM100_Lanesborough Management Limited,System.Administrator
300000003276658,AM120_Readingview Nominees Limited,System.Administrator
300000003270047,"AM660_Big Box Core REIT III, Inc",System.Administrator
300000003270215,EK280_Brookmight Limited,System.Administrator
300000003270285,GC010_Silver Holdings,System.Administrator
300000003270341,K2020_Rose Diamond D Leicester 2005 Ltd,System.Administrator
300000003270355,K2500_Fizzy Enterprises LLP,System.Administrator
300000003270453,"N1130_Anchorage Property, LLC",System.Administrator
300000003270747,N1630_Woodland Park JV LLC,System.Administrator
300000003602027,"R1020_ARE 5 Holdings, Inc.",System.Administrator
300000003602125,"R1090_Black Apple B Multi-Family 2007, Inc.",System.Administrator
300000003602167,R1120_Black Moto B 2007 Inc.,System.Administrator
300000003602307,"R1240_Columbus Sponsorship, LLC",System.Administrator
300000003602601,"S1160_MRH Properties, LLC",System.Administrator
300000003602615,"S1180_East Harbor Property, Inc.",System.Administrator
300000003602629,"S1200_CB Real Estate IV Fund, Inc.",System.Administrator
300000003602643,"S1220_HHC Noma I, Inc.",System.Administrator
300000003602727,"S1300_HHC One Federal, Inc.",System.Administrator
300000003606035,"S1670_WCC Hotel, LLC",System.Administrator
300000003606077,S1710_HHC TS LP,System.Administrator
300000003606147,"S1770_HHC HA Investments I, Inc.",System.Administrator
300000003606287,S2030_Black Circle B 2013 Inc.,System.Administrator
300000003606329,"S2070_Vallco JV, LLC",System.Administrator
300000003606343,"S2080_Ares Strategic Real Estate Program - HHC, LLC",System.Administrator
300000003276154,Provender Investments Inc.,System.Administrator
300000003276210,AE020_Black Box ZB 1 2015 LP,System.Administrator
300000003276224,AE030_Black Box ZB 2 2015 LP,System.Administrator
300000003276518,"AG030_Project GMR 71 Fifth Avenue REIT I, Inc",System.Administrator
300000003273864,ADIA RE USD,System.Administrator
300000003270075,"AM680_Big Box REIT B, Inc",System.Administrator
300000003270103,"AM700_Big Box REIT D, Inc",System.Administrator
300000003270299,GD020_BDS HHC IV LP,System.Administrator
300000003270537,"N1240_Chalice Investment Company, LLC",System.Administrator
300000003270565,"N1270_Smith Haven Center Associates, LLC",System.Administrator
300000003270635,N1370_Chartwell Investment Company,System.Administrator
300000003270691,N1500_Parkway Hanover Company LLC,System.Administrator
300000003602251,R1200_Black Valley C 2013 LLC,System.Administrator
300000003602363,R1280_Black Triangle ZB 2016 LLC,System.Administrator
300000003602433,"R1340_LCD-HHC III, LLC - Series A - Standard at Ann Arbor",System.Administrator
300000003602559,"S1120_Washington Property, Inc.",System.Administrator
300000003602657,S1230_HHC Noma Holdings LLC,System.Administrator
300000003602867,S1450_Parkway Phase II LLC,System.Administrator
300000003602951,"S1550_Henley Lion Hotel Group, LLC",System.Administrator
300000003606049,"S1680_HQ Hotel, LLC",System.Administrator
300000003606133,"S1760_HHC SW Investments, Inc.",System.Administrator
300000003606301,S2050_Black Valley C Iguana 2013 LLC,System.Administrator
300000003606357,S2120_Black Riverside B Condo 3 2014 Inc.,System.Administrator
300000003606385,S2140_Black Riverside B Condo 4 2014 Inc.,System.Administrator
300000003606399,S2150_RCB4 JV LLC,System.Administrator
300000003606441,"S2200_MSP JV, LLC (Market Street Place)",System.Administrator
300000003606469,S2220_Black Marble ZD REIT 2014 INC.,System.Administrator
300000003606483,S2230_Black Marble F TRS 2014 LLC,System.Administrator
300000003606497,S2250_Black Slate ZC 2014 LLC,System.Administrator
300000003276098,"Black Trout B 2017, LLC",System.Administrator
300000003276238,AE040_Black Box ZB 3 2015 LP,System.Administrator
300000003276350,"AE120_Big Box Core REIT II, Inc",System.Administrator
300000003276364,"AE130_Big Box Core REIT III, Inc",System.Administrator
300000003276406,"AE160_Big Box REIT C, Inc",System.Administrator
300000003270061,"AM670_Big Box REIT A, Inc",System.Administrator
300000003270439,"N1120_Anchorage Holdings, L.P.",System.Administrator
300000003270579,"N1290_Emaar Investment Management Company, LLC",System.Administrator
300000003270621,N1340_Westlake Tower Associates,System.Administrator
300000003270719,N1530_CI6 Feeder LLC,System.Administrator
300000003270733,N1620_Woodland Park Property Owner LLC,System.Administrator
300000003602139,"R1100_Black Apple B Office 2007, Inc.",System.Administrator
300000003602223,"R1180_Revere BCSPV Holdings, Inc.",System.Administrator
300000003602279,R1220_H Columbus Circle JV LLC,System.Administrator
300000003602321,"R1250_Columbus Centre Garage, LLC",System.Administrator
300000003602335,"R1260_Columbus Centre Retail, LLC",System.Administrator
300000003602461,"R1360_LCD-HHC III, LLC - Series A - Standard at Philadelphia",System.Administrator
300000003602741,S1310_Henley US Holdings One LLC,System.Administrator
300000003602895,"S1490_HHC McKinney Investments, Inc.",System.Administrator
300000003602909,"S1510_HHC Amber Oaks I, Inc.",System.Administrator
300000003602993,"S1580_HHC Anaheim Investments I, Inc.",System.Administrator
300000003606021,"S1660_D.C. Area Portfolio Upper Tier JV, L.P.",System.Administrator
300000003606203,"S1810_Star/West Retail Fund, L.P.",System.Administrator
300000003606455,S2210_Black Marble ZC 2014 LLC,System.Administrator
300000003606511,S2260_Black Slate ZD REIT 2015 Inc.,System.Administrator
300000003606525,S2270_Black Slate ZE 2014 LLC,System.Administrator
300000003606539,S2290_Black Slate G TRS 2014 LLC,System.Administrator
300000003606567,"S2320_LCD HHC, LLC - Series A The Retreat at Gainesville",System.Administrator
300000003606637,S2490_1201 F Street L.L.C. (REIT),System.Administrator
300000003606651,"S2500_1717 Pennsylvania Avenue Holdings GP, L.L.C.",System.Administrator
300000003606707,S2540_Commonwealth Tower L.L.C. (REIT),System.Administrator
300000003606763,"S2580_Reston Crossing Junior Mezz (Level III) GP, L.L.C.",System.Administrator
300000003606847,S2740_Black Moto ZC 2016 Limited Partnership,System.Administrator
300000003611015,"S2950_Woodland Park Property Owner A, LLC",System.Administrator
300000003611099,"S3060_JRH Properties II, LLC",System.Administrator
300000003611113,"S3080_Enclave Apartments Property, LLC",System.Administrator
300000003611127,S3100_Fairfax Square LLC,System.Administrator
300000003611141,"S3120_WP REIT, LLC",System.Administrator
300000003611169,"S3150_Main Street Cupertino Office Property, LLC",System.Administrator
300000003611211,"S3180_Main Street Cupertino Hotel Property, LLC",System.Administrator
300000003611351,S3280_St. James Associates Joint Venture LLC,System.Administrator
300000003611421,"U1010_Decadal Holdings, LLC",System.Administrator
300000003273921,"R1390 - LCD-HHC Berkeley II REIT, LLC",System.Administrator
300000003615436,"S3330 - Rockpoint Industrial Investment Holdings - AIV, L.P.",System.Administrator
300000003615450,"S3340 - LCD-HHC VA, LLC",System.Administrator
300000003615492,"S3370 - LCD-HHC VA Knoxville, LLC",System.Administrator
300000004265032,RED _ Real Estate Department,System.Administrator
300000004264031,ADIA Lab RSC Limited,Shyam.Matlakunta@adia.ae
300000005117238,"S3380_LCD-HHC VA Kennesaw, LLC",Frederic.Rodriguez@adia.ae
300000005117252,"R1410_LCD-HHC V,LLC - Series A - Exposition Point - Los Angeles",Frederic.Rodriguez@adia.ae
300000005117280,"R1420_The Mark at Seattle, LLC",Frederic.Rodriguez@adia.ae
300000007226949,ED070_Orange House II B 2022 B.V.,Shyam.Matlakunta@adia.ae
300000008703472,K3000_Territoria Santa Rosa SPA,Shyam.Matlakunta@adia.ae
300000008703510,Use Later,Shyam.Matlakunta@adia.ae
300000009588700,AP050_Platinum Trojan C 2023 RSC Limited,Shyam.Matlakunta@adia.ae
300000009588812,GC011_Silver Holdings USD,Shyam.Matlakunta@adia.ae
300000003606581,S2330_Steep Slope LLC,System.Administrator
300000003606721,"S2550_International Square Holdings GP, L.L.C.",System.Administrator
300000003606777,"S2590_One Rock Spring Plaza Junior Mezz (Level III) GP,",System.Administrator
300000003606861,"S2770_Project GMR 71 Fifth Avenue REIT II, Inc",System.Administrator
300000003606889,"S2790_LCD HHC, LLC - Series D The Standard at Raleigh",System.Administrator
300000003606959,"S2840_LCD HHC, LLC Series A - Standard at Gainesville",System.Administrator
300000003611057,S2990_Congressional Square Holdings L.L.C.,System.Administrator
300000003611253,"S3210_LCD HHC II, LLC - Series A - Standard Coral Gables",System.Administrator
300000003611379,S3300_Fairfax Square Partners LLC,System.Administrator
300000007226906,"R1440_LCD HHC V, LLC – Series A – Mark at Berkeley",Shyam.Matlakunta@adia.ae
300000009588798,S3460_Platinum Steep Slope C 2023 RSC Limited,Shyam.Matlakunta@adia.ae
300000010481818,"R1460_The Mark at Philadelphia,LLC",AshishDenas.Hansjee@adia.ae
300000010540592,Platinum Peony B 2023 RSC Limited,Shyam.Matlakunta@adia.ae
300000020341774,Q1320_Black Harbor C 2023 LLC,AshishDenas.Hansjee@adia.ae
300000029006064,Platinum Lily B 2024 RSC Limited,Shyam.Matlakunta@adia.ae
300000037242134,Black Chip C 2024 LLC,Raghav.Mittal@adia.ae
300000038072684,Henley Holding Company,Raghav.Mittal@adia.ae
300000038072768,Blue Tulip ZA 2015 Limited Partnership,Raghav.Mittal@adia.ae
300000039559487,Platinum Willow B 2024 RSC Limited,Raghav.Mittal@adia.ae
300000039559923,R1660_Black Wolf D 2024 LLC,Raghav.Mittal@adia.ae
300000039559937,AM165_Platinum RPI Uxbridge B 2024 RSC,Raghav.Mittal@adia.ae
300000046529988,"S3490_LCD-HHC VA Clemson, LLC",Raghav.Mittal@adia.ae
300000049669671,Platinum Hyacinth C 2023 RSC Limited,Raghav.Mittal@adia.ae
300000053447294,Platinum Carnation B 2025 RSC Limited,Raghav.Mittal@adia.ae
300000003606623,"S2480_LCD HHC, LLC - Series B The Standard at Berkeley",System.Administrator
300000003606665,"S2510_1730 Pennsylvania Avenue Holdings GP, L.L.C.",System.Administrator
300000003606749,"S2570_Presidential Plaza Holdings GP, L.L.C.",System.Administrator
300000003606819,"S2660_Big Box F-1 GP, Inc",System.Administrator
300000003606875,S2780_RDS HHC LP,System.Administrator
300000003611001,"S2940_607 Hansen, LLC",System.Administrator
300000003611239,S3200_BDS HHC III LP,System.Administrator
300000003611463,Z1110_MPH-1 Melrose Corp.,System.Administrator
300000003273879,JV999-External JV partner,System.Administrator
300000003615464,"S3350 - LCD-HHC VA REIT, LLC",System.Administrator
300000003615591,"Tayside Securities, LLC",System.Administrator
300000005117294,"R1430_LMP LA Property Owner, LLC",Frederic.Rodriguez@adia.ae
300000005852510,"Black Carp C 2022, LLC",Shyam.Matlakunta@adia.ae
300000007226920,"S3400_LCD - HHC VA Orlando, LLC",Shyam.Matlakunta@adia.ae
300000007226934,ED060_Orange House C 2022 B.V.,Shyam.Matlakunta@adia.ae
300000008703524,K3010_Silver Fawn C 2023 S.à r.l.,Shyam.Matlakunta@adia.ae
300000009588770,S3440_Platinum HPE C 2023 RSC Limited,Shyam.Matlakunta@adia.ae
300000010481790,"S3470_LCD-HHC VA BR, LLC",AshishDenas.Hansjee@adia.ae
300000017213596,Platinum Kestrel A 2023 RSC Limited,Shyam.Matlakunta@adia.ae
300000026381843,AM125_Platinum Bulldog B 2023 RSC Limited,Shyam.Matlakunta@adia.ae
300000027211540,"AM105_LCD-HHC VA, Athens LLC",Shyam.Matlakunta@adia.ae
300000027211554,AM135_Teak Blossom C FME 2023 IFSC Private Limited,Shyam.Matlakunta@adia.ae
300000029006036,Black Lulu Asset Sale Blocker C 2023 Inc,Shyam.Matlakunta@adia.ae
300000029006050,Black Lulu ManCo Blocker C 2023 Inc,Shyam.Matlakunta@adia.ae
300000029945139,Platinum Poppy C 2024 RSC Limited,Shyam.Matlakunta@adia.ae
300000031577140,"R1590_LCD-HHC III, LLC (Series A)",Shyam.Matlakunta@adia.ae
300000031577186,"R1620_LCD-HHC II, LLC (Series A)",Shyam.Matlakunta@adia.ae
300000031577285,R1510_Platinum LCD I-B Holdings C 2024 RSC Limited,Shyam.Matlakunta@adia.ae
300000003606595,"S2350_HHC Co Dev, LLC - Stonefire",System.Administrator
300000003606693,"S2530_1775 Pennsylvania Avenue Holdings GP, L.L.C.",System.Administrator
300000003606735,"S2560_1655 N . Fort Myer, L.L.C. (REIT)",System.Administrator
300000003606833,S2710_Black Industrial B 2016 Inc.,System.Administrator
300000003606945,"S2830_LCD HHC, LLC Series A - The Metropolitan",System.Administrator
300000003611071,S3010_Orchard Fullerton Venture LLC,System.Administrator
300000003611155,"S3140_3000 Hanover JV, LLC",System.Administrator
300000003611183,"S3160_Main Street Cupertino Retail Property, LLC",System.Administrator
300000003611197,"S3170_Main Street Cupertino Multi-family Property, LLC",System.Administrator
300000003611225,S3190_Main Street Cupertino Center Association,System.Administrator
300000003611267,"S3220_El Paseo JV, LLC",System.Administrator
300000003611295,S3240_Four Corners JV LLC,System.Administrator
300000003611407,S3320_Platinum Granite B GP 2020 RSC Limited,System.Administrator
300000003611435,Z1030_MPH-1 Bellevue Corp.,System.Administrator
300000003611449,Z1100_MPH Pacific Place Corp.,System.Administrator
300000003273907,"R1380 - LCD - HHC IV, LLC - Series A",System.Administrator
300000003615562,Black Lemur C 2022 Inc.,System.Administrator
300000005117266,S3390_Related BEAL Life Sciences Development LLC,Frederic.Rodriguez@adia.ae
300000005852496,"Black Bream C 2022, LLC",Shyam.Matlakunta@adia.ae
300000008937677,Abu Dhabi Investment Authority (ADIA) - OPEX,System.Administrator
300000020100220,Black Rosewood D 2023 LLC,Shyam.Matlakunta@adia.ae
300000020341825,R1470_Platinum Cavalry B 2023 RSC Limited,AshishDenas.Hansjee@adia.ae
300000020341867,AM095_Pearl Spring Holding ZC 2022 Trust,AshishDenas.Hansjee@adia.ae
300000027211569,AM145_Teak Jasmine C Trustee 2023 IFSC Private Limited,Shyam.Matlakunta@adia.ae
300000029945173,Platinum Aster B 2024 RSC Limited,Shyam.Matlakunta@adia.ae
300000031577172,"R1610_LCD-HHC II, LLC (All Series)",Shyam.Matlakunta@adia.ae
300000031577200,"R1630_LCD-HHC II, LLC (Series C)",Shyam.Matlakunta@adia.ae
300000031577243,"R1650_LCD-HHC Chestnut II, LLC",Shyam.Matlakunta@adia.ae
300000003606791,"S2610_Tishman Speyer DC Real Estate Services, Inc.",System.Administrator
300000003606917,"S2810_LCD HHC II, LLC - Series A - Station at State College",System.Administrator
300000003606973,"S2850_LCD HHC II, LLC Series B - Standard at Tampa",System.Administrator
300000003611043,"S2980_Congressional Square JV II, L.P.",System.Administrator
300000003611085,"S3050_JRH Properties I, LLC",System.Administrator
300000003611337,"S3270_Walnut Property, LLC",System.Administrator
300000003273893,"R1370 - The Standard at Eugene, LLC",System.Administrator
300000003615478,"S3360 - LCD-HHC VA Corvallis, LLC",System.Administrator
300000005571136,K2990_Silver Sky D 2022 S.à r.l,Shyam.Matlakunta@adia.ae
300000008703552,"R1450_The Standard at Dinkytown,LLC",Shyam.Matlakunta@adia.ae
300000008862134,Maple Gem ZB 2016 Limited Partnership,Shyam.Matlakunta@adia.ae
300000008886517,Black Finch ZB 2021 LLC,Shyam.Matlakunta@adia.ae
300000009588658,AM065_Platinum RP Industrial B 2023 RSC Limited,Shyam.Matlakunta@adia.ae
300000009588742,S3420_Platinum 1050 PM C 2023 RSC Limited,Shyam.Matlakunta@adia.ae
300000009588784,S3450_Platinum Paseo C 2023 RSC Limited,Shyam.Matlakunta@adia.ae
300000031577156,"R1600_LCD-HHC, LLC (Series A)",Shyam.Matlakunta@adia.ae
300000031577215,"R1640_LCD-HHC II, LLC (Series B)",Shyam.Matlakunta@adia.ae
300000031577229,"R1480_LCD-HHC Boulder, LLC",Shyam.Matlakunta@adia.ae
300000031577271,R1500_Platinum LCD I-A Holdings C 2024 RSC Limited,Shyam.Matlakunta@adia.ae
300000031577299,R1520_Platinum LCD I-D Holdings C 2024 RSC Limited,Shyam.Matlakunta@adia.ae
300000031577341,R1550_Platinum LCD II-B Holdings C 2024 RSC Limited,Shyam.Matlakunta@adia.ae
300000031577386,L1015_Imfra propco,Shyam.Matlakunta@adia.ae
300000031577400,L1025_Roseview Propco,Shyam.Matlakunta@adia.ae
300000035655560,Platinum Daisy B 2024 RSC Limited,Shyam.Matlakunta@adia.ae
300000037433628,Platinum Navigator A 2024 RSC Ltd,Raghav.Mittal@adia.ae
300000038072698,Blue River A 2013 Limited,Raghav.Mittal@adia.ae
300000038072726,Platinum Acacia ZA 2019 Limited Partnership,Raghav.Mittal@adia.ae
300000003606609,S2360_Ninth and Lenora JV LLC,System.Administrator
300000003606679,"S2520_1747 Pennsylvania Avenue Holdings GP, L.L.C.",System.Administrator
300000003606805,"S2650_LCD HHC II, LLC - Series B - Standard at College Station",System.Administrator
300000003606931,"S2820_HHC Co-Dev Atlanta, LLC - The Mark at Atlanta",System.Administrator
300000003611029,S2970_Black Square ZC 2017 LLC,System.Administrator
300000003611281,"S3230_233 Geary Street, LLC",System.Administrator
300000003611323,"S3260_Woodland JV, LLC",System.Administrator
300000003611393,S3310_Fairfax Square Parking LLC,System.Administrator
300000003615506,GL170_Aadarshini Real Estate Developers,System.Administrator
300000003615534,ADIAX_Abu Dhabi Investment Authority,System.Administrator
300000003615548,Silver Simian C 2022 S.a r.l.,System.Administrator
300000003615577,Black Silverback ZC 2022 Limited Partnership,System.Administrator
300000005117224,R1400_LCD-HHC V LLC,Frederic.Rodriguez@adia.ae
300000007226963,ED080_Orange House II ZC 2022 CV,Shyam.Matlakunta@adia.ae
300000008703538,"K3020_Coral Holdings D 2023, S.L.U.",Shyam.Matlakunta@adia.ae
300000009129985,Silver Holdings USD Entity,Shyam.Matlakunta@adia.ae
300000009588672,AM075_Platinum RB B 2023 RSC Limited,Shyam.Matlakunta@adia.ae
300000009588686,AP040_Platinum Gopher C 2023 RSC Limited,Shyam.Matlakunta@adia.ae
300000009588756,S3430_Platinum Hanover C 2023 RSC Limited,Shyam.Matlakunta@adia.ae
300000009588826,ADIAY_Abu Dhabi Investment Authority,Shyam.Matlakunta@adia.ae
300000010481804,"S3480_LCD-HHC VA Baton Rouge REIT, LLC",AshishDenas.Hansjee@adia.ae
300000020341808,AP060_Platinum Bear C 2023 RSC Limited,AshishDenas.Hansjee@adia.ae
300000022967110,Platinum Moon B 2017 RSC Limited,Shyam.Matlakunta@adia.ae
300000029945158,Platinum Bird C 2024 RSC Limited,Shyam.Matlakunta@adia.ae
300000031577313,R1530_Platinum LCD I-E Holdings C 2024 RSC Limited,Shyam.Matlakunta@adia.ae
300000035356850,Black Hook C 2024 LLC,Shyam.Matlakunta@adia.ae
300000036472140,Black Alpha Direct C 2024 LLC,Raghav.Mittal@adia.ae
300000003606903,"S2800_LCD HHC, LLC-Series E Standard at Charlottesville",System.Administrator
300000003606987,"S2860_LCD HHC II, LLC Series B - The Station at Alafaya",System.Administrator
300000003611309,S3250_Black McKinney B 2013 LLC,System.Administrator
300000003611365,"S3290_Jacksonville Enclave Apartments, L.P.",System.Administrator
300000003611477,ZZZZZ_Share Capital and Premium IC counterparty,System.Administrator
300000003615520,"Tannadice Investments, LLC",System.Administrator
300000009588644,AM055_Platinum Tiger B 2023 RSC Limited,Shyam.Matlakunta@adia.ae
300000009588714,Q1310_Platinum Marble C 2023 RSC Limited,Shyam.Matlakunta@adia.ae
300000009588728,S3410_Platinum 950 PM C 2023 RSC Limited,Shyam.Matlakunta@adia.ae
300000020341839,AM085_Platinum RPI Pompano B 2023 RSC Limited,AshishDenas.Hansjee@adia.ae
300000020341853,EK330_Fizzy Development LLP,AshishDenas.Hansjee@adia.ae
300000031577126,"R1580_LCD-HHC III, LLC (All Series)",Shyam.Matlakunta@adia.ae
300000031577257,R1490_Platinum Co-Dev Holdings C 2024 RSC Limited,Shyam.Matlakunta@adia.ae
300000031577327,R1540_Platinum LCD II-A Holdings C 2024 RSC Limited,Shyam.Matlakunta@adia.ae
300000031577357,R1560_Platinum LCD II-C Holdings C 2024 RSC Limited,Shyam.Matlakunta@adia.ae
300000031577372,R1570_Platinum LCD III-A Holdings C 2024 RSC Limited,Shyam.Matlakunta@adia.ae
300000036934425,AM155_Platinum Hyacinth C 2023 RSC Limited,Raghav.Mittal@adia.ae
300000038072712,Blue Toucan ZA 2016 LP,Raghav.Mittal@adia.ae
300000038072740,Bravo Holdings Limited,Raghav.Mittal@adia.ae
300000038072754,Platinum Sands A 2019 RSC Limited,Raghav.Mittal@adia.ae
300000038072782,Green Mango ZA 2018,Raghav.Mittal@adia.ae
300000038072796,Platinum Valley A 2014 Trust,Raghav.Mittal@adia.ae
300000038072810,Platinum Illumination A 2018 Trust,Raghav.Mittal@adia.ae
300000038072824,Platinum Light A 2014 Trust,Raghav.Mittal@adia.ae
300000038072838,Unity Investments,Raghav.Mittal@adia.ae
300000038072852,Blue Riverside A 2009 Limited,Raghav.Mittal@adia.ae
300000038254041,ADIA CORP CNY,Raghav.Mittal@adia.ae
300000038509430,Maple Navigator ZB 2024 Limited Partnership,Raghav.Mittal@adia.ae
