FIRST_PTY_ORG_ID,APPLICATION_ID,EVENT_CLASS_CODE,ALLOW_MANUAL_LINES_FLAG,PROCESS_FOR_APPLICABILITY_FLAG,TRX_TAX_WHT_APPLICABILITY_FLAG,ENABLED_FLAG,TAX_AUTH_INV_CREATION_POINT,WHT_CALC_POINT_FLAG
300000003548832,200,STANDARD INVOICES,Y,Y,,Y,,
300000003578748,200,STANDARD INVOICES,Y,Y,,Y,,
300000003577688,200,STANDARD INVOICES,Y,Y,,Y,,
300000003578746,200,STANDARD INVOICES,Y,Y,,Y,,
300000003577687,200,STANDARD INVOICES,Y,Y,,Y,,
300000003577690,200,STANDARD INVOICES,Y,Y,,Y,,
300000003578751,200,STANDARD INVOICES,Y,Y,,Y,,
300000003548830,200,STANDARD INVOICES,Y,Y,,Y,,
300000008889710,200,STANDARD INVOICES,Y,Y,,Y,,
300000003578741,200,STANDARD INVOICES,Y,Y,,N,,
300000003548827,200,STANDARD INVOICES,Y,Y,,Y,,
300000003578743,200,STANDARD INVOICES,Y,Y,,Y,,
300000003548826,200,STANDARD INVOICES,Y,Y,,Y,,
300000003578741,200,STANDARD INVOICES,Y,Y,,Y,,
300000003548831,200,STANDARD INVOICES,Y,Y,,Y,,
300000003578745,200,STANDARD INVOICES,Y,Y,,Y,,
300000003548828,200,STANDARD INVOICES,Y,Y,,Y,,
300000003578742,200,STANDARD INVOICES,Y,Y,,Y,,
300000003578744,200,STANDARD INVOICES,Y,Y,,Y,,
300000003578749,200,STANDARD INVOICES,Y,Y,,Y,,
300000003578747,200,STANDARD INVOICES,Y,Y,,Y,,
300000039607536,200,STANDARD INVOICES,Y,Y,,Y,,
300000003548829,200,STANDARD INVOICES,Y,Y,,Y,,
300000003548833,200,STANDARD INVOICES,Y,Y,,Y,,
300000003578752,200,STANDARD INVOICES,Y,Y,,Y,,
300000003578750,200,STANDARD INVOICES,Y,Y,,Y,,
300000003577689,200,STANDARD INVOICES,Y,Y,,Y,,
