CONTENT_OWNER_ID,TAX_RATE_NAME,PERCENTAGE_RATE,RATE_TYPE_CODE,EFFECTIVE_FROM,EFFECTIVE_TO,TAX_RATE_CODE
-99,,0,PERCENTAGE,2010-01-01T00:00:00.000+00:00,null,ADIA RECOVERABLE TAX
-99,,0,RECOVERY,2010-01-01T00:00:00.000+00:00,null,ADAI TAX REC@0
-99,,100,RECOVERY,2018-01-01T00:00:00.000+00:00,null,UAE STANDARD RECOVERY
-99,,100,RECOVERY,2018-01-01T00:00:00.000+00:00,null,UAE OFFSET RECOVERY
-99,,100,RECOVERY,2010-01-01T00:00:00.000+00:00,null,ADIA TAX RECOVERY
-99,,-5,PERCENTAGE,2018-01-01T00:00:00.000+00:00,null,VAT REVERSE CHARGE LIAB
-99,,5,PERCENTAGE,2018-01-01T00:00:00.000+00:00,null,VAT RECOVERABLE REVERSE CHG
-99,,100,RECOVERY,2018-01-01T00:00:00.000+00:00,null,UAE RECOVERABLE REV CHG
-99,,0,PERCENTAGE,2010-01-01T00:00:00.000+00:00,null,ADIA RECOVERABLE TAX
-99,,0,PERCENTAGE,2010-01-01T00:00:00.000+00:00,null,ADIA EXPENSES TAX
-99,,0,PERCENTAGE,2018-01-01T00:00:00.000+00:00,null,VAT 0%
-99,,5,PERCENTAGE,2018-01-01T00:00:00.000+00:00,null,VAT STANDARD RATE
-99,,0,RECOVERY,2018-01-01T00:00:00.000+00:00,null,UAE NON-RECOVERY
-99,,0,PERCENTAGE,2018-01-01T00:00:00.000+00:00,null,VAT EXEMPT
