CONTENT_OWNER_ID,EFFECTIVE_FROM,EFFECTIVE_TO,ENABLED_FLAG,TAX_RULE_CODE
-99,2010-01-01T00:00:00.000+00:00,null,Y,ADIA-POS-RULE
-99,2018-01-01T00:00:00.000+00:00,null,Y,ACCOUNT_LINKED_0%
-99,2018-01-01T00:00:00.000+00:00,null,Y,NON-RECOVERABLE INVENTORY
-99,2018-01-01T00:00:00.000+00:00,null,Y,REVERSE CHARGE
-99,2018-01-01T00:00:00.000+00:00,null,Y,EXEMPT GL CODES
-99,2018-01-01T00:00:00.000+00:00,null,Y,INVENTORY LINKED 0%
-99,2018-01-01T00:00:00.000+00:00,null,Y,NON-RECOVERABLE GL ACCOUNTS
-99,2018-01-01T00:00:00.000+00:00,null,Y,REVERSE CHARGE
-99,2018-01-01T00:00:00.000+00:00,null,Y,INVENTORY LINKED EXEMPT
