HOLD_LOOKUP_CODE,HOLD_TYPE,CREATED_BY
AMOUNT,INVOICE HOLD REASON,SEED_DATA_FROM_APPLICATION
AMOUNT LOWERED,INVOICE RELEASE REASON,SEED_DATA_FROM_APPLICATION
APPROVED,INVOICE RELEASE REASON,SEED_DATA_FROM_APPLICATION
AWT ERROR,INVOICE HOLD REASON,SEED_DATA_FROM_APPLICATION
AWT OK,INVOICE RELEASE REASON,SEED_DATA_FROM_APPLICATION
Amount Approved,INVOICE RELEASE REASON,SEED_DATA_FROM_APPLICATION
ORA_AP_DUP_INV_CANCELED,INVOICE RELEASE REASON,SEED_DATA_FROM_APPLICATION
CANCEL,INVOICE HOLD REASON,SEED_DATA_FROM_APPLICATION
Exp. Report - Need a bill,INVOICE HOLD REASON,SEED_DATA_FROM_APPLICATION
Exp. Report-Received bill,INVOICE RELEASE REASON,SEED_DATA_FROM_APPLICATION
ORA_DUPLICATE_INVOICE,INVOICE HOLD REASON,SEED_DATA_FROM_APPLICATION
INCOMPLETE INV HOLD RLSED,INVOICE RELEASE REASON,SEED_DATA_FROM_APPLICATION
INCOMPLETE INVOICE,INVOICE HOLD REASON,SEED_DATA_FROM_APPLICATION
INVALID PO,INVOICE HOLD REASON,SEED_DATA_FROM_APPLICATION
NATURAL ACCOUNT TAX,INVOICE HOLD REASON,SEED_DATA_FROM_APPLICATION
NATURAL ACCOUNT TAX OK,INVOICE RELEASE REASON,SEED_DATA_FROM_APPLICATION
ORA_NO TAX ON RECEIPT,INVOICE HOLD REASON,SEED_DATA_FROM_APPLICATION
New Invoice,INVOICE HOLD REASON,SEED_DATA_FROM_APPLICATION
ORA_VERIFIED_DUP_INV,INVOICE RELEASE REASON,SEED_DATA_FROM_APPLICATION
SUP/MGR Hold,INVOICE HOLD REASON,SEED_DATA_FROM_APPLICATION
SUP/MGR Release,INVOICE RELEASE REASON,SEED_DATA_FROM_APPLICATION
VENDOR,INVOICE HOLD REASON,SEED_DATA_FROM_APPLICATION
VENDOR UPDATED,INVOICE RELEASE REASON,SEED_DATA_FROM_APPLICATION
SLO - PO Not Required,INVOICE RELEASE REASON,andy.pang@sierra-cedar.com
ORA_FV_ACCOUNTING_HOLD,INVOICE HOLD REASON,SEED_DATA_FROM_APPLICATION
ORA_FV_EXPIRED_TAS_HOLD,INVOICE HOLD REASON,SEED_DATA_FROM_APPLICATION
ORA_FV_PREPAYMENT_HOLD,INVOICE HOLD REASON,SEED_DATA_FROM_APPLICATION
ORA_FV_RELEASE_REASON,INVOICE RELEASE REASON,SEED_DATA_FROM_APPLICATION
ORA_FV_TAS_BETC_HOLD,INVOICE HOLD REASON,SEED_DATA_FROM_APPLICATION
ORA_AP_BANK_ACK_RJCT,INVOICE HOLD REASON,SEED_DATA_FROM_APPLICATION
ORA_AP_BANK_ACK_RJCT_REL,INVOICE RELEASE REASON,SEED_DATA_FROM_APPLICATION
ORA_AP_DUP_INV_RESOLVED,INVOICE RELEASE REASON,SEED_DATA_FROM_APPLICATION
ORA_TAX_INV_NOT_EXISTS,INVOICE HOLD REASON,SEED_DATA_FROM_APPLICATION
ORA_TAX_INV_NUM_EXISTS,INVOICE RELEASE REASON,SEED_DATA_FROM_APPLICATION
ORA_JE_TRN_EXISTS,INVOICE RELEASE REASON,SEED_DATA_FROM_APPLICATION
ORA_JE_TRN_MISSING,INVOICE HOLD REASON,SEED_DATA_FROM_APPLICATION
