PAYMENT_PROFILE_ID,TEMPLATE_NAME,PAYMENT_METHOD_CODE,TEMPLATE_ID,BANK_ACCOUNT_ID,PAYMENT_DOCUMENT_ID,PAY_GROUP_OPTION,CURRENCY_GROUP_OPTION,OU_GROUP_OPTION,LE_GROUP_OPTION,SOURCE_GROUP_OPTION,ZERO_AMOUNTS_ALLOWED,PAYABLES_REVIEW_SETTINGS,PAYMENTS_REVIEW_SETTINGS,CREATE_INSTRS_FLAG,CREATED_BY
300000006178750,Employee Check Run,CHECK,300000006114091,300000006111757,,SPECIFY,ALL,ALL,ALL,ALL,Y,Y,Y,N,andy.pang@sierra-cedar.com
300000006178755,Zero Dollar Checks - Internal,CHECK,300000006114093,300000006111762,300000006111763,ALL,ALL,ALL,ALL,ALL,Y,N,Y,Y,andy.pang@sierra-cedar.com
300000006178750,Regular Check Runs,CHECK,300000006114088,300000006111757,300000006842252,ALL,ALL,ALL,ALL,ALL,Y,Y,Y,N,andy.pang@sierra-cedar.com
300000006178761,Payroll Wires,WIRE,300000092057667,300000006111757,300000006178758,ALL,ALL,ALL,ALL,ALL,,N,Y,N,tkawaguc@slocity.org
