ORG_ID,TAX_ENTITY_ID,BALANCING_SEGMENT_VALUE,CREATED_BY
300000001480013,300000006178772,101,andy.pang@sierra-cedar.com
300000001480013,300000006178772,201,andy.pang@sierra-cedar.com
300000001480013,300000006178772,202,andy.pang@sierra-cedar.com
300000001480013,300000006178772,203,andy.pang@sierra-cedar.com
300000001480013,300000006178772,204,andy.pang@sierra-cedar.com
300000001480013,300000006178772,205,andy.pang@sierra-cedar.com
300000001480013,300000006178772,206,andy.pang@sierra-cedar.com
300000001480013,300000006178772,207,andy.pang@sierra-cedar.com
300000001480013,300000006178772,208,andy.pang@sierra-cedar.com
300000001480013,300000006178772,209,andy.pang@sierra-cedar.com
300000001480013,300000006178772,210,andy.pang@sierra-cedar.com
300000001480013,300000006178772,211,andy.pang@sierra-cedar.com
300000001480013,300000006178772,401,andy.pang@sierra-cedar.com
300000001480013,300000006178772,402,andy.pang@sierra-cedar.com
300000001480013,300000006178772,403,andy.pang@sierra-cedar.com
300000001480013,300000006178772,404,andy.pang@sierra-cedar.com
300000001480013,300000006178772,405,andy.pang@sierra-cedar.com
300000001480013,300000006178772,501,andy.pang@sierra-cedar.com
300000001480013,300000006178772,502,andy.pang@sierra-cedar.com
300000001480013,300000006178772,503,andy.pang@sierra-cedar.com
300000001480013,300000006178772,504,andy.pang@sierra-cedar.com
300000001480013,300000006178772,505,andy.pang@sierra-cedar.com
300000001480013,300000006178772,506,andy.pang@sierra-cedar.com
300000001480013,300000006178772,507,andy.pang@sierra-cedar.com
300000001480013,300000006178772,601,andy.pang@sierra-cedar.com
300000001480013,300000006178772,602,andy.pang@sierra-cedar.com
300000001480013,300000006178772,611,andy.pang@sierra-cedar.com
300000001480013,300000006178772,621,andy.pang@sierra-cedar.com
300000001480013,300000006178772,701,andy.pang@sierra-cedar.com
300000001480013,300000006178772,705,andy.pang@sierra-cedar.com
300000001480013,300000006178772,710,andy.pang@sierra-cedar.com
300000001480013,300000006178772,711,andy.pang@sierra-cedar.com
300000001480013,300000006178772,712,andy.pang@sierra-cedar.com
300000001480013,300000006178772,713,andy.pang@sierra-cedar.com
300000001480013,300000006178772,714,andy.pang@sierra-cedar.com
300000001480013,300000006178772,715,andy.pang@sierra-cedar.com
300000001480013,300000006178772,716,andy.pang@sierra-cedar.com
300000001480013,300000006178772,801,andy.pang@sierra-cedar.com
300000001480013,300000006178772,802,andy.pang@sierra-cedar.com
