SET_ID,TERM_ID,CREATED_BY
0,10001,SEED_DATA_FROM_APPLICATION
0,10014,SEED_DATA_FROM_APPLICATION
0,10134,SEED_DATA_FROM_APPLICATION
0,10135,SEED_DATA_FROM_APPLICATION
0,10136,SEED_DATA_FROM_APPLICATION
0,10137,SEED_DATA_FROM_APPLICATION
0,10175,SEED_DATA_FROM_APPLICATION
300000001480014,10014,raju.jampana@sierra-cedar.com
300000001480014,10175,raju.jampana@sierra-cedar.com
300000001480014,10001,raju.jampana@sierra-cedar.com
300000001480014,10137,raju.jampana@sierra-cedar.com
300000001480014,300000105362569,dmalicoa@slocity.org
300000001480014,10134,raju.jampana@sierra-cedar.com
300000001480014,10135,raju.jampana@sierra-cedar.com
300000001480014,300000105362573,dmalicoa@slocity.org
300000001480014,10136,raju.jampana@sierra-cedar.com
