PAYMENT_DOCUMENT_ID,PAYMENT_DOCUMENT_NAME,INTERNAL_BANK_ACCOUNT_ID,FORMAT_CODE,PAPER_STOCK_TYPE,PAYMENT_DOC_CATEGORY,FIRST_AVAILABLE_DOCUMENT_NUM,CREATED_BY
300000006842252,SLO AP Checks,300000006111757,XXSLO_IBY_PAY_CHK_STANDARD_2A,PRENUMBERED,,352941,andy.pang@sierra-cedar.com
300000006178758,SLO Wire,300000006111757,IBY_PAY_CHK_STANDARD_1A,BLANK,WIRE PAY,100001,andy.pang@sierra-cedar.com
300000157956709,SLO AP Emergency Checks,300000006111757,XXSLO_IBY_PAY_CHK_STANDARD_2A,PRENUMBERED,,100001,dmalicoa@slocity.org
300000006111763,Internal Checks,300000006111762,IBY_PAY_CHK_STANDARD_2A,PRENUMBERED,,1001,andy.pang@sierra-cedar.com
