TRANSACTION_CODE_ID,TRX_CODE,CREATED_BY,TRX_TYPE
300000006937297,301,andy.pang@sierra-cedar.com,MSC
300000006937302,397,andy.pang@sierra-cedar.com,MSC
300000006937306,475,andy.pang@sierra-cedar.com,CHK
300000006937308,555,andy.pang@sierra-cedar.com,MSC
300000006937309,699,andy.pang@sierra-cedar.com,MSC
300000007129816,123,andy.pang@sierra-cedar.com,MSC
300000007129820,143,andy.pang@sierra-cedar.com,MSC
300000007129822,145,andy.pang@sierra-cedar.com,MSC
300000007129828,171,andy.pang@sierra-cedar.com,MSC
300000007129847,221,andy.pang@sierra-cedar.com,MSC
300000007129851,227,andy.pang@sierra-cedar.com,MSC
300000007129854,233,andy.pang@sierra-cedar.com,MSC
300000007129858,236,andy.pang@sierra-cedar.com,MSC
300000007129863,242,andy.pang@sierra-cedar.com,MSC
300000007129877,268,andy.pang@sierra-cedar.com,MSC
300000007129896,351,andy.pang@sierra-cedar.com,MSC
300000007129902,367,andy.pang@sierra-cedar.com,MSC
300000007129904,369,andy.pang@sierra-cedar.com,MSC
300000007129914,383,andy.pang@sierra-cedar.com,MSC
300000007129921,392,andy.pang@sierra-cedar.com,MSC
300000007129924,395,andy.pang@sierra-cedar.com,MSC
300000007129928,415,andy.pang@sierra-cedar.com,MSC
300000007129930,422,andy.pang@sierra-cedar.com,MSC
300000007129931,423,andy.pang@sierra-cedar.com,MSC
300000007129941,464,andy.pang@sierra-cedar.com,MSC
300000007129946,477,andy.pang@sierra-cedar.com,MSC
300000007129947,479,andy.pang@sierra-cedar.com,MSC
300000007129957,501,andy.pang@sierra-cedar.com,MSC
300000007129960,508,andy.pang@sierra-cedar.com,MSC
300000007129974,538,andy.pang@sierra-cedar.com,MSC
300000007129977,542,andy.pang@sierra-cedar.com,MSC
300000007129989,561,andy.pang@sierra-cedar.com,MSC
300000007129996,575,andy.pang@sierra-cedar.com,MSC
300000007129999,581,andy.pang@sierra-cedar.com,MSC
300000007130000,595,andy.pang@sierra-cedar.com,MSC
300000007130001,597,andy.pang@sierra-cedar.com,MSC
300000007130002,616,andy.pang@sierra-cedar.com,MSC
300000007130003,622,andy.pang@sierra-cedar.com,MSC
300000007130004,627,andy.pang@sierra-cedar.com,MSC
300000007130005,631,andy.pang@sierra-cedar.com,MSC
300000007130007,633,andy.pang@sierra-cedar.com,MSC
300000007130008,634,andy.pang@sierra-cedar.com,MSC
300000007130009,641,andy.pang@sierra-cedar.com,MSC
300000007130010,644,andy.pang@sierra-cedar.com,MSC
300000006937292,174,andy.pang@sierra-cedar.com,MSC
300000006937298,353,andy.pang@sierra-cedar.com,MSC
300000006937305,468,andy.pang@sierra-cedar.com,MSC
300000006937310,698,andy.pang@sierra-cedar.com,BKF
300000007127990,399,andy.pang@sierra-cedar.com,MSC
300000007129810,108,andy.pang@sierra-cedar.com,MSC
300000007129819,142,andy.pang@sierra-cedar.com,MSC
300000007129827,168,andy.pang@sierra-cedar.com,MSC
300000007129829,172,andy.pang@sierra-cedar.com,MSC
300000007129837,201,andy.pang@sierra-cedar.com,MSC
300000007129838,202,andy.pang@sierra-cedar.com,MSC
300000007129839,206,andy.pang@sierra-cedar.com,MSC
300000007129841,212,andy.pang@sierra-cedar.com,MSC
300000007129845,216,andy.pang@sierra-cedar.com,MSC
300000007129848,222,andy.pang@sierra-cedar.com,MSC
300000007129866,246,andy.pang@sierra-cedar.com,MSC
300000007129869,249,andy.pang@sierra-cedar.com,MSC
300000007129870,252,andy.pang@sierra-cedar.com,MSC
300000007129872,257,andy.pang@sierra-cedar.com,MSC
300000007129886,306,andy.pang@sierra-cedar.com,MSC
300000007129891,345,andy.pang@sierra-cedar.com,MSC
300000007129892,346,andy.pang@sierra-cedar.com,MSC
300000007129894,348,andy.pang@sierra-cedar.com,MSC
300000007129905,372,andy.pang@sierra-cedar.com,MSC
300000007129909,377,andy.pang@sierra-cedar.com,MSC
300000007129915,384,andy.pang@sierra-cedar.com,MSC
300000007129917,386,andy.pang@sierra-cedar.com,MSC
300000007129918,387,andy.pang@sierra-cedar.com,MSC
300000007129920,391,andy.pang@sierra-cedar.com,MSC
300000007129942,469,andy.pang@sierra-cedar.com,MSC
300000007129943,472,andy.pang@sierra-cedar.com,MSC
300000007129954,493,andy.pang@sierra-cedar.com,MSC
300000007129962,513,andy.pang@sierra-cedar.com,MSC
300000007129963,514,andy.pang@sierra-cedar.com,MSC
300000007129964,516,andy.pang@sierra-cedar.com,MSC
300000007129968,526,andy.pang@sierra-cedar.com,MSC
300000007129973,535,andy.pang@sierra-cedar.com,MSC
300000007129975,540,andy.pang@sierra-cedar.com,MSC
300000007129976,541,andy.pang@sierra-cedar.com,MSC
300000007129981,547,andy.pang@sierra-cedar.com,MSC
300000007129984,552,andy.pang@sierra-cedar.com,MSC
300000007129990,563,andy.pang@sierra-cedar.com,MSC
300000007129991,564,andy.pang@sierra-cedar.com,MSC
300000006937289,165,andy.pang@sierra-cedar.com,ACH
300000006937293,175,andy.pang@sierra-cedar.com,MSC
300000006937294,187,andy.pang@sierra-cedar.com,MSC
300000006937299,354,andy.pang@sierra-cedar.com,MSC
300000006937300,357,andy.pang@sierra-cedar.com,MSC
300000006937301,366,andy.pang@sierra-cedar.com,MSC
300000006937304,466,andy.pang@sierra-cedar.com,ACH
300000006937307,495,andy.pang@sierra-cedar.com,EFT
300000006937312,629,andy.pang@sierra-cedar.com,MSC
300000007129811,116,andy.pang@sierra-cedar.com,MSC
300000007129823,147,andy.pang@sierra-cedar.com,MSC
300000007129824,155,andy.pang@sierra-cedar.com,MSC
300000007129833,189,andy.pang@sierra-cedar.com,MSC
300000007129836,198,andy.pang@sierra-cedar.com,MSC
300000007129843,213,andy.pang@sierra-cedar.com,MSC
300000007129849,224,andy.pang@sierra-cedar.com,MSC
300000007129850,226,andy.pang@sierra-cedar.com,MSC
300000007129857,235,andy.pang@sierra-cedar.com,MSC
300000007129860,238,andy.pang@sierra-cedar.com,MSC
300000007129867,247,andy.pang@sierra-cedar.com,MSC
300000007129875,263,andy.pang@sierra-cedar.com,MSC
300000007129881,277,andy.pang@sierra-cedar.com,MSC
300000007129882,278,andy.pang@sierra-cedar.com,MSC
300000007129883,281,andy.pang@sierra-cedar.com,MSC
300000007129887,308,andy.pang@sierra-cedar.com,MSC
300000007129889,342,andy.pang@sierra-cedar.com,MSC
300000007129890,344,andy.pang@sierra-cedar.com,MSC
300000007129893,347,andy.pang@sierra-cedar.com,MSC
300000007129900,363,andy.pang@sierra-cedar.com,MSC
300000007129901,364,andy.pang@sierra-cedar.com,MSC
300000007129907,374,andy.pang@sierra-cedar.com,MSC
300000007129908,376,andy.pang@sierra-cedar.com,MSC
300000007129923,394,andy.pang@sierra-cedar.com,MSC
300000007129932,435,andy.pang@sierra-cedar.com,MSC
300000007129944,474,andy.pang@sierra-cedar.com,MSC
300000007129950,485,andy.pang@sierra-cedar.com,MSC
300000007129951,487,andy.pang@sierra-cedar.com,MSC
300000007129952,489,andy.pang@sierra-cedar.com,MSC
300000007129953,491,andy.pang@sierra-cedar.com,MSC
300000007129956,498,andy.pang@sierra-cedar.com,MSC
300000007129958,502,andy.pang@sierra-cedar.com,MSC
300000007129959,506,andy.pang@sierra-cedar.com,MSC
300000007129965,518,andy.pang@sierra-cedar.com,MSC
300000007129966,522,andy.pang@sierra-cedar.com,MSC
300000006937288,115,andy.pang@sierra-cedar.com,LBX
300000006937290,166,andy.pang@sierra-cedar.com,ACH
300000006937291,169,andy.pang@sierra-cedar.com,ACH
300000006937296,254,andy.pang@sierra-cedar.com,MSC
300000007129814,121,andy.pang@sierra-cedar.com,MSC
300000007129815,122,andy.pang@sierra-cedar.com,MSC
300000007129831,176,andy.pang@sierra-cedar.com,MSC
300000007129834,191,andy.pang@sierra-cedar.com,MSC
300000007129852,229,andy.pang@sierra-cedar.com,MSC
300000007129859,237,andy.pang@sierra-cedar.com,MSC
300000007129861,240,andy.pang@sierra-cedar.com,MSC
300000007129862,241,andy.pang@sierra-cedar.com,MSC
300000007129865,244,andy.pang@sierra-cedar.com,MSC
300000007129874,261,andy.pang@sierra-cedar.com,MSC
300000007129878,274,andy.pang@sierra-cedar.com,MSC
300000007129879,275,andy.pang@sierra-cedar.com,MSC
300000007129880,276,andy.pang@sierra-cedar.com,MSC
300000007129888,331,andy.pang@sierra-cedar.com,MSC
300000007129897,358,andy.pang@sierra-cedar.com,MSC
300000007129898,359,andy.pang@sierra-cedar.com,MSC
300000007129899,362,andy.pang@sierra-cedar.com,MSC
300000007129903,368,andy.pang@sierra-cedar.com,MSC
300000007129906,373,andy.pang@sierra-cedar.com,MSC
300000007129910,378,andy.pang@sierra-cedar.com,MSC
300000007129911,379,andy.pang@sierra-cedar.com,MSC
300000007129922,393,andy.pang@sierra-cedar.com,MSC
300000007129926,408,andy.pang@sierra-cedar.com,MSC
300000007129933,445,andy.pang@sierra-cedar.com,MSC
300000007129934,447,andy.pang@sierra-cedar.com,MSC
300000007129936,452,andy.pang@sierra-cedar.com,MSC
300000007129940,462,andy.pang@sierra-cedar.com,MSC
300000007129945,476,andy.pang@sierra-cedar.com,MSC
300000007129948,481,andy.pang@sierra-cedar.com,MSC
300000007129949,484,andy.pang@sierra-cedar.com,MSC
300000007129961,512,andy.pang@sierra-cedar.com,MSC
300000007129967,524,andy.pang@sierra-cedar.com,MSC
300000007129969,527,andy.pang@sierra-cedar.com,MSC
300000007129971,531,andy.pang@sierra-cedar.com,MSC
300000007129979,544,andy.pang@sierra-cedar.com,MSC
300000007129982,548,andy.pang@sierra-cedar.com,MSC
300000007129987,557,andy.pang@sierra-cedar.com,MSC
300000007129988,558,andy.pang@sierra-cedar.com,MSC
300000007129992,566,andy.pang@sierra-cedar.com,MSC
300000006937295,195,andy.pang@sierra-cedar.com,ACH
300000006937303,455,andy.pang@sierra-cedar.com,ACH
300000006937311,695,andy.pang@sierra-cedar.com,MSC
300000007129812,118,andy.pang@sierra-cedar.com,MSC
300000007129817,135,andy.pang@sierra-cedar.com,MSC
300000007129818,136,andy.pang@sierra-cedar.com,MSC
300000007129825,156,andy.pang@sierra-cedar.com,MSC
300000007129826,164,andy.pang@sierra-cedar.com,MSC
300000007129830,173,andy.pang@sierra-cedar.com,MSC
300000007129832,184,andy.pang@sierra-cedar.com,MSC
300000007129835,196,andy.pang@sierra-cedar.com,MSC
300000007129840,208,andy.pang@sierra-cedar.com,MSC
300000007129844,214,andy.pang@sierra-cedar.com,MSC
300000007129846,218,andy.pang@sierra-cedar.com,MSC
300000007129853,232,andy.pang@sierra-cedar.com,MSC
300000007129856,234,andy.pang@sierra-cedar.com,MSC
300000007129864,243,andy.pang@sierra-cedar.com,MSC
300000007129868,248,andy.pang@sierra-cedar.com,MSC
300000007129871,255,andy.pang@sierra-cedar.com,MSC
300000007129873,258,andy.pang@sierra-cedar.com,MSC
300000007129876,266,andy.pang@sierra-cedar.com,MSC
300000007129884,286,andy.pang@sierra-cedar.com,MSC
300000007129885,295,andy.pang@sierra-cedar.com,MSC
300000007129895,349,andy.pang@sierra-cedar.com,MSC
300000007129912,381,andy.pang@sierra-cedar.com,MSC
300000007129913,382,andy.pang@sierra-cedar.com,MSC
300000007129919,388,andy.pang@sierra-cedar.com,MSC
300000007129925,398,andy.pang@sierra-cedar.com,MSC
300000007129927,409,andy.pang@sierra-cedar.com,MSC
300000007129929,421,andy.pang@sierra-cedar.com,MSC
300000007129935,451,andy.pang@sierra-cedar.com,MSC
300000007129955,496,andy.pang@sierra-cedar.com,MSC
300000007129970,529,andy.pang@sierra-cedar.com,MSC
300000007129972,533,andy.pang@sierra-cedar.com,MSC
300000007129978,543,andy.pang@sierra-cedar.com,MSC
300000007129980,546,andy.pang@sierra-cedar.com,MSC
300000007129983,549,andy.pang@sierra-cedar.com,MSC
300000007129985,554,andy.pang@sierra-cedar.com,MSC
300000007129993,567,andy.pang@sierra-cedar.com,MSC
300000007129994,568,andy.pang@sierra-cedar.com,MSC
300000007129995,574,andy.pang@sierra-cedar.com,MSC
300000007129997,577,andy.pang@sierra-cedar.com,MSC
300000007129998,578,andy.pang@sierra-cedar.com,MSC
300000007130023,667,andy.pang@sierra-cedar.com,MSC
300000007130024,668,andy.pang@sierra-cedar.com,MSC
300000007130046,697,andy.pang@sierra-cedar.com,MSC
300000007130047,721,andy.pang@sierra-cedar.com,MSC
300000007130051,725,andy.pang@sierra-cedar.com,MSC
300000007130011,651,andy.pang@sierra-cedar.com,MSC
300000007130034,682,andy.pang@sierra-cedar.com,MSC
300000007130012,654,andy.pang@sierra-cedar.com,MSC
300000007130013,656,andy.pang@sierra-cedar.com,MSC
300000007130037,684,andy.pang@sierra-cedar.com,MSC
300000007130049,723,andy.pang@sierra-cedar.com,MSC
300000007130018,662,andy.pang@sierra-cedar.com,MSC
300000007130027,673,andy.pang@sierra-cedar.com,MSC
300000007130028,674,andy.pang@sierra-cedar.com,MSC
300000007130029,676,andy.pang@sierra-cedar.com,MSC
300000007130030,677,andy.pang@sierra-cedar.com,MSC
300000007130031,678,andy.pang@sierra-cedar.com,MSC
300000007130015,658,andy.pang@sierra-cedar.com,MSC
300000007130016,659,andy.pang@sierra-cedar.com,MSC
300000007130019,663,andy.pang@sierra-cedar.com,MSC
300000007130022,666,andy.pang@sierra-cedar.com,MSC
300000007130036,683,andy.pang@sierra-cedar.com,MSC
300000007130040,688,andy.pang@sierra-cedar.com,MSC
300000007130041,691,andy.pang@sierra-cedar.com,MSC
300000007130042,692,andy.pang@sierra-cedar.com,MSC
300000007130052,726,andy.pang@sierra-cedar.com,MSC
300000134760811,ZZZ,tkawaguc@slocity.org,ZBA
300000151502105,158,tkawaguc@slocity.org,ACH
300000007130014,657,andy.pang@sierra-cedar.com,MSC
300000007130032,679,andy.pang@sierra-cedar.com,MSC
300000007130033,681,andy.pang@sierra-cedar.com,MSC
300000007130053,727,andy.pang@sierra-cedar.com,MSC
300000007130054,728,andy.pang@sierra-cedar.com,MSC
300000007130020,664,andy.pang@sierra-cedar.com,MSC
300000007130043,693,andy.pang@sierra-cedar.com,MSC
300000007130044,694,andy.pang@sierra-cedar.com,MSC
300000007130045,696,andy.pang@sierra-cedar.com,MSC
300000007130048,722,andy.pang@sierra-cedar.com,MSC
300000007130017,661,andy.pang@sierra-cedar.com,MSC
300000007130025,669,andy.pang@sierra-cedar.com,MSC
300000007130026,672,andy.pang@sierra-cedar.com,MSC
300000007130038,686,andy.pang@sierra-cedar.com,MSC
300000007130039,687,andy.pang@sierra-cedar.com,MSC
300000007130050,724,andy.pang@sierra-cedar.com,MSC
