ID_FLEX_NUM,CONCATENATED_SEGMENT_DELIMITER,APPLICATION_ID,ENABLED_FLAG,CREATED_BY
1017,.,401,Y,SEED_DATA_FROM_APPLICATION
1013,-,10455,Y,SEED_DATA_FROM_APPLICATION
1014,-,10455,Y,SEED_DATA_FROM_APPLICATION
1015,-,10455,Y,SEED_DATA_FROM_APPLICATION
1016,-,10455,Y,SEED_DATA_FROM_APPLICATION
1,.,800,Y,SEED_DATA_FROM_APPLICATION
1001,-,707,Y,SEED_DATA_FROM_APPLICATION
1002,-,707,Y,SEED_DATA_FROM_APPLICATION
1003,-,707,Y,SEED_DATA_FROM_APPLICATION
1004,-,707,Y,SEED_DATA_FROM_APPLICATION
1005,-,707,Y,SEED_DATA_FROM_APPLICATION
1006,-,707,Y,SEED_DATA_FROM_APPLICATION
1007,-,707,Y,SEED_DATA_FROM_APPLICATION
1008,-,707,Y,SEED_DATA_FROM_APPLICATION
1009,-,707,Y,SEED_DATA_FROM_APPLICATION
1010,-,707,Y,SEED_DATA_FROM_APPLICATION
1011,-,707,Y,SEED_DATA_FROM_APPLICATION
1012,-,707,Y,SEED_DATA_FROM_APPLICATION
3001,.,101,Y,andy.pang@sierra-cedar.com
4001,.,140,Y,andy.pang@sierra-cedar.com
7002,-,10052,Y,andy.pang@sierra-cedar.com
7003,-,10052,Y,aferreir@slocity.org
7004,-,10052,Y,aferreir@slocity.org
6001,-,10052,Y,andy.pang@sierra-cedar.com
25055,-,10052,Y,egeddes@slocity.org
25056,-,10052,Y,egeddes@slocity.org
5001,.,140,Y,andy.pang@sierra-cedar.com
5002,.,140,Y,andy.pang@sierra-cedar.com
11061,-,707,Y,SEED_DATA_FROM_APPLICATION
11064,-,707,Y,SEED_DATA_FROM_APPLICATION
11065,-,707,Y,SEED_DATA_FROM_APPLICATION
11071,-,707,Y,SEED_DATA_FROM_APPLICATION
11072,-,707,Y,SEED_DATA_FROM_APPLICATION
11074,-,707,Y,SEED_DATA_FROM_APPLICATION
11075,-,707,Y,SEED_DATA_FROM_APPLICATION
11076,-,707,Y,SEED_DATA_FROM_APPLICATION
8038,.,801,Y,tina.tenorio@sierra-cedar.com
18055,-,10052,Y,tkawaguc@slocity.org
