LOOKUP_TYPE,MEANING,VIEW_APPLICATION_ID,CREATED_BY
ORA_IMG_RECOG_REPORT_FORMAT,Image Recognition Rate Report Format,200,SEED_DATA_FROM_APPLICATION
INVOICE DETAIL,Invoice Actions,200,SEED_DATA_FROM_APPLICATION
AP_TAX_ROUNDING_RULE,Tax Rounding Rule,200,SEED_DATA_FROM_APPLICATION
AP_WFAPPROVAL_CONTEXT,Workflow Approval Context,200,SEED_DATA_FROM_APPLICATION
AP_WFAPPROVAL_STATUS,Approval Status,200,SEED_DATA_FROM_APPLICATION
ATTENTION,Attention,200,SEED_DATA_FROM_APPLICATION
AWT CERTIFICATE TYPES,Automatic Withholding Tax Certificate Type,200,SEED_DATA_FROM_APPLICATION
AWT ERROR,Automatic Withholding Tax Errors,200,SEED_DATA_FROM_APPLICATION
AWT FLAG,Automatic Withholding Tax Indicator,200,SEED_DATA_FROM_APPLICATION
AWT RATE TYPES,Automatic Withholding Tax Rate Type,200,SEED_DATA_FROM_APPLICATION
AWT TIME,Automatic Withholding Tax Time,200,SEED_DATA_FROM_APPLICATION
AWT_YES_NO,Use Automatic Withholding Tax Option,200,SEED_DATA_FROM_APPLICATION
BANK ACCOUNT OPTIONS,Bank Account Navigation Options,200,SEED_DATA_FROM_APPLICATION
BANK BRANCH TYPE,Bank Branch Type,200,SEED_DATA_FROM_APPLICATION
LINE_FIELD,Invoice Line Attributes,200,SEED_DATA_FROM_APPLICATION
LINE_YES_NO,Yes or No,200,SEED_DATA_FROM_APPLICATION
LITERAL,Literal,200,SEED_DATA_FROM_APPLICATION
LOOKUP TYPE,Miscellaneous Invoice Attribute Information,200,SEED_DATA_FROM_APPLICATION
MAIL_LABEL_ATTN_MESSAGE,Supplier Mailing Label Attention Message,200,SEED_DATA_FROM_APPLICATION
MAIL_LABEL_PRINT_STYLE,Supplier Mailing Label Print Style,200,SEED_DATA_FROM_APPLICATION
MANUAL VENDOR NUMBER,Manual Supplier Number,200,SEED_DATA_FROM_APPLICATION
MATCHING BASIS,Matching Basis,200,SEED_DATA_FROM_APPLICATION
MATCHING REPORT OPTION,Matching Report Option,200,SEED_DATA_FROM_APPLICATION
COMPANY DERIVATION,Payee Name Source,200,SEED_DATA_FROM_APPLICATION
CONC_PROCESS_ACCTG,Accounting Options,200,SEED_DATA_FROM_APPLICATION
CORRECTION OPTION,Correction Option,200,SEED_DATA_FROM_APPLICATION
CREATE_INSTRS_FLAG,Payment Instruction Creation Program Setting,200,SEED_DATA_FROM_APPLICATION
CREDIT DIST MATCH,Distribution Level Match Option,200,SEED_DATA_FROM_APPLICATION
CREDIT MATCH,Credit Match Option,200,SEED_DATA_FROM_APPLICATION
DATATYPE,Data Type,200,SEED_DATA_FROM_APPLICATION
DATE MASK,Date Mask,200,SEED_DATA_FROM_APPLICATION
DATE RANGE,Date Range,200,SEED_DATA_FROM_APPLICATION
DESC_OR_APPR,Description or Approval,200,SEED_DATA_FROM_APPLICATION
DISBURSEMENT TYPE,Disbursement Type,200,SEED_DATA_FROM_APPLICATION
DISCOUNT_DIST_OPTIONS,Discount Distribution Options,200,SEED_DATA_FROM_APPLICATION
DISTRIBUTION CLASS,Distribution Class,200,SEED_DATA_FROM_APPLICATION
DISTRIBUTION MORE,Additional Distribution View Options,200,SEED_DATA_FROM_APPLICATION
ORDER BY,Supplier Report Ordering Option,200,SEED_DATA_FROM_APPLICATION
ORDERING_OPTION,Invoice Inquiry Ordering Option,200,SEED_DATA_FROM_APPLICATION
OTHER_CHARGES_TYPE,Other Charges Type,200,SEED_DATA_FROM_APPLICATION
PAY GROUP,Valid Pay Groups,200,SEED_DATA_FROM_APPLICATION
PAYMENT EXCEPTIONS,Payment Exception Reasons,200,SEED_DATA_FROM_APPLICATION
PAYMENT METHOD,Payment Method Options,200,SEED_DATA_FROM_APPLICATION
PAYMENT MORE,Installment Details,200,SEED_DATA_FROM_APPLICATION
PAYMENT TYPE,Payment Type,200,SEED_DATA_FROM_APPLICATION
PAYMENT_HISTORY_ORDER_BY,Supplier Payment History Report Ordering Option,200,SEED_DATA_FROM_APPLICATION
PAYMENT_TEMPLATE_STATUS_CODES,Payment Template Status Codes,200,SEED_DATA_FROM_APPLICATION
PAYMENT_TEMPLATE_TYPE,Payment Process Request Template Type,200,SEED_DATA_FROM_APPLICATION
PAYMENT_VOID_ACTION_TYPE,Payment Void Invoice Action Type,200,SEED_DATA_FROM_APPLICATION
PAY_DIST_TYPES,Payment Distribution Line Type,200,SEED_DATA_FROM_APPLICATION
RECURRING PAYMENT ORDER,Recurring Payment Report Options,200,SEED_DATA_FROM_APPLICATION
REJECT CODE,Reject Code,200,SEED_DATA_FROM_APPLICATION
REPORT ASSET OPTION,Asset Reporting Option,200,SEED_DATA_FROM_APPLICATION
REPORT POSTED OPTION,Posted Reporting Option,200,SEED_DATA_FROM_APPLICATION
REPORT SORT OPTION,Tax Audit Report Sort Option,200,SEED_DATA_FROM_APPLICATION
REPORTING LIMIT METHOD,Reporting Limit Method,200,SEED_DATA_FROM_APPLICATION
REQUEST STATUS,Credit Card Request Status,200,SEED_DATA_FROM_APPLICATION
REQUEST TYPE,Credit Card Request Type,200,SEED_DATA_FROM_APPLICATION
RPT ORDER BY,Payables Reporting Sort Option,200,SEED_DATA_FROM_APPLICATION
DOCUMENT ORDER,Document Order,200,SEED_DATA_FROM_APPLICATION
DOCUMENT TYPE,Document Type for Signing Limits,200,SEED_DATA_FROM_APPLICATION
DOCUMENT_SEQUENCE_METHOD_CODE,Document Sequence Method Code,200,SEED_DATA_FROM_APPLICATION
DONT PAY REASON,Do Not Pay Reason,200,SEED_DATA_FROM_APPLICATION
AP_MO_REPORTING_LEVEL,Reporting Levels for Payables,200,SEED_DATA_FROM_APPLICATION
AP_PAYMENT_CONFIRMATION_TYPE,Payment Confirmation Type,200,SEED_DATA_FROM_APPLICATION
AP_PPR_ACTION_PAGE,Payment Process Request Actions,200,SEED_DATA_FROM_APPLICATION
AP_RECON_DIFF_DRILL_POT_CAUSE,Reconciliation Difference Drill Down Potential Cause,200,SEED_DATA_FROM_APPLICATION
AP_RECON_INT_PARAM,Reconciliation Data Extraction Intercompany Transaction,200,SEED_DATA_FROM_APPLICATION
AP_RECON_ITEM,Reconciliation Items,200,SEED_DATA_FROM_APPLICATION
AP_SELECT_BASED_ON,Payment Process Request Selection Basis,200,SEED_DATA_FROM_APPLICATION
AP_SRS_ENABLED_DISABLED,Enabled or Disabled,200,SEED_DATA_FROM_APPLICATION
AP_TAX_CALCULATION_METHOD,Tax Calculation Method,200,SEED_DATA_FROM_APPLICATION
AP_TAX_RECOVERY_CONDITION,Tax Recovery Condition,200,SEED_DATA_FROM_APPLICATION
BUDGET_DATE_BASIS,Budget Date Basis,200,SEED_DATA_FROM_APPLICATION
CARD EXCEPTION,Card Exception,200,SEED_DATA_FROM_APPLICATION
CC_STATUS,Credit Card Transaction Status,200,SEED_DATA_FROM_APPLICATION
CHECK OR VOID,Payment Reporting Date Option,200,SEED_DATA_FROM_APPLICATION
CHECK OVERFLOW,Payment Overflow Option,200,SEED_DATA_FROM_APPLICATION
CHECK RANGE STATUS,Check Range Status,200,SEED_DATA_FROM_APPLICATION
CHECK STATE,Check State,200,SEED_DATA_FROM_APPLICATION
CHECKRUN ACTIONS,Check Run Actions,200,SEED_DATA_FROM_APPLICATION
CHECKRUN CANCEL ACTIONS,Check Run Cancellation Actions,200,SEED_DATA_FROM_APPLICATION
CLOSING STATUS,Period Closing Status,200,SEED_DATA_FROM_APPLICATION
CODE TYPE,Code Type,200,SEED_DATA_FROM_APPLICATION
CODE_STATUS,Code Status,200,SEED_DATA_FROM_APPLICATION
ORA_DISCOUNT_OFFER_TYPE,Offer Type for Early Payment Discount,200,SEED_DATA_FROM_APPLICATION
POSTING STATUS,Posting Status,200,SEED_DATA_FROM_APPLICATION
PPA_REJECT_CODE,PO Price Adjustment Rejection Reason,200,SEED_DATA_FROM_APPLICATION
PPR_STAGE,Payment Process Request Stages,200,SEED_DATA_FROM_APPLICATION
PPR_STATUS,Payment Process Request Status,200,SEED_DATA_FROM_APPLICATION
PREPAY,Prepayment Application Level,200,SEED_DATA_FROM_APPLICATION
PREPAY DETAILS,Prepayment Details,200,SEED_DATA_FROM_APPLICATION
PREPAY STATUS,Prepayment Status,200,SEED_DATA_FROM_APPLICATION
PREPAY TYPES,Prepayment Type,200,SEED_DATA_FROM_APPLICATION
PREPAYMENT ZONES,Prepayment Adjustment Options,200,SEED_DATA_FROM_APPLICATION
1099 FORMS ORDER BY,1099 Forms Order by Option,200,SEED_DATA_FROM_APPLICATION
1099 ORIGINAL FILE,1099 Original File,200,SEED_DATA_FROM_APPLICATION
1099 PAYMENT REPORT OPTION,1099 Payment Report Option,200,SEED_DATA_FROM_APPLICATION
1099 TAPE TYPE,1099 Media Type,200,SEED_DATA_FROM_APPLICATION
1099 VENDOR EXCEPTION,1099 Supplier Exception,200,SEED_DATA_FROM_APPLICATION
ACCESS_TYPE,Access Type,200,SEED_DATA_FROM_APPLICATION
ACCOUNT TYPE,Account Type,200,SEED_DATA_FROM_APPLICATION
ACCOUNTING BASIS METHOD,Accounting Basis Method,200,SEED_DATA_FROM_APPLICATION
ACCOUNTING DATE BASIS,Accounting Date Basis,200,SEED_DATA_FROM_APPLICATION
ACCOUNTING ERROR TYPE,Accounting Error Type,200,SEED_DATA_FROM_APPLICATION
ACCT_PAYMENT_OPTIONS,Account for Payment Options,200,SEED_DATA_FROM_APPLICATION
ACTIVE_OPTIONS,Active Options,200,SEED_DATA_FROM_APPLICATION
AE LINE TYPE,Accounting Entry Line Type,200,SEED_DATA_FROM_APPLICATION
ORA_ACCELERATED_INVOICES,Accelerated Invoices,200,SEED_DATA_FROM_APPLICATION
ORA_APPRVL_ACCNTNG_PREFERENCE,Accounting Preference,200,SEED_DATA_FROM_APPLICATION
ORA_AP_DISCOUNT_TYPE,Discount Type,200,SEED_DATA_FROM_APPLICATION
ORA_AP_RANK_REASON,Selected installment rank reason,200,SEED_DATA_FROM_APPLICATION
ORA_AP_ROUTING_STATUS,Routing status,200,SEED_DATA_FROM_APPLICATION
ORA_IMAGING_ROUTING_ATTRIBUTES,Mapping of Routing Attributes to Invoice Attributes,200,SEED_DATA_FROM_APPLICATION
ORA_INFOTILE_APPROVAL_TYPE,Invoice Categories in Approval Infotile,200,SEED_DATA_FROM_APPLICATION
ORA_INFOTILE_HOLDS_TYPE,Invoice Categories in Holds Infotile,200,SEED_DATA_FROM_APPLICATION
ORA_INFOTILE_RECENT_TYPE,Invoice Categories in Recent Infotile,200,SEED_DATA_FROM_APPLICATION
INV_INQUIRY_BALANCE,Invoice Inquiry Balance,200,SEED_DATA_FROM_APPLICATION
INV_LINE_ACTION_TYPE,Invoice Line Action Type,200,SEED_DATA_FROM_APPLICATION
INV_LINE_VIEW_BY,Invoice Lines Viewing Options,200,SEED_DATA_FROM_APPLICATION
ISP_MATCHED_INV_TYPE_DISPLAY,Supplier Portal Matched Invoice Type,200,SEED_DATA_FROM_APPLICATION
ISP_UNMATCHED_INV_TYPE_DISPLAY,Supplier Portal Unmatched Invoice Type Display,200,SEED_DATA_FROM_APPLICATION
ISP_VIEW_INV_STATUS_TYPE,Supplier Portal View Invoice Status,200,SEED_DATA_FROM_APPLICATION
LABELS ORDERING,Labels Ordering,200,SEED_DATA_FROM_APPLICATION
LABELS SITES,Label Sites,200,SEED_DATA_FROM_APPLICATION
LIABILITY FLEXBUILD METHOD,Liability Account Build Method,200,SEED_DATA_FROM_APPLICATION
LINE ENCUMBRANCE STATUS,Line Encumbrance Status,200,SEED_DATA_FROM_APPLICATION
LINE SOURCE,Line Source,200,SEED_DATA_FROM_APPLICATION
LINE_CORRECTION_TYPES,Line Correction Type,200,SEED_DATA_FROM_APPLICATION
MATCH_STATUS,Distribution Match Type,200,SEED_DATA_FROM_APPLICATION
ORA_AP_PROMOTIONAL_OPTIONS,Payables Promotional Options,200,SEED_DATA_FROM_APPLICATION
POSTED_INVOICE_RPT_SORT,Posted Invoice Report Sorting Option,200,SEED_DATA_FROM_APPLICATION
POSTED_PAYMENT_RPT_SORT,Posted Payment Report Sorting Option,200,SEED_DATA_FROM_APPLICATION
POSTING CATEGORY,Posting Category,200,SEED_DATA_FROM_APPLICATION
POSTING EXCEPTIONS,Posting Exceptions,200,SEED_DATA_FROM_APPLICATION
POSTING METHOD,Posting Method,200,SEED_DATA_FROM_APPLICATION
PRODUCT_NAMES,Product Names,200,SEED_DATA_FROM_APPLICATION
PROGRAM_NAME,Program Name,200,SEED_DATA_FROM_APPLICATION
PSR_PAYMENTS_RECORDED,Payment Process Requests Recorded Status,200,SEED_DATA_FROM_APPLICATION
PURGE ACTION,Purge Action,200,SEED_DATA_FROM_APPLICATION
PURGE CATEGORY,Purge Category,200,SEED_DATA_FROM_APPLICATION
PURGE STATUS,Purge Status,200,SEED_DATA_FROM_APPLICATION
QUICKCODE_SORT_OPTIONS,Payables Codes Sort Options,200,SEED_DATA_FROM_APPLICATION
RATE STRUCTURE,Rate Structure for Withholding Tax,200,SEED_DATA_FROM_APPLICATION
RECEIPT PROGRAM,Receipt Program Type,200,SEED_DATA_FROM_APPLICATION
RECEIPT_STATUS,Expense Report Receipt Status,200,SEED_DATA_FROM_APPLICATION
RECONCILIATION OPTION,Reconciliation Options,200,SEED_DATA_FROM_APPLICATION
RECON_DIST_TYPES,Reconciliation Distribution Type,200,SEED_DATA_FROM_APPLICATION
RECORD TYPE,Check Reconciliation Record Type,200,SEED_DATA_FROM_APPLICATION
MGR APPROVAL METHOD,Manager Approval Method,200,SEED_DATA_FROM_APPLICATION
MISC PHRASES,Prepayment Phrases,200,SEED_DATA_FROM_APPLICATION
MODIFY STATUS,Supplier Site Payment Processing Status,200,SEED_DATA_FROM_APPLICATION
MODULE,Payables Calendar Type,200,SEED_DATA_FROM_APPLICATION
MSB UPGRADE TEXT,Messages Conversion Text,200,SEED_DATA_FROM_APPLICATION
NEW VENDOR OR NEW SITE,New Supplier or Site Reporting Option,200,SEED_DATA_FROM_APPLICATION
NEW VENDOR/SITE ORDER,New Supplier and Supplier Site Order Option,200,SEED_DATA_FROM_APPLICATION
NEXT STEP EXEC STATE,Payment Process Request Execution Status,200,SEED_DATA_FROM_APPLICATION
NLS REPORT PARAMETER,Translations Report Parameter,200,SEED_DATA_FROM_APPLICATION
NLS TRANSLATION,Translations Text,200,SEED_DATA_FROM_APPLICATION
ALLOCATION STATUS,Allocation Rule Status,200,SEED_DATA_FROM_APPLICATION
ALLOW FUTURE PAY OPTION,Allow Future Pay Option,200,SEED_DATA_FROM_APPLICATION
AMOUNT BASIS OPTIONS,Amount Basis Options,200,SEED_DATA_FROM_APPLICATION
APPLY PREPAY,Apply or Unapply Prepayment,200,SEED_DATA_FROM_APPLICATION
APPLY PREPAY OPTION,Apply Prepayment Option,200,SEED_DATA_FROM_APPLICATION
APPROVAL,Approval,200,SEED_DATA_FROM_APPLICATION
APPROVAL INCLUDE OPTIONS,Approval Include Options,200,SEED_DATA_FROM_APPLICATION
APPROVAL OPTIONS,Approval Options,200,SEED_DATA_FROM_APPLICATION
ORA_AP_ACCOUNT_CODING_HOLDS,Account Coding Holds,200,SEED_DATA_FROM_APPLICATION
ORA_AP_THRESHOLD_LIMIT_OPTION,Threshold limit options,200,SEED_DATA_FROM_APPLICATION
EDI 824 INVOICE TYPES,EDI 824 Invoice Types,200,SEED_DATA_FROM_APPLICATION
APPROVAL_STATUS_LOOKUP,Invoice Approval Status,200,SEED_DATA_FROM_APPLICATION
APW_UPGRADE_SCRIPT_CONTROL,Expenses Upgrade Scripts Tracking,200,SEED_DATA_FROM_APPLICATION
APXINHIS,Invoice Type Selection Criteria,200,SEED_DATA_FROM_APPLICATION
APXINREV_RATE_TYPE,Open Items Revaluation Report Rate Type,200,SEED_DATA_FROM_APPLICATION
APXJEHIS,Journal Entry History Report Criteria,200,SEED_DATA_FROM_APPLICATION
APXVDREV_VEN_BALANCE,Supplier Balance Reporting Option,200,SEED_DATA_FROM_APPLICATION
AP_1099_FILE_TYPE,1099 File Type,200,SEED_DATA_FROM_APPLICATION
AP_1099_REPORTS_QUERY_DRIVER,Balancing Segment Source,200,SEED_DATA_FROM_APPLICATION
AGING_FORMAT_OPTION,Aging Report Format Option,200,SEED_DATA_FROM_APPLICATION
AGING_PERIODS_TYPE,Aging Periods Type,200,SEED_DATA_FROM_APPLICATION
AGING_PERIOD_LINE_TYPE,Aging Period Line Type,200,SEED_DATA_FROM_APPLICATION
AGING_SORT_OPTION,Aging Report Sort Option,200,SEED_DATA_FROM_APPLICATION
AGING_SUMMARY_OPTION,Aging Report Summary Option,200,SEED_DATA_FROM_APPLICATION
ALL OR ACTIVE,Contacts Selection Option,200,SEED_DATA_FROM_APPLICATION
ALLOCATION GENERATION TYPE,Allocation Generation Type,200,SEED_DATA_FROM_APPLICATION
ALLOCATION RULE TYPE,Allocation Rule Type,200,SEED_DATA_FROM_APPLICATION
ORA_AP_MANAGE_INV_ADD_ATT,Period,200,SEED_DATA_FROM_APPLICATION
AP_EXCLUDE_IMAGE_VENDOR_TYPE,IDR Supplier pool exclusions,200,1
ORA_IMAGE_PROCESSING_STATUS,Image Processing Status,200,SEED_DATA_FROM_APPLICATION
ORA_AP_LANDING_PAGE_TILES,ORA_AP_LANDING_PAGE_TILES,200,SEED_DATA_FROM_APPLICATION
MATCHING TEST OPTION,Match Processing Option,200,SEED_DATA_FROM_APPLICATION
AP_CC_OPERATION_TYPES,Credit Card Report Operation Types,200,SEED_DATA_FROM_APPLICATION
AP_CONTEXTUAL_STATUS,Status,200,SEED_DATA_FROM_APPLICATION
AP_EMPLOYEE_ADDRESS_TYPE,Employee Address Type,200,SEED_DATA_FROM_APPLICATION
AP_IINVOICE_SEARCH_CRITERIA,Supplier Portal Invoice Search Options,200,SEED_DATA_FROM_APPLICATION
AP_IMPORT_OPTIONS,Payables Import Options,200,SEED_DATA_FROM_APPLICATION
AP_INTERFACE_INVOICE_WATCHLIST,Interface Invoices,200,SEED_DATA_FROM_APPLICATION
AP_ISP_ADV_FIN_SRCH_TYPE,Advances and Financing Search Option,200,SEED_DATA_FROM_APPLICATION
AP_ISP_INVOICE_TYPE,Supplier Portal Invoice Type,200,SEED_DATA_FROM_APPLICATION
AP_ISP_INV_CHARGE_TYPE,Supplier Portal Invoice Charge Line Type,200,SEED_DATA_FROM_APPLICATION
AP_ISP_INV_CREATION_TYPE,Supplier Portal Invoice Creation Type,200,SEED_DATA_FROM_APPLICATION
AP_ISP_INV_REQ_TYPE,Supplier Portal Invoice Request Type,200,SEED_DATA_FROM_APPLICATION
AP_MATCHING_RULE_ATTRIBUTES,Matching Rule Attributes,200,SEED_DATA_FROM_APPLICATION
AP_MATCH_ACTION,Match Actions,200,SEED_DATA_FROM_APPLICATION
PERIOD BASIS OPTIONS,Period Basis Options,200,SEED_DATA_FROM_APPLICATION
PERIOD FREQUENCY,Payables Calendar Period Frequency,200,SEED_DATA_FROM_APPLICATION
PERIOD_NAME_FORMAT,Payables Calendar Period Name Format,200,SEED_DATA_FROM_APPLICATION
PO DIST MATCH,PO Distribution Matching Options,200,SEED_DATA_FROM_APPLICATION
POSTED PAID STATUS,Paid Status,200,SEED_DATA_FROM_APPLICATION
BANK CHARGE BEARER,Bank Charge Bearer,200,SEED_DATA_FROM_APPLICATION
BANK CHARGE PAYMENT METHOD,Bank Charge Payment Method,200,SEED_DATA_FROM_APPLICATION
BANK CHARGE PAYMENT TYPE,Bank Charge Payment Type,200,SEED_DATA_FROM_APPLICATION
BANK_CHARGE_BANK,Bank Charge Bank Option,200,SEED_DATA_FROM_APPLICATION
BANK_CHARGE_BRANCH,Bank Charge Branch Option,200,SEED_DATA_FROM_APPLICATION
BANK_CHARGE_DEDUCTION_TYPE,Bank Charge Deduction Type,200,SEED_DATA_FROM_APPLICATION
BANK_CHARGE_SORT_OPTION,Bank Charge Sort Option,200,SEED_DATA_FROM_APPLICATION
BANK_FILE_CHARACTER_SET,Zengin File Character Set,200,SEED_DATA_FROM_APPLICATION
BANK_LISTING_ORDERS,Bank Listing Order,200,SEED_DATA_FROM_APPLICATION
SECONDARY ACCOUNTING METHOD,Secondary Accounting Method,200,SEED_DATA_FROM_APPLICATION
SEPARATION METHOD,Bank File Character Separation Method,200,SEED_DATA_FROM_APPLICATION
SHIPMENT MATCH,Schedule Match Option,200,SEED_DATA_FROM_APPLICATION
ORA_ACCOUNT_DERIVATION_METHOD,Account Derivation Method,200,SEED_DATA_FROM_APPLICATION
AP_ACCOUNTING_STATUS,Accounting Status,200,SEED_DATA_FROM_APPLICATION
AP_BANK_CHARGE_DEDUCTION_TYPE,AP Bank Charge Deduction Type,200,SEED_DATA_FROM_APPLICATION
AP_CC_EMPLOYEE_TYPES,All Employee Types,200,SEED_DATA_FROM_APPLICATION
INVOICE DISTRIBUTION TYPE,Invoice Distribution Type,200,SEED_DATA_FROM_APPLICATION
INVOICE HOLD STATUS,Invoice Hold Status,200,SEED_DATA_FROM_APPLICATION
INVOICE IMPORT REJECTION,Invoice Import Rejection,200,SEED_DATA_FROM_APPLICATION
INVOICE IMPORT SOURCES,Invoice Import Sources,200,SEED_DATA_FROM_APPLICATION
INVOICE LINE MATCH TYPE,Invoice Line Match Type,200,SEED_DATA_FROM_APPLICATION
INVOICE LINE TYPE,Invoice Line Type,200,SEED_DATA_FROM_APPLICATION
INVOICE MATCH OPTION,Invoice Match Option,200,SEED_DATA_FROM_APPLICATION
INVOICE MORE,Additional Invoice View Options,200,SEED_DATA_FROM_APPLICATION
INVOICE PAYMENT STATUS,Invoice Paid Status,200,SEED_DATA_FROM_APPLICATION
INVOICE SORT OPTION,Invoice Sort Option,200,SEED_DATA_FROM_APPLICATION
INVOICE STATUS,Invoice Status,200,SEED_DATA_FROM_APPLICATION
INVOICE TYPE,Invoice Type,200,SEED_DATA_FROM_APPLICATION
INVOICE ZONES,Invoice Detail Views,200,SEED_DATA_FROM_APPLICATION
INVOICE_EXCHANGE_RATE_TYPE,Invoice Conversion Rate Type,200,SEED_DATA_FROM_APPLICATION
INVOICE_YES_NO,Invoice Yes or No,200,SEED_DATA_FROM_APPLICATION
ORA_AP_1099G_FORM_STATUS,1099G Form Status,200,SEED_DATA_FROM_APPLICATION
SYSTEM OPTIONS,Payables Options,200,SEED_DATA_FROM_APPLICATION
TAX TYPE,Tax Type,200,SEED_DATA_FROM_APPLICATION
TAX USE DATE BASIS,Tax Use Date Basis,200,SEED_DATA_FROM_APPLICATION
TAX UTILITY ACTIONS,Tax Utility Actions,200,SEED_DATA_FROM_APPLICATION
TAX UTILITY REGIONS,Tax Utility Region Actions,200,SEED_DATA_FROM_APPLICATION
TERMS DATE BASIS,Terms Date Basis Options,200,SEED_DATA_FROM_APPLICATION
TOLERANCE TYPE,Tolerance Type,200,SEED_DATA_FROM_APPLICATION
TOTAL DISTRIBUTION PERCENT,Distribution Set Percentage,200,SEED_DATA_FROM_APPLICATION
TRANSACTION ACTION,Check Reconciliation Transaction Action,200,SEED_DATA_FROM_APPLICATION
TRANSFER STATUS,Transfer Status,200,SEED_DATA_FROM_APPLICATION
TRANSFER_PRIORITY,Payment Transfer Priority,200,SEED_DATA_FROM_APPLICATION
UNAPPLY PREPAY OPTION,Unapply Prepayment Approval Option,200,SEED_DATA_FROM_APPLICATION
UNITPRICE CHANGES QTY MATCH,Price Adjustment Options for Invoices,200,SEED_DATA_FROM_APPLICATION
UNKNOWN,Unknown,200,SEED_DATA_FROM_APPLICATION
VALUE_BASIS,Value Basis,200,SEED_DATA_FROM_APPLICATION
VENDOR INQUIRY,Supplier Inquiry Option,200,SEED_DATA_FROM_APPLICATION
VENDOR NUMBER ENTRY,Supplier Number Entry Methods,200,SEED_DATA_FROM_APPLICATION
VENDOR OR INVOICE,Supplier or Invoice Sort Option,200,SEED_DATA_FROM_APPLICATION
VENDORMERGE OPTION,Supplier Merge Update Options,200,SEED_DATA_FROM_APPLICATION
VIEW INVOICE DETAIL,View Invoice Detail,200,SEED_DATA_FROM_APPLICATION
VIEW INVOICE MORE,View Invoice Options,200,SEED_DATA_FROM_APPLICATION
VIEW INVOICES SEARCH,Invoice Search Options,200,SEED_DATA_FROM_APPLICATION
VIEW_ACCOUNTING,View Accounting,200,SEED_DATA_FROM_APPLICATION
VOUCHER STATUS,Voucher Number Status,200,SEED_DATA_FROM_APPLICATION
WITHHOLDING_METHOD,Withholding Method,200,SEED_DATA_FROM_APPLICATION
XML TOKEN NAME,XML Token Name,200,SEED_DATA_FROM_APPLICATION
YES_NO_REQUIRED,Yes No Required,200,SEED_DATA_FROM_APPLICATION
EXPENSE ACCRUAL OPTION,Accrual Options for Expense Destination Types,200,SEED_DATA_FROM_APPLICATION
EXPENSE DETAIL TYPES,Expense Detail Type,200,SEED_DATA_FROM_APPLICATION
EXPENSE REPORT APPROVER,Expense Report Approver,200,SEED_DATA_FROM_APPLICATION
FINAL MATCH CODE,Final Match Code,200,SEED_DATA_FROM_APPLICATION
FINANCIALS OPTIONS,Financials Options,200,SEED_DATA_FROM_APPLICATION
FUNDS CONTROL LEVEL,Funds Control Level,200,SEED_DATA_FROM_APPLICATION
FUNDS CONTROL METHOD,Funds Control Method,200,SEED_DATA_FROM_APPLICATION
FUNDS CONTROL PERIOD,Funds Control Period,200,SEED_DATA_FROM_APPLICATION
FUTURE PAY ACCT SOURCE,Bills Payable Accounting Source,200,SEED_DATA_FROM_APPLICATION
FUTURE PAY LIAB RELIEF,Bills Payable Liability Clearing,200,SEED_DATA_FROM_APPLICATION
GATHER_TYPES,Journal Entry Selection Criteria,200,SEED_DATA_FROM_APPLICATION
GENERATE DISTRIBUTIONS,Generate Distributions,200,SEED_DATA_FROM_APPLICATION
GL DATE OPTIONS,Accounting Date Options,200,SEED_DATA_FROM_APPLICATION
GROUP BY,Grouping Options for 1099 Reporting,200,SEED_DATA_FROM_APPLICATION
HOLD CODE,Hold and Release Names,200,SEED_DATA_FROM_APPLICATION
HOLD TYPE,Hold Type,200,SEED_DATA_FROM_APPLICATION
HOLD_DETAIL_OPTIONS,Hold Detail Reporting Options,200,SEED_DATA_FROM_APPLICATION
HOLD_WORKFLOW_STATUS,Holds Workflow Status,200,SEED_DATA_FROM_APPLICATION
INSTITUTION TYPE,Bank Branch Record Type,200,SEED_DATA_FROM_APPLICATION
INTEREST_ALLOCATION_OPTIONS,Interest Allocation Options,200,SEED_DATA_FROM_APPLICATION
INV DIST ACCOUNT TYPES,Invoice Distribution Account Type,200,SEED_DATA_FROM_APPLICATION
INVOICE ADJUSTMENTS,Invoice Adjustment Options,200,SEED_DATA_FROM_APPLICATION
INVOICE CORRECTION DIS WINDOW,Invoice Distribution Correction View,200,SEED_DATA_FROM_APPLICATION
INVOICE CORRECTION FRAME TITLE,Invoice Correction View,200,SEED_DATA_FROM_APPLICATION
INVOICE CORRECTION OPTION,Invoice Correction Option,200,SEED_DATA_FROM_APPLICATION
SHIPMENT MORE,Additional Schedule View Options,200,SEED_DATA_FROM_APPLICATION
SHIPMENT TYPE,Valid Schedule Types,200,SEED_DATA_FROM_APPLICATION
SHIPMENT_PAYMENT_TYPE,Schedule Payment Type,200,SEED_DATA_FROM_APPLICATION
SITE ZONES,Supplier Site Additional Information Views,200,SEED_DATA_FROM_APPLICATION
SOURCE,Source,200,SEED_DATA_FROM_APPLICATION
SRS REPORT CURRENCY,Report Currency,200,SEED_DATA_FROM_APPLICATION
SSE_CCARD_TRXN_CATEGORY,Credit Card Transaction Category,200,SEED_DATA_FROM_APPLICATION
STOP PAYMENT ACTION,Stop Payment Actions,200,SEED_DATA_FROM_APPLICATION
STOP PAYMENT STATUS,Stop Payment Status,200,SEED_DATA_FROM_APPLICATION
SUBTOTAL OPTION,Trial Balance Sorting Option,200,SEED_DATA_FROM_APPLICATION
SYSTEM APPROVALS OPTION,Invoice Validation Options,200,SEED_DATA_FROM_APPLICATION
EDI PAYMENT FORMAT,EDI Payment Format,200,SEED_DATA_FROM_APPLICATION
INVOICE CORRECTION WINDOW,Invoice Correction Title,200,SEED_DATA_FROM_APPLICATION
EDI PAYMENT METHOD,EDI Payment Method,200,SEED_DATA_FROM_APPLICATION
EDI REMITTANCE METHOD,EDI Remittance Method,200,SEED_DATA_FROM_APPLICATION
EMPLOYEE NOTIFICATION METHOD,Employee Notification Method,200,SEED_DATA_FROM_APPLICATION
EMPLOYEE_LISTING_ORDERS,Employee Listing Orders,200,SEED_DATA_FROM_APPLICATION
ERROR CHECK FUNCTION,Method of Error Checking for Check Reconciliation,200,SEED_DATA_FROM_APPLICATION
EVENT STATUS,Accounting Event Status,200,SEED_DATA_FROM_APPLICATION
EVENT TYPE,Accounting Event Type,200,SEED_DATA_FROM_APPLICATION
EXCEPTIONS CHOICES,Check Reconciliation Exceptions Choices,200,SEED_DATA_FROM_APPLICATION
EXCEPTIONS PRINT CHOICES,Check Reconciliation Exceptions Printing Choices,200,SEED_DATA_FROM_APPLICATION
EXCHANGE RATE TYPE,Conversion Rate Type,200,SEED_DATA_FROM_APPLICATION
