CURRENCY_CODE,NAME
GWP,Guinea-Bissau Peso
GYD,Guyana Dollar
HKD,Hong Kong Dollar
HNL,Lempira
HRD,Croatian Dinar
HRK,Croatian Kuna
HTG,Gourde
HUF,Forint
IDR,Rupiah
IEP,Irish Pound
ILS,New Israeli Sheqel
INR,Indian Rupee
IQD,Iraqi Dinar
IRR,Iranian Rial
ISK,Iceland Krona
ITL,Italian Lira
JMD,Jamaican Dollar
JOD,Jordanian Dinar
JPY,Yen
KES,Kenyan Shilling
KGS,Som
KHR,Riel
KMF,Comoro Franc
KPW,North Korean Won
KRW,Won
KWD,Kuwaiti Dinar
KYD,Cayman Islands Dollar
KZT,Tenge
LAK,Kip
LBP,Lebanese Pound
LKR,Sri Lanka Rupee
LRD,Liberian Dollar
LSL,Loti
LTL,Lithuanian Litas
LUC,Convertible Franc
LUF,Luxembourg Franc
LUL,Financial Franc
LVL,Latvian Lats
LVR,Latvian Ruble
LYD,Libyan Dinar
MAD,Moroccan Dirham
MDL,Moldovan Leu
MGA,Malagasy Ariary
MGF,Malagasy Franc
MKD,Denar
MMK,Kyat
MNT,Tugrik
MOP,Pataca
MRO,Ouguiya (Obsolete)
MTL,Maltese Lira
MUR,Mauritius Rupee
MVR,Rufiyaa
MWK,Kawacha
MXN,Mexican Peso
MXP,Mexican Peso (Obsolete)
MXV,Mexican Unidad de Inversion (UDI)
ADP,Andorran Peseta
AED,UAE Dirham
AFA,Afghani (old)
AFN,Afghani
ALL,Lek
AMD,Armenian Dram
ANG,Netherlands Antillian Guilder
AOA,Kwanza
AOK,Kwanza (Obsolete)
AON,New Kwanza
ARA,Austral
ARS,Argentine Peso
ATS,Schilling
AUD,Australian Dollar
AWG,Aruban Guilder
AZM,Azerbaijanian Manat (old)
AZN,Azerbaijanian Manat
BAM,Convertible Marks
BBD,Barbados Dollar
BDT,Taka
BEF,Belgian Franc
BGL,Bulgarian Lev (Obsolete)
BGN,Bulgarian Lev
BHD,Bahraini Dinar
BIF,Burundi Franc
BMD,Bermudian Dollar
BND,Brunei Dollar
BOB,Boliviano
BOV,Mvdol
BRC,Cruzado
BRL,Brazilian Real
BSD,Bahamian Dollar
BTN,Ngultrum
BUK,Kyat (Obsolete)
BWP,Pula
BYB,Belarusian Ruble (Withdrawn in 2000)
BYN,Belarusian Ruble
BYR,Belarusian Ruble (Withdrawn in 2016)
BZD,Belize Dollar
CAD,Canadian Dollar
CDF,Franc Congolais
CHE,WIR Euro
CHF,Swiss Franc
CHW,WIR Franc
CLF,Unidad de Fomento
CLP,Chilean Peso
CNY,Yuan Renminbi
COP,Colombian Peso
COU,Unidad de Valor Real
CRC,Costa Rican Colon
CSK,Koruna
CUP,Cuban Peso
CVE,Cape Verde Escudo
CYP,Cyprus Pound
CZK,Czech Koruna
DEM,Deutsche Mark
DJF,Djibouti Franc
DKK,Danish Krone
DOP,Dominican Peso
DZD,Algerian Dinar
ECS,Sucre
ECV,Unidad de Valor Constante (UVC)
EEK,Kroon
EGP,Egyptian Pound
ERN,Nakfa
ESB,Convertible Peseta Accounts
ESP,Spanish Peseta
ETB,Ethiopian Birr
EUR,Euro
FIM,Markka
FJD,Fiji Dollar
FKP,Falkland Islands Pound
FRF,French Franc
GBP,Pound Sterling
GEK,Georgian Coupon
GEL,Lari
GHC,Ghana Cedi (old)
GHS,Ghana Cedi
GIP,Gibraltar Pound
GMD,Dalasi
GNF,Guinea Franc
GRD,Drachma
GTQ,Quetzal
XB5,Bond Markets Unit European Unit of Account 17 (Obsolete)
XBA,Bond Markets Unit European Composite Unit (EURCO)
XBB,Bond Markets Unit European Monetary Unit (E.M.U.-6)
XBC,Bond Markets Unit European Unit of Account 9 (E.U.A.-9)
XBD,Bond Markets Unit European Unit of Account 17 (E.U.A.-17)
XCD,East Caribbean Dollar
XDR,SDR
XEU,European Currency Unit (E.C.U.)
XFO,Special settlement currencies - Gold-Franc
XFU,UIC Franc (special settlement currency)
XOF,CFA Franc BCEAO
XPD,Palladium
XPF,CFP Franc
XPT,Platinum
XTS,Testing
XXX,No currency
YDD,Yemeni Dinar
YER,Yemeni Rial
YUD,New Yugoslavian Dinar
YUM,Yugoslavian Dinar
YUN,Yugoslavian Dinar (Obsolete)
ZAL,Financial Rand
ZAR,Rand
ZMK,Zambian Kwacha (Obsolete)
ZMW,Zambian Kwacha
ZRN,New Zaire
ZRZ,Zaire
ZWD,Zimbabwe Dollar (Obsolete Much Earlier)
MYR,Malaysian Ringgit
MZM,Metical (old)
MZN,Metical
NAD,Namibia Dollar
NGN,Naira
NIC,Cordoba
NIO,Cordoba Oro
NLG,Netherlands Guilder
NOK,Norwegian Krone
NPR,Nepalese Rupee
NZD,New Zealand Dollar
OMR,Rial Omani
PAB,Balboa
PEI,Inti
PEN,Nuevo Sol
PGK,Kina
PHP,Philippine Peso
PKR,Pakistan Rupee
PLN,Zloty
PLZ,Zloty (Obsolete)
PTE,Portuguese Escudo
PYG,Guarani
QAR,Qatari Rial
ROL,Leu
RON,New Romanian Leu
RSD,Serbian Dinar
RUB,Russian Ruble
RUR,Russian Ruble (old)
RWF,Rwanda Franc
SAR,Saudi Riyal
SBD,Solomon Islands Dollar
SCR,Seychelles Rupee
SDD,Sudanese Dinar
SDG,Sudanese Pound
SDP,Sudanese Pound (old)
SEK,Swedish Krona
SGD,Singapore Dollar
SHP,Saint Helena Pound
SIT,Tolar
SKK,Slovak Koruna
SLL,Leone
SOS,Somali Shilling
SRD,Suriname Dollar
SRG,Suriname Guilder
SSP,South Sudanese Pound
STAT,Statistical
STD,Dobra (Obsolete)
SUR,Rouble
SVC,El Salvador Colon
SYP,Syrian Pound
SZL,Lilangeni
THB,Baht
TJR,Tajik Ruble
TJS,Somoni
TMM,Manat (Obsolete)
TND,Tunisian Dinar
TOP,Pa'anga
TPE,Timor Escudo
TRL,Turkish Lira
TRY,New Turkish Lira
TTD,Trinidad and Tobago Dollar
TWD,New Taiwan Dollar
TZS,Tanzanian Shilling
UAH,Hryvnia
UAK,Karbovanet
UGS,Uganda Shilling (Obsolete)
UGX,Uganda Shilling
USD,US Dollar
USN,US Dollar (next day)
USS,US Dollar (same day)
UYI,Uruguay Peso en Unidades Indexadas
UYP,Uruguayan Peso
UYU,Peso Uruguayo
UZS,Uzbekistan Sum
VEB,Bolivar
VEF,Bolivar Fuerte
VND,Dong
VUV,Vatu
WST,Tala
XAF,CFA Franc BEAC
XAG,Silver
XAU,Gold
VES,Bolivar Soberano
MRU,Ouguiya
STN,Dobra
TMT,Manat
ZWL,Zimbabwe Dollar
ZWR,Zimbabwe Dollar (Obsolete)
UYW,Unidad Previsional
SLE,New Leone
