VALUE_SET_ID,ENABLED_FLAG,FLEX_VALUE_ATTRIBUTE6,VALUE,DESCRIPTION
148867,N,,307,
148867,N,,308,
148867,N,,309,
148867,Y,,310,
148867,Y,,311,
148867,N,,312,
148867,Y,,313,
148867,Y,,314,
148867,Y,,315,
148867,Y,,316,
148867,Y,,317,
148867,Y,,318,
148867,Y,,320,
148867,Y,,321,
148867,Y,,322,
148867,Y,,323,
148867,Y,,324,
148867,Y,,401,
148867,Y,,402,
148867,Y,,403,
148867,Y,,404,
148867,Y,,405,
148867,Y,,406,
148867,Y,,407,
148867,Y,,408,
148867,Y,,409,
148867,Y,,410,
148867,Y,,411,
148867,Y,,412,
148867,Y,,413,
148867,Y,,414,
148867,Y,,415,
148867,Y,,416,
148867,Y,,417,
148867,Y,,418,
148867,Y,,419,
148867,Y,,420,
148867,Y,,421,
148867,Y,,422,
148867,Y,,423,
148868,Y,,101,
148868,Y,,102,
148868,Y,,103,
148868,Y,,104,
148868,Y,,105,
148868,Y,,106,
148868,Y,,107,
148867,Y,,319,
148868,Y,,108,
148868,Y,,109,
148868,Y,,110,
148868,Y,,111,
148868,Y,,112,
148868,Y,,113,
148868,Y,,114,
148868,Y,,115,
148868,Y,,116,
148868,Y,,117,
148868,Y,,118,
148868,Y,,119,
148868,Y,,120,
148868,Y,,121,
164881,Y,,12,
52914,Y,,NAMED_USERS_PAY_IN,Payroll Cloud Service for India
148868,Y,,202,
148868,Y,,203,
148868,Y,,204,
148868,Y,,205,
148868,Y,,206,
148868,Y,,301,
148868,Y,,302,
148868,Y,,303,
148868,N,,304,
148868,N,,305,
148868,N,,306,
148868,N,,307,
148868,N,,308,
148868,N,,309,
148868,Y,,310,
148868,Y,,311,
148868,N,,312,
148868,Y,,313,
148868,Y,,314,
148868,Y,,315,
53173,Y,,NAMED_USERS_ERPSS_ALL,Enterprise Resource Planning for Self Service Cloud Service - All Users
53173,Y,,NAMED_USERS_ERPSS_NEW,Enterprise Resource Planning for Self Service Cloud Service - Revised Hosted Named Users
148868,Y,,316,
148868,Y,,317,
148868,Y,,318,
148868,Y,,319,
148868,Y,,320,
148868,Y,,321,
148868,Y,,322,
148868,Y,,323,
148868,Y,,324,
148868,Y,,401,
148868,Y,,402,
148868,Y,,403,
148868,Y,,404,
148868,Y,,405,
148868,Y,,406,
148868,Y,,407,
148868,Y,,408,
148868,Y,,409,
148868,Y,,410,
148868,Y,,411,
148868,Y,,412,
148868,Y,,413,
148868,Y,,414,
148868,Y,,415,
148868,Y,,416,
148868,Y,,417,
148868,Y,,418,
148868,Y,,419,
148868,Y,,420,
148868,Y,,421,
148868,Y,,422,
148868,Y,,423,
111550,N,,31,
176427,Y,,06,
176427,Y,,04,
176427,Y,,07,
176427,Y,,08,
176427,Y,,09,
176427,Y,,05,
53479,Y,,COUNT_SAL_PREM_ENT_PRM_LIM,SUB METRIC FOR SALES AND SERVICE 02
53479,Y,,COUNT_SAL_PREM_ENT_SVC_COMM_PRM_LIM,SUB METRIC FOR SALES AND SERVICE 01
53479,Y,,COUNT_SAL_PREM_PRM_LIM,SUB METRIC FOR SALES AND SERVICE 03
53479,Y,,SKU_B95943_COUNT,SUB METRIC FOR SALES AND SERVICE 04 -- B95943
53479,Y,,SKU_B95944_COUNT,SUB METRIC FOR SALES AND SERVICE 04 -- B95944
176424,Y,,01,
176424,Y,,02,
176424,Y,,03,
176424,Y,,04,
176424,Y,,05,
176424,Y,,06,
176424,Y,,07,
176424,Y,,08,
176424,Y,,09,
176424,Y,,10,
176424,Y,,11,
176424,Y,,12,
176424,Y,,13,
176424,Y,,14,
176424,Y,,15,
164881,Y,,06,
164881,Y,,07,
164881,Y,,08,
164881,Y,,09,
164881,Y,,10,
164881,Y,,11,
148867,Y,,132,
148867,Y,,023,
148867,Y,,024,
148867,Y,,025,
148867,Y,,026,
148868,Y,,132,
111550,Y,,32,
53173,Y,,AP_MNTH_RECORDS,Monthly Automated Invoice Records
53173,Y,,EXM_MNTH_REPORTS,Monthly Expense Reports
53173,Y,,FAH_MNTH_RECORDS,Monthly Accounting Hub Records
53173,Y,,PPM_MNTH_RESOURCE,Monthly Managed Resources
53175,Y,,12,
126077,Y,,12,
175907,Y,,_CORE_REL_IT_TYTD,
175907,Y,,_CORE_REL_NOCB_TYTD,
175907,Y,,_CORE_REL_RUN,
175907,Y,,_CORE_REL_TU_RUN,
175907,Y,,_CORE_REL_TU_TYTD,
175907,Y,,_CORE_REL_TYTD,
176057,Y,,ORA_HRX_IN_CIR_HOUSE_PROPERTY_IPA,
176057,Y,,ORA_HRX_IN_CIR_HOUSE_RENT_ALLOWANCE_IPA,
177923,Y,,IN_NPS_EMPLOYER_CONTRIBUTION,
177923,Y,,IN_EXEMPTED_SCHOLARSHIP_ALLOWANCE,
177923,Y,,IN_ACTUAL_DEDUCTIONS_80C,
177923,Y,,IN_ACTUAL_DEDUCTIONS_80CCD1,
177923,Y,,IN_ACTUAL_DEDUCTIONS_80CCD1B,
177923,Y,,IN_ACTUAL_DEDUCTIONS_80CCD2,
177923,Y,,IN_ACTUAL_DEDUCTIONS_80D,
177923,Y,,IN_ACTUAL_DEDUCTIONS_80DD,
177923,Y,,IN_ALLOW_TYPE_HA_NON_EXEMPT_AMOUNT,
177923,Y,,IN_ALLOW_TYPE_HEA_EXEMPT_AMOUNT,
177923,Y,,IN_ALLOW_TYPE_HEA_NON_EXEMPT_AMOUNT,
177923,Y,,IN_ALLOW_TYPE_SCA_EXEMPT_AMOUNT,
177923,Y,,IN_ALLOW_TYPE_SCA_NON_EXEMPT_AMOUNT,
177923,Y,,IN_ALLOW_TYPE_TAA_EXEMPT_AMOUNT,
177923,Y,,IN_ALLOW_TYPE_TAA_NON_EXEMPT_AMOUNT,
177923,Y,,IN_ALLOW_TYPE_TAPD_EXEMPT_AMOUNT,
177923,Y,,IN_ALLOW_TYPE_TAPD_NON_EXEMPT_AMOUNT,
177923,Y,,IN_ALLOW_TYPE_TA_EXEMPT_AMOUNT,
177923,Y,,IN_ALLOW_TYPE_TA_NON_EXEMPT_AMOUNT,
177923,Y,,IN_ALLOW_TYPE_UA_EXEMPT_AMOUNT,
177923,Y,,IN_ALLOW_TYPE_UA_NON_EXEMPT_AMOUNT,
177923,Y,,IN_ALLOW_TYPE_UGA_EXEMPT_AMOUNT,
176424,Y,,29,
176424,Y,,27,
176424,Y,,30,
176424,Y,,31,
176424,Y,,32,
176424,Y,,33,
176424,Y,,34,
176424,Y,,28,
176424,Y,,35,
176425,Y,,01,
176425,Y,,02,
176425,Y,,03,
176425,Y,,04,
176425,Y,,05,
176425,Y,,06,
176425,Y,,07,
176425,Y,,08,
176425,Y,,09,
176425,Y,,10,
176425,Y,,11,
176425,Y,,12,
176425,Y,,13,
148868,Y,,130,
148868,N,,131,
148868,Y,,201,
176425,Y,,14,
176425,Y,,16,
176425,Y,,17,
176425,Y,,15,
176425,Y,,18,
176425,Y,,19,
176425,Y,,20,
176425,Y,,21,
176425,Y,,22,
176425,Y,,23,
176425,Y,,24,
176425,Y,,25,
176426,Y,,01,
176426,Y,,02,
176426,Y,,03,
176426,Y,,04,
176426,Y,,05,
176426,Y,,06,
148867,Y,,120,
148867,Y,,122,
148867,Y,,123,
148867,Y,,124,
148867,Y,,125,
148867,Y,,126,
148867,Y,,127,
148867,Y,,128,
148867,Y,,129,
148867,Y,,121,
148867,Y,,130,
148868,Y,,125,
148868,Y,,126,
148868,Y,,127,
148868,Y,,128,
148868,Y,,129,
148867,Y,,302,
148867,Y,,303,
148867,N,,304,
148867,N,,305,
148867,N,,306,
58004,Y,,000000,Default
58001,Y,,ALL,All Funds
58003,Y,,12008,Prepaid Expenses
58003,Y,,12009,Deferred Outflow - Pension
58003,Y,,12010,Accrued Interest
58003,Y,,12011,Accrued Interest Distribution
58003,Y,,13000,Non-Current Assets
58003,Y,,13001,Deferred Amount on Refunding
58003,Y,,15000,Fixed Assets
58003,Y,,15001,Land
58003,Y,,15002,Improvements
58003,Y,,15003,Buildings
58003,Y,,15004,Furniture and Fixtures
58003,Y,,15005,Equipment
58003,Y,,15006,Infrastructure
58003,Y,,15099,Asset Cost Clearing
58003,Y,,15901,Construction in Progress
58003,Y,,15902,Intangible Assets
58003,Y,,16000,Accumulated Depreciations
58003,Y,,16001,Accumulated Depreciation - Land
58003,Y,,16002,Accumulated Depreciation - Improvements
58003,Y,,16003,Accumulated Depreciation - Buildings
58003,Y,,16004,Accumulated Depreciation - Furniture and Fixtures
58003,Y,,16005,Accumulated Depreciation - Equipment
58003,Y,ACC DEPCN,16006,Accumulated Depreciation - Infrastructure
58003,Y,,17000,Interfund - Parent1
58003,Y,,17001,Interfund
58003,Y,,19999,Andy Pang - Clearing for Budgeting
58003,Y,,20000,All Liabilities
58003,Y,,21000,Current Liabilities - Parent1
58003,Y,AP,21001,Accounts Payable
58003,Y,,21002,Interest Payable
58003,Y,,21003,Accrued Expenses
58003,Y,,21004,Accrued Inventory
58003,Y,,21006,P-Card Clearing
58003,Y,,21007,Capitalized Lease Obligations
58003,Y,,21008,Other Current Liabilities
58003,Y,,21009,Unearned Revenue
58003,Y,,21010,Deferred Inflow Pension
58003,Y,ACC LIAB,21011,Accrued Liabilities
58003,Y,,21012,Pass-through Payable
58003,Y,,22000,Payroll Liabilities
58003,Y,,22001,Salaries and Benefits Payable
58003,Y,,22002,Compensated Absences Payable
58003,Y,,22010,Accrued Salaries
58003,Y,,22011,Federal Payroll Taxes Payable
58005,Y,,000000,Default
58002,Y,,0000,Default
58002,Y,,6103,Environmental Programs
58002,Y,,6104,Water Resource Recovery
58002,Y,,6105,Utility Billing
58002,Y,,6106,Water Quality Lab
58002,Y,,6201,Reservoir Operations
58002,Y,,7000,Parks and Recreations
58002,Y,,7001,Recreation Administration
58002,Y,,7002,Recreation Facilities
58002,Y,,7003,Youth Services
58002,Y,,7004,Community Services
58002,Y,,7005,Ranger Service
58002,Y,,7006,Aquatics
58002,Y,,7007,Golf Course
58002,Y,,7008,Jack House
58002,Y,,8000,Police
58002,Y,,8001,Police Administration
58002,Y,,8002,Patrol
58002,Y,,8003,Investigations
58002,Y,,8004,Police Support Services
58002,Y,,8005,Neighborhood Services
58002,Y,,8006,Traffic Safety
58002,Y,,8500,Fire
58002,Y,,8501,Fire Administration
58002,Y,,8502,Emergency Reponse
58002,Y,,8503,Hazard Prevention
58002,Y,,8504,Training Services
58002,Y,,8505,Recruit Academy
58002,Y,,8506,Fire Apparatus Services
58002,Y,,8507,Fire Station Facility Support
58002,Y,,8508,HazMat Task Force
58002,Y,,8599,Emergency Management
58002,Y,,1000,Administration
58002,Y,,1001,City Administration
58002,Y,,1002,City Council
58002,Y,,1003,Cultural Activities
58002,Y,,1004,Economic Development
58002,Y,,1005,Natural Resource Protection
58002,Y,,1006,Tourism and Bid Promotion
58002,Y,,1007,Community Promotion
58002,Y,,1008,Downtown Association Administration
58002,Y,,1021,City Clerk
58002,Y,,1022,Elections
58002,Y,,1031,Boysen Ranch Conserv Easement
58002,Y,,1101,Network Services
58002,Y,,1102,IT Support Services
58002,Y,,1103,Information Services
59001,Y,,000,Default
58002,Y,,1500,City Attorney
58002,Y,,1501,City Attorney
58002,Y,,2000,Finance
58002,Y,,2001,Financial Administration
58002,Y,,2002,Budget
58002,Y,,2003,Revenue Management
58002,Y,,2004,Purchasing
58002,Y,,2005,Accounting
58002,Y,,2006,Finance Support Services
58002,Y,,2007,Finance NonDepart
58002,Y,,3000,Human Resources
58002,Y,,3001,Human Resources
58002,Y,,3002,Risk Management
58002,Y,,3003,Wellness Program
58002,Y,,3050,Insurance ISF
58002,Y,,4000,Community Development
58002,Y,,4001,Community Development Administration
58002,Y,,4002,Commissions and Committees
58002,Y,,4003,Planning
58002,Y,,4004,Engineering
58002,Y,,4005,Development Services
58002,Y,,4006,Building and Safety
58002,Y,,4007,Human Relations
58002,Y,,4008,Housing Policy and Homelessness Programs
58002,Y,,5000,Public Works
58002,Y,,5001,Public Works Administration
58002,Y,,5002,Parks Maintenance
58002,Y,,5003,Swim Center Maintenance
58002,Y,,5004,Urban Forest Services
58002,Y,,5005,Facilities Maintenance
58002,Y,,5006,Street/Sidewalk Maintenance
58002,Y,,5007,Traffic Signals and Lighting
58002,Y,,5008,Fleet
58002,Y,,5009,CIP Project Eng
58002,Y,,5010,Transportation Plan and Eng
58002,Y,,5101,Parking Admin
58002,Y,,5102,Parking Enforcement
58002,Y,,5103,Parking Structures
58002,Y,,5104,Parking Lots and Streets
58002,Y,,5201,Transit Ops and Maint
58002,Y,,5301,Stormwater
58002,Y,,6000,Utilities
58002,Y,,6001,Water Administration/Engineering
58002,Y,,6002,Water Source of Supply
58002,Y,,6003,Water Treatment
58002,Y,,6004,Water Distribution
58002,Y,,6005,Water Resources
58002,Y,,6101,Wastewater Admin and Eng
58002,Y,,6102,Wastewater Collection
58003,Y,,33001,Budgetary Fund Balance
58003,Y,,33002,Expenditure Budget Control
58003,Y,,33003,Revenue Budget Control
58003,Y,,33004,Encumbrances
58003,Y,,33005,Reserve for Encumbrances
58003,Y,,40000,Revenue
58003,Y,,41000,Taxes - Parent1
58003,Y,,41001,Property Taxes - Current Secured
58003,Y,,41002,Property Taxes - Current Unsecured
58003,Y,,41003,Property Taxes - Prior Secured
58003,Y,,41004,Property Taxes - Prior Unsecured
58003,Y,,41009,Property Tax In Lieu of Vehicle License Fee (VLF)
58003,Y,,41010,Utility User Tax
58003,Y,,41011,Transient Occupancy Tax
58003,Y,,41012,Other Property Taxes
58003,Y,,41013,Business Tax
58003,Y,,41014,Gas Tax
58003,Y,,42000,"Licenses, Permits, and Franchinese - Parent1"
58003,Y,,42002,Business Licenses
58003,Y,,42003,Contruction Permits
58003,Y,,42004,Road Priviledges and Permits
58003,Y,,42006,Franchises
58003,Y,,42007,Other Licenses and Permits
58003,Y,,43000,"Fines, Forefeitures, and Penalities - Parent1"
58003,Y,,43001,Police Fines
58003,Y,,43002,Misc Penalties
58003,Y,,43005,Administrative Citations
58003,Y,,43006,Code Enforcement Fines
58003,Y,,44000,Other Revenue - Parent1
58003,Y,,44001,Investment Income
58003,Y,,44002,Rents and Concessions
58003,Y,,33000,Budgetary Accounts
58003,Y,,45000,Grants & Subventions - Parent1
58003,Y,,45001,County
58003,Y,,45020,State - Cal Poly
58003,Y,,45029,State - Other
58003,Y,,45030,Federal
58003,Y,,45034,Other - Governmental Agencies
58003,Y,,46000,Charges for Services - Parent1
58003,Y,,46002,Impact Fees and Special Assessments
58003,Y,,46008,Planning and Engineering Services
58003,Y,,46010,Recreation Services
58001,Y,,101,General Fund
58003,Y,,46012,Rents and Concessions
58003,Y,,46014,Fire Fees
58003,Y,,46016,Parking Fees
58003,Y,,46018,Police Fees
58003,Y,,46020,Transit Fees
58003,Y,,46022,Utility Fees
58003,Y,,46027,Technology Fees
58003,Y,,46028,Other Service Charges
58003,Y,,46029,Interfund Revenue
58003,Y,,47000,Impact Fees and Special Assessments - Parent1
58003,Y,,47001,Other Sales
58003,Y,,47003,Miscellaneous
58003,Y,,48000,Other Financing Sources - Parent1
58003,Y,,48001,Sale of Capital Assets
58003,Y,,48002,Long-Term Debt Proceeds
58003,Y,,48003,Other
58003,Y,,49000,Transfers - In
58003,Y,,49001,Transfers - In
58003,Y,,50000,Salaries and Benefits
58003,Y,,51000,Salary
58003,Y,,51001,Salaries - Regular
58003,Y,,51002,Council and Commissioners
58003,Y,,10000,All Assets
58003,Y,CASH,11000,Cash & Cash Equivalents
58003,Y,CASH,11001,Cash (including cash equivalents)
58003,Y,CASH,11002,Petty Cash
58003,Y,,11003,Certificate of Deposit
58003,Y,,11004,Cash Held With Fiscal Agent - LAIF
58003,Y,,11005,Imprest Cash
58003,Y,,11006,Payroll Cash Offset
58003,Y,,11007,Bond Reserves with Fiscal Agent
58003,Y,,11008,Asset Management
58003,Y,,11009,Investments
58003,Y,,11010,Investments FMV
58003,Y,,12000,Receivable
58003,Y,AR,12001,Accounts Receivable
58003,Y,,12003,Taxes Receivable
58003,Y,,12004,Other Receivables
58003,Y,,12007,Allowance for Doubtful Accounts
58003,Y,,33006,Retained Earnings
58001,Y,,100,General Fund
58001,Y,,200,200 Funds
58001,Y,,201,Local Sales Tax Fund
58001,Y,,202,Downtown
58001,Y,,203,Gas Tax Fund
58001,Y,,204,TDA - Bikeway Fund
58001,Y,,205,CDBG Fund
58001,Y,,206,Law Enforce Grant Fund
58001,Y,,207,Public Art Private Sector Fund
58001,Y,,208,Tourism Bid Fund
58001,Y,,209,SB1186 CASP Certify Fund
58001,Y,,210,Debt Service Fund
58001,Y,,211,SB1 Road Repair 2017
58001,Y,,400,Capital Fund
58001,Y,,401,Capital Outlay Fund
58001,Y,,402,Fleet Repl Fund
58001,Y,,403,Info Tech Repl Fund
58001,Y,,404,Major Facility Repl Fund
58001,Y,,405,Infrastructure Invest CIP Fund
58001,Y,,500,Development Fees
58001,Y,,501,Parkland In-Lieu Fee (Quimby) Fund
58001,Y,,502,Open Space Protection Fund
58001,Y,,503,Airport Area Impact Fee Fund
58001,Y,,504,LOVR Impact Fee Fund
58001,Y,,505,Affordable Housing Fund
58001,Y,,506,Wastewater Dev Impact Fee Fund
58001,Y,,507,Transportation Impact Fee Fund
58001,Y,,600,Enterprise Fund
58001,Y,,601,Water Fund
58001,Y,,602,Sewer Fund
58001,Y,,611,Parking Fund
58001,Y,,621,Transit Fund
58001,Y,,700,Agency Fund
58001,Y,,701,General Agency Fund
58001,Y,,705,Whale Rock Fund
58001,Y,,710,Jack House Fund
58001,Y,,711,Haz Mat Task Force Fund
58001,Y,,712,City Of SLO PEG Fund
58001,Y,,713,SLCUSD PEG Fund
58001,Y,,714,Duvall Fund
58001,Y,,715,Boysen Ranch Conserv Easemt Fund
58001,Y,,800,Internal Service Funds
58001,Y,,801,Investment Earnings Contr
58001,Y,,802,Insurance ISF Fund
58001,Y,,990,Other Funds
58001,Y,,999,GASB Funds
58002,Y,,8509,Bomb Task Force
62001,Y,,302,JOHNSON RANCH OPEN SPACE
62001,Y,,306,TERRACE HILL OPEN SPACE
62001,Y,,503,CORP YARD FUEL ISLAN E-25 PRAD
62001,Y,,517,PARKING LOT #9 -MONTEREY/BROAD
62001,Y,,520,PRKNG TENANTS@ MARSH-860 PACIF
62001,Y,,524,SILVER CITY LIFT STATION
62001,Y,,526,HOWARD-JOHNSON LIFT STATION
62001,Y,,529,BUS YARD - 29 PRADO RD
62001,Y,,600,LUDWICK COMM CENTER-864 STA RO
62001,Y,,601,ANHOLM PARK- 870 MISSION
62001,Y,,602,C GARDENS MEADOW PARK-2333 MEA
62001,Y,,603,C GARDENS LAUREL LN-1260 LAURE
62001,Y,,604,C GARDENS BROAD ST- 533 BROAD
62001,Y,,605,CUESTA PARK 2400 LOOMIS
62001,Y,,606,JACK HOUSE- 536 MARSH
62001,Y,,607,JOHNSON PARK- 1020 SOUTHWOOD
62001,Y,,608,LA LOMA ADOBE
62001,Y,,609,LAGUNA HILLS PARK-890 MIRADA
62001,Y,,611,MEADOW PARK- 2333 MEADOW
62001,Y,,613,MITCHELL PARK- 1400 OSOS
62001,Y,,614,OSOS TRIANGLE PARK-1701 OSOS
62001,Y,,615,DAMON GARCIA SPORTS F-680 BROA
62001,Y,,616,PRIOLO-MARTIN PK-890 V COLLADO
62001,Y,,617,SINSHEIMER PARK-937 SOUTHWOOD
62001,Y,,620,SANTA ROSA PARK- OAK N STA ROS
62001,Y,,621,FRENCH PARK- 1040 FULLER ROAD
62001,Y,,622,ISLAY HILL PARK-1151 TANK FARM
62001,Y,,623,LAGUNA LAKE PARK-504 MADONNA
62001,Y,,625,EMERSON PARK/PARKS N REC OFFC.
62001,Y,,626,CORNER OF MARSH / CHORRO -ART
62001,Y,,628,PARKS OFFICE 1341 NIPOMO
62001,Y,,630,RODRIGUEZ ADOBE 1341 PURPLE S
62001,Y,,631,SR CENTER: 1445 SANTA ROSA ST.
62001,Y,,633,STONERIDGE DEV. PARK
62001,Y,,640,WHALE ROCK
62001,Y,,800,POLICE ADMIN- 1042 WALNUT
62001,Y,,801,POLICE ANNEX- 1016 WALNUT
62001,Y,,802,POLICE SUBSTATION- 840 MARSH
62001,Y,,850,FIRE STATION 1-2160 STA BARBAR
62001,Y,,851,FIRE STATION 2- 136 CHORRO N
62001,Y,,852,FIRE STATION 3- 1280 LAUREL
62001,Y,,853,FIRE STATION 4- 1395 MADONNA
62001,Y,,900,STREETS
61004,Y,,BUILDINGS,
58003,Y,,61014,Liability Insurance
62001,Y,,501,CORP YARD ADMIN B- 25 PRADO
62001,Y,,505,CORP YARD WAREH C-25 PRADO
62001,Y,,510,PARKING ADMIN-1260 CHORRO
62001,Y,,513,PARKING LOT # 8 CITY HALL
62001,Y,,515,PARKING LOT #15 - MONTEREY/BRO
62001,Y,,522,MARGARITA LIFT STATION
62001,Y,,525,FOOTHILL LIFT STATION
62001,Y,,527,PRKING LOT PALM/NIPOMOI
62001,Y,,528,955 MORRO BUILDING/PARKING
62001,Y,,610,LAGUNA LAKE GOLF C-11175 LOVR
62001,Y,,612,MISSION PLAZA- 989 CHORRO
62001,Y,,618,THROOP PARK- 261 CUESTA
62001,Y,,619,SENIOR CENTER-1445 STA ROSA
62001,Y,,624,CHENG PARK-1095 MARSH
62001,Y,,627,RAILD ROAD SQUARE-ART
62001,Y,,629,POOL BUILDING 902 SOUTHWWOD D.
62001,Y,,632,PRIOLO-MARTIN PARK-LAGUNA LAKE
61004,Y,,EXPENSED,
61004,Y,,IMPROVEMENTS,
61004,Y,,INFRASTRUCTURE,
61004,Y,,LAND,
61004,Y,,MACHINERY / EQUIPMENT,
62009,Y,,BIKE PATHS,330
62009,Y,,BRIDGES,320
62009,Y,,BUILDING IMPROVEMENTS,220
62009,Y,,BUILDINGS,210
62009,Y,,BUSES- TROLLEY,682
62009,Y,,CATCH BASINS,372
62009,Y,,COMMUNICATION EQUIPMENT,430
62009,Y,,COMPUTERS,400
62009,N,,CONSTRUCTIONEQUIPMENT,Do Not Use
62009,Y,,COURSE IMPROVEMENTS,305
62009,Y,,CREEK IMPROVEMENTS,378
62009,Y,,CURB AND GUTTER,312
62009,Y,,EMERGENCY VEHICLES - AERIAL TR,634
62009,Y,,EMERGENCY VEHICLES-AMBULANCES,631
62009,Y,,EMERGENCY VEHICLES-FIRE ENGINE,633
62009,Y,,EMERGENCY VEHICLES-FIRE RESCUE,632
62009,Y,,EMERGENCY VEHICLES-OTHER FIRE,635
62009,Y,,FIRE,Fire Department
62009,Y,,FULL TRAILERS,672
62009,Y,,GARAGES-PARKING,282
62009,Y,,GROUND WATER WELLS,360
62009,Y,,HEAVY - GARBAGE TRUCKS,662
62009,Y,,HEAVY -SERVICE TRUCKS,661
62009,Y,,HEAVY FORKLIFTOTHER VEHICLES,665
62009,Y,,HEAVY SEDAN - POLICE PATROLS,611
62009,Y,,HEAVY SEDAN -OTHER PUBLIC SAFE,612
62009,Y,,HEAVY SEWER VACUUM TRUCKS,666
58003,Y,,22012,State Payroll Taxes Payable
58003,Y,,22013,PERS Retirement Payable
58003,Y,,22014,Employee Investments Payable
58003,Y,,22015,Garnishment Payable
58003,Y,,22016,Medical Insurance Payable
58003,Y,,22017,Dental Insurance Payable
58003,Y,,22018,Vision Insurance Payable
58003,Y,,22019,Disability Payable
58003,Y,,22020,Life Insurance Payable
58003,Y,,22021,Supplemental Insurance Payable
58003,Y,,22022,Association Dues Payable
58003,Y,,22023,Employee Loans Payable
58003,Y,,22024,Flexible Savings Accounts Payable
58003,Y,,22029,Other Payroll Payable
58003,Y,,25000,Long Term Liabilties
58003,Y,,25001,Loans
58003,Y,,25003,Bonds Outstanding
58003,Y,,25004,Capitalized Lease Obligations
58003,Y,,25005,Compensated Absences
58003,Y,,25006,CalPERS Liability
58003,Y,,30000,Equity
58003,Y,,31000,Equity - Restricted
58003,Y,,31001,Subsequent Year Expenditure
58003,Y,,31002,Development Services
58003,Y,,31003,Fire
58003,Y,,31004,Contingency Fund
58003,Y,,31005,City Attorney
58003,Y,,31006,Police - Evidence Funds Available
58003,Y,,31007,Parks and Recreation
58003,Y,,31008,Administration
58003,Y,,31009,Restricted - Other
58003,Y,,31010,Capital Reserve
58003,Y,,31011,Whale Rock/Water
58003,Y,,31012,Public Works
58003,Y,,32000,Equity - Unrestricted
58003,Y,,32001,Undesignated
58003,Y,,90000,Intrafund Transfes and Appropriations
58003,Y,,91000,Intrafund Transfers
58003,Y,,91001,Intrafund Transfers
58003,Y,,51003,Salaries - Contract
58003,Y,,51004,Salaries - Temporary
58003,Y,,51010,Overtime
58003,Y,,51017,Standby
58003,Y,,51018,Call Back
58003,Y,,52000,Retirement
58003,Y,,52001,Retirement Contributions
58003,Y,,52002,Retirement PARS - 401
58003,Y,,52003,PERS Unfunded Liability
58003,Y,,53000,Employee Group Insurance
58003,Y,,53001,Employee Group Insurance
58003,Y,,53002,Retiree Healthcare
58003,Y,,53003,Unemployment Insurance
58003,Y,,54000,Workers Comp Insurance
58003,Y,,54001,Workers Comp Insurance
58003,Y,,55000,FICA/Medicare/OASDI
58003,Y,,55001,Medicare
58003,Y,,56000,Misc Staffing Expenses
58003,Y,,56001,Workers Comp Reimbursement
58003,Y,,56002,Misc Employee Reimbursement
58003,Y,,56003,Contingency Expense
58003,Y,,60000,Services & Supplies & Others
58003,Y,,61000,Contract Services
58003,Y,,61001,Advertising and Public Outreach
58003,Y,,61003,Auditing and Accounting Fees
58003,Y,,61005,Data Processing Services
58003,Y,,61006,Engineering and Plan Checks
58003,Y,,61007,Legal Services
58003,Y,,61008,Parking
58003,Y,,61009,Regulatory Fees
58003,Y,,61010,Ventures and Contingencies
58003,Y,,61011,Maintenance
58003,Y,,61012,Water Supply
58003,Y,,61013,Other Contract Services
58003,Y,,61500,Utilities
58003,Y,,61501,City Water Service
58003,Y,,61502,City Sewer Service
58003,Y,,61503,Electric Service
58003,Y,,61504,Natural Gas Service
58003,Y,,61505,Communication Service
58003,Y,,61506,Solid Waste Service
58003,Y,,61507,Other Utility Service
58003,Y,,62000,Office Expenses
58003,Y,,62001,Print and Reproduction
58003,Y,,62002,Office Supplies
58003,Y,,62003,Postage
58003,Y,,62004,Publications and Subscriptions
58003,Y,,62007,Employee Recognition
58003,Y,,62008,Furniture and Fixtures
58003,Y,,62009,Software Licensing and Maint Agreements
58003,Y,,62010,Office Expenses - Other
58003,Y,,62500,Operating Materials and Supplies
58003,Y,,62501,Chemicals
58003,Y,,62502,Construction Materials and Supplies
58003,Y,,62503,Equipment Maintenance Supplies
58003,Y,,62504,Fuel
58003,Y,,62505,Machinery and Equipment
58003,Y,,62506,Safety Materials and Supplies
58003,Y,,62507,Public Safety Supplies
58003,Y,,62508,Recreation Supplies
58003,Y,,62509,Misc Materials and Supplies
58003,Y,,62510,Publications and Legal Notices
58003,Y,,62511,Rents and Leases
58003,Y,,63000,"Travel, Meetings, Dues"
58003,Y,,63001,Membership and Certifications
58003,Y,,63002,Education and Training
58003,Y,,63003,Trips and Meetings
58003,Y,,63004,Tuition Reimbursement
58003,Y,,65000,Other Charges
58003,Y,,65003,Interest on Bonds
58003,Y,,65004,Interest on Other Long-Term Debt
58003,Y,,65008,Taxes and Assessments
58003,Y,,65010,Bad Debts
58003,Y,,65011,Interfund Expenditure
58003,Y,,65013,Credit Cards Merchant Fees
58003,Y,,65014,Misc Other Charges
58003,Y,,66000,Other Charges
58003,Y,,67000,Operating Carryover
58003,Y,,67001,Operating Carryover
58003,N,,70000,Capital Assets Expense
58003,Y,,71000,Capital Assets Expense
58003,Y,,71001,Land
58003,Y,,71002,Buildings and Improvements
58003,Y,,71003,Equipment
58003,Y,,71004,Infrastructure
58003,Y,,71005,Intangible Assets
58003,Y,,75000,Transfers Out
58003,Y,,75001,Transfers - Out
58003,Y,,80000,Debt Service
58003,Y,,81000,Debt Service
58003,Y,,81001,Principal
58003,Y,,81002,Interest
58003,Y,,85000,Depreciation
58003,Y,,85001,Depreciation Expense
58003,Y,,85002,Depreciation Expense - Clearing
58003,Y,,85003,GASB / Budget Control Cost Clearing
60001,Y,,General Goods,Contracts and purchases for supplies and equipment.
60001,N,,General Services,General Services
60001,N,,IT Systems,IT Systems
60001,N,,Consultant Services,Consultant Services
60001,Y,,Public Projects,"Construction, reconstruction, erection, alteration, renovation, improvement, demolition, painting, repainting, and repair work involving any publicly owned, leased, or operated facility governed by (Public Contract Code 22002c)."
61001,Y,,Yes,
61001,Y,,No,
60002,Y,,Admin,Admin
60002,Y,,Attorney,Attorney
60002,Y,,CDD,CDD
60002,Y,,Finance,Finance
60002,Y,,Fire,Fire
60002,Y,,HR,HR
60002,Y,,PW,PW
60002,Y,,ParksRec,ParksRec
60002,Y,,Police,Police
60002,Y,,Utilities,Utilities
58003,Y,,71006,Project Expenditures
58003,Y,,71007,Materials
58003,Y,,71501,Completed Projects (Undesignated Capital)
58003,Y,,71999,Legacy Project Expenses
61002,Y,,NA,Not Applicable
58001,Y,,717,Narcotics Task Force
58001,Y,,718,Mayor’s Youth Task Force
58001,Y,,719,PEG – PAT
58001,Y,,803,Payroll Control Fund
58001,Y,,804,Utility Billing Control Fund
58001,Y,,805,Investment Control Fund
58002,Y,,9502,Legacy
62001,Y,,100,CITY HALL- 990 PALM
62001,Y,,101,CITY LIBRARY OLD- 888 MORRO
62001,Y,,109,RAILROAD MUSEUM
62001,Y,,300,BOWDEN RANCH OPEN SPACE
62001,Y,,301,IRISH HILLS OPEN SPACE
62001,Y,,303,IRISH HILLS OPEN SPACE
62001,Y,,307,ISLAY HILL OPEN SPACE
62001,Y,,308,STENNER SPRINGS OPEN SPACE
62001,Y,,309,HASTING PROPERTY
62001,Y,,310,FILIPPONI OPEN SPACE
62001,Y,,311,FROOM RANCH OPEN SPACE
62001,Y,,400,CDD and PW OFFICES -919 PALM
62001,Y,,500,UTILITIES OFFICES- 879 MORRO
62001,Y,,504,CORP YARD PESTIC SHED-25 PRADO
62001,Y,,506,CORP YARD WWCL SHOP F-25 PRAD
62001,Y,,507,WATER TREATMENT PLANT
62001,Y,,508,WATER PUMP STATION FELMAR D
62001,Y,,509,RESERVOIR-HWY101 N OF CSTAPK
62001,Y,,511,PARKING STRUCTURE- 919 PALM
62001,Y,,512,PARKING LOT # 14 - 614 MONTERE
62001,Y,,514,PARKING LOT #10 - NIPOMO/HIGUE
62001,Y,,516,PARKING LOT #2 - BROAD/MARSH
62001,Y,,518,PARKING STRUCTURE PACIFIC/CHOR
59001,Y,,211,SB1 Road Repair 2017
59001,Y,,401,Capital Outlay Fund
59001,Y,,402,Fleet Repl Fund
59001,Y,,101,General Fund
59001,Y,,201,Local Sales Tax Fund
59001,Y,,202,Downtown
59001,Y,,203,Gas Tax Fund
59001,Y,,204,TDA - Bikeway Fund
59001,Y,,205,CDBG Fund
59001,Y,,206,Law Enforce Grant Fund
59001,Y,,207,Public Art Private Sector Fund
59001,Y,,208,Tourism Bid Fund
59001,Y,,209,SB1186 CASP Certify Fund
59001,Y,,210,Debt Service Fund
59001,Y,,403,Info Tech Repl Fund
59001,Y,,404,Major Facility Repl Fund
59001,Y,,405,Infrastructure Invest CIP Fund
59001,Y,,501,Parkland In-Lieu Fee (Quimby) Fund
59001,Y,,502,Open Space Protection Fund
59001,Y,,503,Airport Area Impact Fee Fund
59001,Y,,504,LOVR Impact Fee Fund
59001,Y,,505,Affordable Housing Fund
59001,Y,,506,Wastewater Dev Impact Fee Fund
59001,Y,,507,Transportation Impact Fee Fund
59001,Y,,601,Water Fund
59001,Y,,602,Sewer Fund
59001,Y,,611,Parking Fund
59001,Y,,621,Transit Fund
59001,Y,,701,General Agency Fund
59001,Y,,705,Whale Rock Fund
59001,Y,,710,Jack House Fund
59001,Y,,711,Haz Mat Task Force Fund
59001,Y,,712,City Of SLO PEG Fund
59001,Y,,713,SLCUSD PEG Fund
59001,Y,,714,Duvall Fund
59001,Y,,715,Boysen Ranch Conserv Easemt Fund
59001,Y,,801,Investment Earnings Contr
59001,Y,,802,Insurance ISF Fund
59001,Y,,999,GASB Funds
58001,Y,,716,Police-Bomb Task Force
62001,Y,,104,CHILDREN'S MUSEUM
62001,Y,,304,JOHNSON RANCH OPEN SPACE
62001,Y,,305,SOUTH HILLS OPEN SPACE
62001,Y,,502,CORP YARD FLAMMABLE D- 25 PRAD
62001,Y,,519,PKING LOT #11 N # 3 PALM/MONTE
62001,Y,,521,TANK FARM LIFT STATION
62001,Y,,523,LAGUNA LIFT STATION
62009,Y,,LIGHTWEIGHT - DUMP TRUCKS,644
62009,Y,,MANHOLES,363
62009,Y,,MEDIUMWEIGHT - DUMP TRUCKS,654
62009,Y,,MEDIUMWEIGHT -SUV- VANS,652
62009,Y,,MOTORCYCLES / SCOOTERS- POLICE,621
62009,Y,,PARKING METERS,383
62009,Y,,PIPELINES,350
62009,Y,,SEMI-TRAILERS,671
62009,Y,,STREET TREES,324
62009,Y,,STREETS PAVEMENT,310
62009,Y,,TRAILERS - OTHER,675
61010,Y,,Duty,
61010,Y,,Other,
61010,Y,,SWAT,
61011,Y,,Body Protection,
61011,Y,,Bullet Proof Shield,
61011,Y,,Helmet,
61011,Y,,Other,
58002,Y,,9501,Projects
58001,Y,,508,Public Safety Development Impact Fee Fund
58003,Y,,41100,Property Tax - Parent2
58003,Y,,41101,Property Taxes - Current Secured
58003,Y,,43100,Fines - Parent2
58003,Y,,43101,Motor Vehicle Fines
58003,Y,,43102,Misdemeanors & Infractions
58003,Y,,43103,Parking Fines
58003,Y,,43104,Police Issued Parking Fines
58003,Y,,44100,Investment Income - Parent2
58003,Y,,44101,Interest on Investment
58003,Y,,44102,MV Gain/Loss
58003,Y,,44103,Interest Distributed
58003,Y,,44104,Interest Receipts
58003,Y,,44105,Portfolio Investment Income
58003,Y,,44106,Realization Gain Loss N Invest
58003,Y,,44107,Investment FMV Adjustment
58003,Y,,44108,FMV Adjustment Distribution
58003,Y,,44109,Interest Bank Charges
58003,Y,,44110,Interest Paid on Investment
58003,Y,,44200,Property Revenue - Parent2
58003,Y,,44201,Library Rental
58003,Y,,44202,Indoor Rental & Use Fees
58003,Y,,44203,Outdoor Rental & Use Fees
58003,Y,,44204,Other Rent & Lease Revenue
58003,Y,,44300,Miscellaneous Revenue - Parent2
58003,Y,,44301,Sale of Surplus Property
62009,Y,,LAND,100
62009,Y,,"MOTORCYCLES, SCOOTERS - OTHERS",625
62009,Y,,POLICE,Police Department
62009,Y,,PRINTERS/COPIERS/SCANNERS/FAX,410
62009,Y,,SIDEWALKS,314
61009,Y,,Yes,
61009,Y,,No,
53533,N,,SLO Revenue,Revenue Budget for City of San Luis Obispo
58003,Y,,21013,Utility Billing Clearing (Springbrook)
164881,Y,,03,
53173,Y,,NAMED_USERS_ERPSS_PRO,Enterprise Resource Planning for Self Service Cloud Service - All Professional Users
52914,Y,,NAMED_USERS_PAY_CORE,Oracle Fusion Payroll Core Cloud Service
164881,Y,,04,
164881,Y,,05,
58003,Y,,46300,Fire Fees - Parent2
58003,Y,,46301,Medical ER Recovery
58003,Y,,46302,R1 Inspection Fees
58003,Y,,46303,Cal Poly Fire Services
58003,Y,,46304,CUPA Inspection Fees
58003,Y,,46305,Hazardous Materials Recovery
58003,Y,,46306,Other Fire Department Revenue
58003,Y,,46500,Police Fees - Parent2
58003,Y,,46501,Accident Reports
58003,Y,,46502,Collision Investigation
58003,Y,,46503,Witness Fees
58003,Y,,46504,Property Release Fees
58003,Y,,46505,Tow Release Fees
58003,Y,,46506,Second Response Fees
58003,Y,,46507,DUI Cost Recovery
58003,Y,,46508,Other Police Revenue
58003,Y,,46900,Other Service Charges - Parent2
58003,Y,,46901,Miscellaneous Service Charges - Citywide
58003,Y,,46902,SLO County TMD Administration Fee
58003,Y,,46903,CDBG Administration Fee
58003,Y,,47202,Fair Share Mitigation Fees
58003,Y,,46218,Special Events - City Sponsored
58003,Y,,21100,Current Portion of Long Term Debt
58003,Y,,21101,2002 CIEDB Loan - Parking
58003,Y,,21102,2004 SWRCB Water Reuse Loan
58003,Y,,21103,2008 Tank Farm Loan - Suntrust
58003,Y,,21108,2014 LOVR Lease Rev Bonds
58003,Y,,21109,2018 Refunding Lease Revenue Bonds
58003,Y,,21110,2018 Water Refunding Bonds
58003,Y,,25100,Loans
58003,Y,,25101,2002 CIEDB Loan - Parking
58003,Y,,25102,2004 SWRCB Water Reuse Loan
62009,Y,,MEDIUMWEIGHT SERVICE TRUCKS,653
62004,Y,,Air Compressor,
62004,Y,,Dishwasher,
62004,Y,,Dryer,
62004,Y,,Extractor,
62004,Y,,Stove/Range,
62004,Y,,Washing Machine,
62006,Y,,Cutters,
62006,Y,,Generators,
62006,Y,,Hose,
62006,Y,,Ladders,
62006,Y,,Monitors/Defib (Cardiac),
62006,Y,,Rams,
62006,Y,,Rescue 42s,
62006,Y,,SCBAs,
62006,Y,,Saws,
62006,Y,,Spreaders,
58003,Y,,42100,"Licenses, Permits, Franchises - Parent2"
58003,Y,,42101,Business Licenses
58003,Y,,42102,Cannabis Operator License
58003,Y,,42103,Building Permits
58003,Y,,42104,Encroachment Permits
58003,Y,,42105,Industrial User Permits
58003,Y,,42106,Franchise Fees
58003,Y,,44303,Special Events Insurance
58003,Y,,44305,Damage to City Property
58003,Y,,44306,Credit Collections
58003,Y,,44307,WRRF Energy Projects Rebate
58003,Y,,44308,Sales Non-Taxable
58003,Y,,44309,Sales Taxable
58003,Y,,44310,Miscellaneous Revenue
58003,Y,,46200,Recreation Services - Parent2
58003,Y,,46201,Adult Athletic Fees
58003,Y,,46202,Youth Athletic Fees
58003,Y,,46203,Instruction Fees
58003,Y,,46204,Special Event Fees - App/Permit
58003,Y,,46205,Youth Services Childcare
58003,Y,,46206,Youth Services Camps
58003,Y,,46207,Junior Ranger Camps
58003,Y,,46208,Aquatics Daily Use Fees
58003,Y,,46209,Swim Instruction Fees
58003,Y,,46210,Multi Day Swim Passes
58003,Y,,46211,Therapy Pool Fees
58003,Y,,46219,Golf Cart Rentals
58003,Y,,25103,2008 Tank Farm Loan - Suntrust
58003,Y,,25104,2008 Tank Farm Loan - I Bank
58003,Y,,25200,Bonds Outstanding
58003,Y,,25201,Original Issue Premium
58003,Y,,25202,2012 Lease Revenue Bonds
58003,Y,,25203,2012 Water Rev Ref Bonds
62009,Y,,HEAVY SUV-VANS-OTHER VEHICLES,615
62009,Y,,LIGHTWEIGHT - SUV- VANS,642
62009,Y,,PARKING LOTS,380
62009,Y,,STORAGE TANKS,358
62009,Y,,STORMDRAINS,370
62009,Y,,TRAFFIC SIGNALS,318
62009,Y,,TREATMENT PLANTS,354
62008,Y,,Hand Gun,
62008,Y,,Less Lethal,
62008,Y,,Other,
62008,Y,,Rifle,
62008,Y,,Shot Gun,
58003,Y,,61015,Other Insurance
58003,Y,,41102,Property Taxes - Current Unsecured
58003,Y,,41103,Property Taxes - Prior Secured
58003,Y,,41104,Property Taxes - Prior Unsecured
58003,Y,,41105,Property Tax In Lieu of Vehicle License Fee (VLF)
58003,Y,,41106,Other Property Taxes
58003,Y,,41107,City Housing Authority Property Tax In Lieu
58003,Y,,44302,Disability Insurance Reimbursement
58003,Y,,44304,Housing Loan Repayment
177923,Y,,IN_GROSS_DEDUCTIONS_80C,
177923,Y,,IN_GROSS_DEDUCTIONS_80CCD1,
58003,Y,,46602,Cal Poly Transit Agreement Revenues
58003,Y,,47204,Offsite AG Mitigation Fees
177923,Y,,IN_GROSS_DEDUCTIONS_80CCD1B,
58003,Y,,45214,LTF Art 3 Sec 99233.3 (Bikeways)
58003,Y,,45215,State of Good Repair (SGR)
58003,Y,,45216,Low Carbon Operation Revenue
60001,N,,Construction Public Projects,Construction Public Projects
177923,Y,,IN_GROSS_DEDUCTIONS_80D,
60001,Y,,Job Order Contracts,Job Order Contracts
60001,Y,,Professional Services,Professional work provided to the City by trained and experienced individuals or firms.
177923,Y,,IN_GROSS_DEDUCTIONS_80DD,
177923,Y,,IN_GROSS_DEDUCTIONS_80DDB,
177923,Y,,IN_GROSS_DEDUCTIONS_80E,
177923,Y,,IN_GROSS_DEDUCTIONS_80EE,
177923,Y,,IN_GROSS_DEDUCTIONS_80EEA,
177923,Y,,IN_GROSS_DEDUCTIONS_80EEB,
177923,Y,,IN_GROSS_DEDUCTIONS_80G,
177923,Y,,IN_GROSS_DEDUCTIONS_80GGA,
58003,Y,,21104,2008 Tank Farm Loan - I Bank
58003,Y,,21105,2012 Lease Revenue Bonds
58003,Y,,21106,2012 Water Rev Ref Bonds
58003,Y,,21107,2014 US Bank Lease - Wastewater
62009,Y,,HYDRANTS,362
62009,Y,,MANHOLES- CREEK / FLOOD PROTEC,376
62009,Y,,MISCELLANEOUS EQUIPMENT,505
62009,Y,,OTHER EQUIPMENT,685
62009,Y,,PUBLIC ART,150
62009,Y,,STREET LIGHTS,316
58003,Y,,31020,Legacy Equity
69005,Y,,1,Financial Administrative
69005,Y,,2,Streets and Highways
69005,Y,,3,Public Welfare
69005,Y,,4,Police Protection
69005,Y,,5,Fire Protection
69005,Y,,10,Community Development
69005,Y,,11,Corrections
69005,Y,,12,Utilities and Transportation
69005,Y,,13,Sanitation and Sewage
69005,Y,,15,Other
69006,Y,,7706,Fire Safety
69006,Y,,7720,Police Safety
69006,Y,,8810,Clerical
69006,Y,,9410,Muni Non-Manual
69006,Y,,9420,Muni Manual
69005,Y,,6,Natural Resources and Parks and Recreation
58003,Y,,29999,Payroll Suspense
58003,Y,,43200,Penalties - Parent2
58003,Y,,43201,Miscellaneous Penalties
58003,Y,,43202,Code Enforcement Fines
58003,Y,,43300,Administrative Citations - Parent2
58003,Y,,43301,Administrative Citations - Safety
58003,Y,,43302,Administrative Citations - General
58003,Y,,43303,Administrative Citations - Utilties
58003,Y,,46100,Planning and Engineering Services - Parent2
58003,Y,,46101,Planning & Zoning Fee
58003,Y,,46102,Development Review Fees
58003,Y,,46103,Plan Check Fees
58003,Y,,46104,Sewer Wye Abandonment and Installation Fees
58003,Y,,46105,Infrastructure Plan Check & Inspection
58003,Y,,46106,Fire Plan Check & Inspection
58003,Y,,46107,Engineering Development Review Fees
58003,Y,,46212,Driving Range Fees
58003,Y,,46213,Golf Greens Fees
58003,Y,,46214,Golf Lesson Fees
58003,Y,,46215,Golf Rental Fees
58003,Y,,46216,Jack House Revenue
58003,Y,,46217,Other Parks & Recreation Revenue
58003,Y,,46700,Utility Fees - Parent2
58003,Y,,46701,Sales to Cal Poly
62009,Y,,LIGHTWEIGHT - PICKUPS,641
62009,Y,,PASSENGERVEHICLES SEDAN,610
62005,Y,,Duty Boots,
62005,Y,,Structure Turnout Boots,
62005,Y,,Structure Turnout Coats,
62005,Y,,Structure Turnout Pants,
177923,Y,,IN_GROSS_DEDUCTIONS_80GGC,
177923,Y,,IN_GROSS_DEDUCTIONS_80TTA,
177923,Y,,IN_GROSS_DEDUCTIONS_80U,
53479,Y,,PRM_PARTNER_USER_COUNTS,PRM Partner User Counts
155616,Y,,01,
59001,Y,,803,Payroll Control Fund
58003,Y,,21005,Use Tax Clearing
70003,Y,,1,Officials/Administrative
70003,Y,,2,Professionals
70003,Y,,3,Technicians
70003,Y,,4,Protect/Services
70003,Y,,5,Paraprofessional
70003,Y,,6,Administrative Support
70003,Y,,7,Skilled Crafts
70003,Y,,8,Service/Maintenance
58002,Y,,6107,Solid Waste Recycling
58003,Y,,46003,Fair Share Mitigation Fees
59001,Y,,508,Public Safety Development Impact Fee Fund
170791,Y,,01,CRM Essential users
170793,Y,,01,CRM Limited users
53479,Y,,ESSENTIAL_USER_COUNTS,CRM Essential User Counts
53479,Y,,LIMITED_USER_COUNTS,CRM Limited User Counts
163391,N,,State Bank of India,
163406,Y,,Q1,
163406,Y,,Q2,
163406,Y,,Q3,
58003,Y,,41200,Sales Tax
58003,Y,,41201,Sales and Use Tax
58003,Y,,41202,Safety Prop 172
58003,Y,,41300,Gas Tax - Parent2
58003,Y,,41301,Gas Tax (2105)
58003,Y,,41302,Gas Tax (2107)
58003,Y,,41303,Gas Tax (2107.5)
58003,Y,,41304,Select Road (2106)
58003,Y,,41305,Gas Tax (R&T 7360)
58003,Y,,41306,Gas Tax (SB1 2017)
58003,Y,,41400,Other Taxes - Parent2
58003,Y,,47209,Commercial Linkage Fee
62009,Y,,HEAVY STREET SWEEPERS,664
62009,Y,,JUNCTIONS,374
62009,Y,,MOVERS/TRACTORS,683
62009,Y,,NETWORK EQUIPMENT,420
62009,Y,,PUMP STATION/LIF STATION,352
62009,Y,,TRAILS,303
62009,Y,,UNDERGROUND UTILITIES,361
53533,N,,FY19 Revenue,Revenue Budget for FY19
58002,Y,,9503,Impact Fee Acquisition
58002,Y,,9504,Impact Fee Improvement
58003,Y,,41005,Real Property Transfer Tax
58003,Y,,41006,Other Property Tax
58003,Y,,41015,Sales and Use Taxes
58003,Y,,81003,Other Financing Uses
58003,Y,,41108,Homeowner Property Tax Relief
58003,Y,,41401,Utility User Tax
58003,Y,,41402,Transient Occupancy Tax
58003,Y,,41403,Business Tax
58003,Y,,41404,Cannabis Tax
58003,Y,,42107,Police Department Permits
58003,Y,,42108,Tobacco Permits
58003,Y,,42109,Fire Department Permits
58003,Y,,42110,Fire Alarm Permits
58003,Y,,42111,Alarm Permits - Contract (Police)
58003,Y,,42112,Other City Licenses & Permits
58003,Y,,45100,County - Parent2
58003,Y,,45101,Zone 9 Streambed Clearance
58003,Y,,45200,State - Parent2
58003,Y,,45201,Cal OES Engine Reimbursement
58003,Y,,45202,Police Training Grant (POST)
58003,Y,,45203,Law Enforcement SB229 Grant (COPS SLESF)
58003,Y,,45204,Prop 1B Revenue
58003,N,,45205,State BEGIN Funds
58003,Y,,45206,State SB90 Refunds
58003,Y,,45207,Office of Traffic Safety (OTS) Grants
58003,Y,,45208,LTF Art 4 Sec 99260 (Discretionary LTF)
58003,Y,,45209,STA Revenue
58003,Y,,45210,AB939 Reimbursement
58003,Y,,45211,Other State Grants
58003,Y,,45400,Other Grants & Subventions - Parent2
58003,Y,,45401,Mutual Aid Reimbursements
58003,Y,,45402,Other Grants/Subventions
58003,Y,,46400,Parking Fees - Parent2
58003,Y,,46401,Parking Meters - Lots
58003,Y,,46402,Parking Meters - Streets
58003,Y,,46403,Parking Structures
58003,Y,,46404,Long Term Parking
58003,Y,,46405,Parking in-Lieu
58003,Y,,46600,Transit Fees - Parent2
58003,Y,,46601,Bus Fare
58003,Y,,46702,Water Sales
62009,Y,,HEAVYDUMP TRUCKS,663
62009,Y,,LANDSCAPED MEDIANS,322
62009,Y,,LIGHTWEIGHT - FORKLIFT- OTHER,645
62009,Y,,LIGHTWEIGHT SERVICE TRUCKS,643
62009,Y,,MEDIUMWEIGHT - PICKUPS,651
62009,Y,,MEDIUMWEIGHT- FORKLIFT- OTHER,655
62009,Y,,MISCELLANEOUS MARINE,684
62009,Y,,MOTORCYCLES / SCOOTERS- OTHER,625
62009,Y,,PARKS IMPROVEMENT,300
62009,Y,,RESERVOIRS,356
62009,Y,,SOFTWARE,425
62009,Y,,CONSTRUCTION EQUIPMENT,681
163406,Y,,Q4,
163408,Y,,A,
163408,Y,,B,
163408,Y,,C,
164880,N,,1,
164881,Y,,01,
164881,Y,,02,
58003,Y,,12012,P-Card Prepay Clearing
58003,Y,,12006,Deferred Outflow - OPEB
58003,Y,,21014,Deferred Inflow - OPEB
58003,Y,,25007,Other Post Employment Benefits (OPEB) Liability
58003,Y,,45300,Federal - Parent2
58003,Y,,45301,US DOJ Federal Grants
58003,Y,,45302,FTA 5307 (Capital)
58003,Y,,45303,FTA 5307 (Preventative Maintenance)
58003,Y,,45304,FTA 5307 (Operating)
58003,Y,,45305,Other Federal Grants
58003,Y,,46703,Utilities Base Charges
58003,Y,,46704,Reclaimed Water Sales
58003,Y,,46705,Sewer Service Charges
58003,Y,,46706,Whale Rock Operating Charges
58003,Y,,46707,Whale Rock CIP Contributions
58003,Y,,46708,Utilities Set-up Fees
58003,Y,,46709,Other Utilities Charges
58003,Y,,46710,Fishing Program Revenues
58003,Y,,46800,Technology Fees - Parent2
58003,Y,,46801,IT Surcharge
58003,Y,,47100,Special Assessments - Parent2
58003,Y,,47101,Downtown Association Assessment
58003,Y,,47102,TBID Assessment Revenue
58003,Y,,47103,Fire HazMat Task Force
58003,Y,,47104,Police Bomb Task Force
58003,Y,,47200,Impact Fees - Parent2
58003,Y,,47201,Impact Fees
58003,Y,,25405,Other Long Term Liabilities
58003,Y,,59999,Salary Savings
58002,Y,,1009,Community Services Group
52363,Y,,ORA_PO_ORDERS_COMM_ELECTRONICALLY,Purchase Orders Communicated Electronically
52363,Y,,ORA_PO_ORDERS_COMM_MANUALLY,Purchase Orders Communicated Manually
52363,Y,,ORA_PRC_ACTIVE_USERS_COUNT,Active Self Service Procurement Users
52363,Y,,ORA_PRC_PO_LINES_COUNT,Purchase Order Lines Created from Catalog Request
52364,Y,,PRC,Procurement
52463,Y,,01,
52464,Y,,01,
52464,Y,,02,
52464,Y,,03,
52464,Y,,04,
52464,Y,,05,
52464,Y,,06,
52464,Y,,07,
52464,Y,,08,
52464,Y,,09,
52464,Y,,10,
52464,Y,,11,
52464,Y,,12,
52466,Y,,01,
52467,Y,,01,
52467,Y,,02,
52467,Y,,03,
52467,Y,,04,
52467,Y,,05,
52467,Y,,06,
52467,Y,,07,
52380,Y,,01,
52380,Y,,02,
52380,Y,,03,
52380,Y,,04,
52380,Y,,05,
52468,Y,,01,
52469,Y,,01,
52469,Y,,02,
58003,Y,,49002,Reimbursement Transfer In
58003,Y,,49003,Local Revenue Measure Transfer In
58003,Y,,69000,Emergency Incident Response
58003,Y,,69001,COVID-19
58003,Y,,75002,Reimbursement Transfer Out
58003,Y,,75003,Local Revenue Measure Transfer Out
58003,Y,,45306,FEMA Reimbursements - COVID
58003,Y,,45307,Federal Stimulus Grants
58002,Y,,9100,Development Impact Fees
58002,Y,,9101,Citywide
58002,Y,,9102,Margarita Area Specific Plan
58002,Y,,9103,Airport Area Specific Plan
58002,Y,,9104,Orcutt Area Specific Plan
58002,Y,,9105,San Luis Ranch 
58002,Y,,9106,Los Osos Valley Road
58002,Y,,9107,Avila Ranch
58002,Y,,9201,Fire
58002,Y,,9202,Police
58003,Y,,44311,BEGIN Loan Repayment - State
58003,Y,,46406,City Employee Parking
65001,Y,,NAMED_USER_PSBL,Public Sector Business Licenses Cloud Service – Hosted Named Users
65001,Y,,NAMED_USER_PSCR_BL,Business Licenses For Public Sector Community Development Cloud Service - Hosted Named Users
52914,Y,,NAMED_USERS_PAY_AE,Payroll Cloud Service for United Arab Emirates
52914,Y,,NAMED_USERS_PAY_CA,Payroll Cloud Service for Canada
52914,Y,,NAMED_USERS_PAY_CN,Payroll Cloud Service for China
52914,Y,,NAMED_USERS_PAY_GB,Payroll Cloud Service for United Kingdom
52914,Y,,NAMED_USERS_PAY_KW,Payroll Cloud Service for Kuwait
177923,Y,,IN_ACTUAL_DEDUCTIONS_80EEA,
177923,Y,,IN_ACTUAL_DEDUCTIONS_80EEB,
177923,Y,,IN_ACTUAL_DEDUCTIONS_80G,
177923,Y,,IN_ACTUAL_DEDUCTIONS_80GG,
177923,Y,,IN_ACTUAL_DEDUCTIONS_80GGA,
177923,Y,,IN_ACTUAL_DEDUCTIONS_80GGC,
177923,Y,,IN_ACTUAL_DEDUCTIONS_80TTA,
177923,Y,,IN_ACTUAL_DEDUCTIONS_80U,
177923,Y,,IN_DEDUCTIONS_UNDER_80C,
177923,Y,,IN_DEDUCTIONS_UNDER_80CCD1,
177923,Y,,IN_EMPLOYMENT_TAX,
177923,Y,,IN_F16_EDUCATION_CESS,
177923,Y,,IN_F16_OTHER_INCOME,
58003,Y,,25207,2018 Water Refunding Bonds
58003,Y,,81004,Cost of Issuance
58003,Y,,72001,Development Impact Fee Expenses
58003,Y,,72000,Development Impact Fee Expenses
177923,Y,,IN_F16_SURCHARGE_WITH_MARGINAL_RELIEF,
177923,Y,,IN_F16_TAX_ON_TOTAL_INCOME,
52464,Y,,22,
52464,Y,,23,
52464,Y,,24,
52464,Y,,25,
52464,Y,,26,
52464,Y,,27,
52464,Y,,28,
58002,Y,,5302,Flood Control
58003,Y,,46509,Impound Fees
58003,Y,,46220,Dwelling Unit Fee
58003,Y,,81009,Principal Audit Reclassification
58001,Y,,519,Park Improvement Impact Fee - Citywide Fund
59001,Y,,519,Park Improvement Impact Fee - Citywide Fund
58003,Y,,47203,Parkland In-Lieu Fees (Quimby)
58003,Y,,11011,Restricted Cash
58003,Y,,21111,2019 SRF Wastewater Loan
58003,Y,,21112,2020 Water Treatment - I Bank
58003,Y,,25105,2019 SRF Wastewater Loan
58003,Y,,25106,2020 Water Treatment - I Bank
58003,Y,,48004,Audit Reclassification
58003,Y,,21015,Deferred Inflow Other (ex: unavailable revenue)
58003,Y,,13002,Loans Receivable
52464,Y,,29,
52464,Y,,31,
52464,Y,,32,
52464,Y,,33,
52482,Y,,16,
52363,Y,,NAMED_USERS_PRC,Oracle Fusion Procurement Cloud Service - Hosted Named User
52363,Y,,NAMED_USERS_PRC_SS,Oracle Fusion Procurement for Self Service Cloud Service - Hosted Named User
58003,Y,,46510,Police Asset Forfeiture Pending
58001,Y,,406,Public Safety Equipment Replacement Fund
59001,Y,,406,Public Safety Equipment Replacement Fund
58003,Y,,46712,Low Income Subsidy
58003,Y,,46713,Cal Poly Capacity & Resilience
58002,Y,,1010,Office of DEI
58003,Y,,45212,SB 1090 Proceeds
58003,Y,,85004,Reclass to Fixed Assets
112741,Y,,01,
112742,Y,,01,
112742,Y,,02,
112742,Y,,03,
112742,Y,,04,
112742,Y,,05,
112742,Y,,06,
126091,Y,,31,
126091,Y,,32,
111741,Y,,02,
111546,Y,,01,
111546,Y,,02,
111546,Y,,03,
111546,Y,,04,
111546,Y,,05,
111550,Y,,01,
111550,Y,,02,
111550,Y,,03,
111550,Y,,04,
58003,Y,,46711,Water Distribution (Pumping) Charges
59001,Y,,518,Park Development Impact Fee OASP Fund
111550,Y,,05,
111550,Y,,06,
111550,Y,,07,
177923,Y,,IN_ACTUAL_DEDUCTIONS_80EE,
177923,Y,,IN_GROSS_SAL_PREV_EMPL,
177923,Y,,IN_INCOME_TAX_PAID_PREV_EMPL,
177923,Y,,IN_LOSS_ON_HOUSE_PROPERTY,
177923,Y,,IN_REBATE_87A,
177923,Y,,IN_RELIEF_UNDER_SECTION89,
59001,Y,,805,Investment Control Fund
58003,Y,,46108,Engineering OT Reimbursement
58003,Y,,61016,Purchased Transportation
177923,Y,,IN_SEC_AND_HE_CESS_PREV_EMPL,
177923,Y,,IN_STANDARD_DEDUCTION,
176183,Y,,01,
176183,Y,,02,
59001,Y,,509,Water Impact Fee Fund
59001,Y,,510,Parkland Development Impact Fee - Citywide Fund
59001,Y,,511,OASP Park Fund
59001,Y,,512,MASP Park Fund
59001,Y,,513,General Government Impact Fee Fund
59001,Y,,514,SLR Transportation Impact Fee Fund
59001,Y,,515,OASP Transportation Impact Fee Fund
59001,Y,,516,Fire Impact Fee Fund
59001,Y,,517,Police Impact Fee Fund
58001,Y,,518,Park Development Impact Fee OASP Fund
58003,Y,,22025,Fire RMT Payable
177923,Y,,IN_TAXABLE_EMPLOYER_CHARGES,
177923,Y,,IN_ALLOW_TYPE_AA_EXEMPT_AMOUNT,
177923,Y,,IN_ALLOW_TYPE_AA_NON_EXEMPT_AMOUNT,
177923,Y,,IN_ALLOW_TYPE_CA_EXEMPT_AMOUNT,
177923,Y,,IN_ALLOW_TYPE_CA_NON_EXEMPT_AMOUNT,
177923,Y,,IN_ALLOW_TYPE_CEA_EXEMPT_AMOUNT,
177923,Y,,IN_ALLOW_TYPE_CEA_NON_EXEMPT_AMOUNT,
177923,Y,,IN_ALLOW_TYPE_CFA_EXEMPT_AMOUNT,
177923,Y,,IN_ALLOW_TYPE_CFA_NON_EXEMPT_AMOUNT,
177923,Y,,IN_ALLOW_TYPE_CMFA_EXEMPT_AMOUNT,
177923,Y,,IN_ALLOW_TYPE_CMFA_NON_EXEMPT_AMOUNT,
177923,Y,,IN_ALLOW_TYPE_DLA_EXEMPT_AMOUNT,
177923,Y,,IN_ALLOW_TYPE_DLA_NON_EXEMPT_AMOUNT,
177923,Y,,IN_ALLOW_TYPE_HAA_EXEMPT_AMOUNT,
177923,Y,,IN_ALLOW_TYPE_HAA_NON_EXEMPT_AMOUNT,
177923,Y,,IN_ALLOW_TYPE_HA_EXEMPT_AMOUNT,
176424,Y,,25,
176424,Y,,26,
148867,Y,,119,
52914,Y,,NAMED_USERS_PAY_MID_EAST,Payroll Cloud Service for Middle East
52914,Y,,NAMED_USERS_PAY_MX,Payroll Cloud Service for Mexico
52914,Y,,NAMED_USERS_PAY_QA,Payroll Cloud Service for Qatar
52914,Y,,NAMED_USERS_PAY_SA,Payroll Cloud Service for Saudi Arabia
52914,Y,,NAMED_USERS_PAY_US,Payroll Cloud Service for United States
52914,Y,,NAMED_USERS_TALENT_COEXISTENCE,Talent Management for Coexistence Cloud Service
52914,Y,,NAMED_USERS_TALENT_MNG,Talent Management and Workforce Compensation Cloud Service
177923,Y,,IN_SURCHARGE_PAID_PREV_EMPL,
52915,Y,,HED,Higher Education
126077,Y,,03,
126077,Y,,04,
58001,Y,,509,Water Impact Fee Fund
58001,Y,,510,Parkland Development Impact Fee - Citywide Fund
58001,Y,,511,OASP Park Fund 
58001,Y,,512,MASP Park Fund
58001,Y,,513,General Government Impact Fee Fund
58001,Y,,514,SLR Transportation Impact Fee Fund
58001,Y,,515,OASP Transportation Impact Fee Fund
58001,Y,,516,Fire Impact Fee Fund
58001,Y,,517,Police Impact Fee Fund
126077,Y,,05,
126077,Y,,06,
126077,Y,,07,
126077,Y,,08,
126077,Y,,09,
126077,Y,,10,
126077,Y,,11,
134069,Y,,01,Manage Contract Work Area
134069,Y,,02,Manage Contract Terms Library Work Area
134069,Y,,03,Author Standard Contract Terms and Conditions
53479,Y,,CONTRACTS_SVC_USER_COUNTS,CONTRACTS CLOUD SERVICE - HOSTED NAMED USER COUNTS
111029,Y,,30,
111029,Y,,31,
111029,Y,,32,
111029,Y,,33,
52477,Y,,06,
145262,Y,,01,
145262,Y,,02,
145262,Y,,03,
145262,Y,,04,
145262,Y,,05,
145262,Y,,06,
145262,Y,,07,
145262,Y,,08,
145262,N,,09,
145262,Y,,10,
145262,Y,,11,
145262,Y,,12,
58003,Y,,25204,2014 LOVR Lease Rev Bonds
58003,Y,,25205,2018 Refunding Lease Revenue Bonds
58003,Y,,25206,2006 Water Refunding Bonds
58003,Y,,25300,Capitalized Lease Obligations
58003,Y,,25301,2014 US Bank Lease - Wastewater
58003,Y,,25400,Other Long Term Liabilities
58003,Y,,25401,Compensated Absences
58003,Y,,25402,CalPERS Liability
145262,Y,,13,
145262,Y,,14,
145262,Y,,15,
145262,Y,,16,
145262,Y,,17,
52479,Y,,NAMED_USERS_PRODUCT_MANAGEMENT_REVIEWER,Oracle Fusion Product Management Reviewer Cloud Service -Hosted Named User
52482,Y,,17,
52482,Y,,18,
146245,Y,,01,
146245,Y,,02,
146246,Y,,01,
146252,Y,,01,
146252,Y,,02,
53479,Y,,CHAT_ACCESS_USER_COUNTS,CHAT Access User Counts
53479,Y,,CHAT_COBROWSE_ACCESS_USER_COUNTS,CHAT or COBROWSE Access User Counts
53479,Y,,LIVE_EXPERIENCE_USER_COUNTS,Live Experience Hosted User Counts
146624,Y,,BNP,Billing and Payment
146624,Y,,CE,Code Enforcement
146624,Y,,PMT,Permit
146624,Y,,PZ,Planning and Zoning
130231,Y,,01,
52363,Y,,NAMED_USERS_POZ_DF,Oracle DataFox Supplier Intelligence Cloud Service - Hosted Named User
131193,Y,,01,
53479,Y,,COBROWSE_ACCESS_USER_COUNTS,Cobrowse Access User Counts
53479,Y,,PRM_CHNL_MANAGER_USER_COUNTS,PRM Channel Manager User Counts
131199,Y,,01,
148867,Y,,112,
148867,Y,,113,
148867,Y,,114,
148867,Y,,115,
148867,Y,,116,
148867,Y,,117,
58003,Y,,12002,UB Accounts Receivable
148867,Y,,118,
111550,Y,,16,
111550,Y,,17,
111550,Y,,18,
111550,Y,,19,
111550,Y,,20,
111550,Y,,21,
111550,Y,,22,
52910,Y,,10,
52910,Y,,11,
52910,Y,,12,
111550,Y,,23,
111550,Y,,24,
111550,Y,,25,
111550,Y,,26,
111550,Y,,27,
111550,Y,,28,
111550,Y,,29,
53173,Y,,NAMED_USERS_ERP,Enterprise Resource Planning Cloud Service - Hosted Named Users
53173,Y,,NAMED_USERS_ERPSS,Enterprise Resource Planning for Self Service Cloud Service - Hosted Named Users
53173,Y,,NAMED_USERS_FRC,Financial Reporting Compliance Cloud Service - Hosted Named Users
53173,Y,,NAMED_USERS_VRM,Revenue Management Cloud Service - Hosted Named Users
111554,Y,,01,
111554,Y,,02,
111554,Y,,03,
111027,Y,,09,
111027,Y,,10,
111027,Y,,11,
111027,Y,,12,
111027,Y,,13,
111027,Y,,14,
111027,Y,,15,
111027,Y,,16,
111027,Y,,17,
111032,Y,,15,
111032,Y,,16,
111032,Y,,17,
111032,Y,,18,
111032,Y,,19,
52914,Y,,NAMED_USERS_WLF,Oracle Learning Cloud Service - Hosted Named Users
91180,Y,,BILL_TO_CUSTOMER_NUMBER,Bill to Customer Number
91180,Y,,BILL_TO_CUSTOMER_SITE_NUMBER,Bill to Customer Site Number
91180,Y,,CUSTOMER_ACCOUNT_NUMBER,Customer Account Number
91180,Y,,CUSTOMER_ACCOUNT_SITE_NUMBER,Customer Account Site Number
91180,Y,,CUSTOMER_NUMBER,Customer Number
91180,Y,,CUSTOMER_SITE_NUMBER,Customer Site Number
91180,Y,,INTERNAL_LOCATION_CODE,Internal Location Code
91180,Y,,LOCATION_ORGANIZATION_CODE,Location Organization Code
91180,Y,,OPER_ORGANIZATION_CODE,Operating Organization Code
91180,Y,,SITE_CUSTOMER_NUMBER,Site Customer Number
101484,Y,,01,
111027,Y,,01,
111027,Y,,02,
111027,Y,,03,
111027,Y,,04,
111027,Y,,05,
111027,Y,,06,
111027,Y,,07,
111027,Y,,08,
111029,N,,01,
111029,Y,,02,
111029,N,,03,
111029,Y,,04,
111029,N,,05,
111029,Y,,06,
111029,Y,,07,
111029,Y,,08,
111029,N,,09,
111029,Y,,10,
111029,N,,11,
111032,N,,12,
111032,Y,,13,
111032,Y,,14,
111035,N,,01,
148868,Y,,122,
148868,Y,,123,
148868,Y,,124,
148867,Y,,001,
148867,Y,,002,
148867,N,,003,
148867,N,,004,
148867,Y,,005,
148867,N,,006,
148867,Y,,007,
148867,Y,,008,
148867,Y,,009,
148867,Y,,010,
148867,Y,,011,
148867,N,,012,
148867,Y,,013,
148867,Y,,014,
148867,Y,,015,
148867,Y,,016,
148867,N,,017,
148867,Y,,018,
148867,Y,,019,
148867,Y,,020,
148867,Y,,021,
148867,Y,,022,
148867,Y,,101,
148867,Y,,102,
148867,Y,,103,
148867,Y,,104,
148867,Y,,105,
148867,Y,,106,
148867,Y,,107,
148867,Y,,108,
148867,Y,,109,
148867,Y,,110,
148867,Y,,111,
53173,Y,,NAMED_USERS_MID_ERPC,Enterprise Resource Planning Cloud for Midsize Cloud Service - Hosted Named Users
126077,Y,,01,
126077,Y,,02,
126090,Y,,01,
126090,Y,,02,
126090,Y,,03,
126090,Y,,04,
126090,Y,,05,
126090,Y,,06,
126090,Y,,07,
126090,Y,,08,
126090,Y,,09,
126090,Y,,10,
126090,Y,,11,
126090,Y,,12,
126090,Y,,13,
126090,Y,,14,
126090,Y,,15,
126090,Y,,16,
126090,Y,,17,
126090,Y,,18,
126090,Y,,19,
126090,Y,,20,
126090,Y,,21,
60002,Y,,CSG,Community Services Group
58003,Y,,57000,Project Expense Contra Accounts
58003,Y,,86000,Amortization
58003,Y,,71502,Completed Projects LRM
58001,Y,,212,San Luis Ranch CFD
58001,Y,,213,Avila Ranch CFD
59001,Y,,212,San Luis Ranch CFD
59001,Y,,213,Avila Ranch CFD
58003,Y,,31014,Police - Asset Forfeture Pending
58003,Y,,31015,Police - Evidence Fund Pending
58003,Y,,46511,Police Evidence Funds Pending
58002,Y,,8510,Mobile Crisis Unit
126090,Y,,22,
126090,Y,,23,
126090,Y,,24,
126090,Y,,25,
58003,Y,,57001,Project Expense Contra - Regular Salaries
58003,Y,,86001,GASB 68 - Pension
58003,Y,,86002,GASB 75 - OPEB
58003,Y,,31013,Police - Asset Forfeiture Available
126090,Y,,26,
126090,Y,,27,
126090,Y,,28,
126090,Y,,29,
126090,Y,,30,
126090,Y,,31,
126090,Y,,32,
126090,Y,,33,
126091,Y,,01,
126091,Y,,02,
177923,Y,,IN_ALLOW_TYPE_UGA_NON_EXEMPT_AMOUNT,
177923,Y,,IN_EARNINGS,
177923,Y,,IN_HOUSE_RENT_ALLOWANCE,
177923,Y,,IN_TAXABLE_PERQUISITES,
177923,Y,,IN_TAX_DEDUCTION,
177923,Y,,IN_COMMUTED_PENSION_EXEMPT_AMOUNT,
177923,Y,,IN_GRATUITY_EXEMPTED_AMOUNT,
177923,Y,,IN_HOUSE_RENT_ALLOWANCE,
177923,Y,,IN_LEAVE_ENCASHMENT_EXEMPTED_AMOUNT,
177923,Y,,IN_LTA_NON_TAXABLE_AMOUNT,
177923,Y,,IN_LTA_TAXABLE_AMOUNT,
177923,Y,,IN_RETRENCHMENT_COMP_EXEMPTED_AMOUNT,
177923,Y,,IN_TAXABLE_HOUSE_RENT_ALLOWANCE,
177923,Y,,IN_ACTUAL_DEDUCTIONS_80DDB,
177923,Y,,IN_ACTUAL_DEDUCTIONS_80E,
53175,Y,,07,
53175,Y,,08,
53175,Y,,09,
53175,Y,,10,
53176,Y,,01,
53199,Y,,5 millions and above,5 millions and above
53199,Y,,Up to 1 million,Up to 1 million
53199,Y,,Up to 5 millions,Up to 5 millions
53201,Y,,High,High
53201,Y,,Low,Low
53201,Y,,Medium,Medium
53203,Y,,Asia-Pacific,Asia-Pacific
53203,Y,,European Union,European Union
53203,Y,,North America,North America
58003,Y,,46109,Early Residential Development Fees
53533,Y,,Adopted Budget ,Current Revenue & Expenditure Budgets
58003,Y,,45217,"LTF ART 8 Sec 99400 (Road Maint, BIK)"
58003,Y,,46904,Construction & Demolition Recycling Permits
53479,Y,,NAMED_USERS_CRM,CRM Cloud Service - Hosted Named Users
53480,Y,,01,
53515,Y,,01,
53515,Y,,02,
53324,Y,,BASE_UNIT_OR_EACH,
53324,Y,,CASE,
53324,Y,,DISPLAY_SHIPPER,
53324,Y,,MIXED_MODULE,
53324,Y,,MULTIPACK,
53324,Y,,PACK_OR_INNER_PACK,
53324,Y,,PALLET,
53324,N,,PREPACK,
53324,N,,PREPACK_ASSORTMENT,
53324,Y,,SETPACK,
53470,Y,,ORA_BUY,Sales order fulfillment
53470,Y,,ORA_CANCEL,Return for credit
53470,Y,,ORA_CREDIT_ONLY,Return for credit
53470,Y,,ORA_RETURN,Return for credit
52204,Y,,02,Create Supplier Negotiation
52204,Y,,03,Submit Supplier Negotiation
52204,Y,,04,Award Supplier Negotiation
52204,Y,,05,Complete Supplier Negotiation Award
52482,Y,,13,
52482,Y,,14,
52482,Y,,15,
68323,Y,,N,No
68323,Y,,Y,Yes
82058,Y,,01,
82060,Y,,01,
82060,Y,,02,
53479,Y,,CHAT_HOSTED_NAMED_USER_COUNTS,Chat hosted named user counts
53479,Y,,CRM_HOSTED_NAMED_USER_COUNTS,CRM Hosted User Counts
58003,Y,,45213,CalOES Reimbursement
58003,Y,,31016,SLO Rep Theatre
52915,Y,,PSCR,Public Sector Compliance and Regulation
52467,Y,,08,
52467,Y,,09,
91180,Y,,WORK_CENTER_CODE,Work Center Code
91180,Y,,BUSINESS_UNIT_NAME,Business Unit Name
148867,N,,131,
148867,Y,,201,
148867,Y,,202,
148867,Y,,203,
148867,Y,,204,
148867,Y,,205,
91180,Y,,ITEM_NUMBER,Item Number
148867,Y,,206,
148867,Y,,301,
65002,Y,,01,Manage Quality Action
65002,Y,,02,Edit Inspection Plans
65002,Y,,03,Edit Characteristics
52477,N,,07,
52479,Y,,NAMED_USERS_ENQ,Quality Management Cloud Service - Hosted Named Users
84741,Y,,01,
84742,Y,,01,
84742,Y,,02,
84742,Y,,03,
84742,Y,,04,
84742,Y,,05,
84742,Y,,06,
84742,Y,,07,
84742,Y,,08,
53479,Y,,CDM_USER_COUNTS,CDM User Counts
53479,Y,,CHANNEL_MANAGER_USER_COUNTS,Channel Manager User Counts
65001,Y,,COUNT_OF_LNP_NEW_CITIZEN_ACCT_DAILY,PSCR Cloud Service - Citizen Accounts Created Daily Metrics
65001,Y,,COUNT_OF_PER_APP_SUBMITTED_DAILY,PSCR Cloud Service - Permit Applications Submitted Daily Metrics
65001,Y,,COUNT_OF_PER_INSPECTIONS_COMPLETED_DAILY,PSCR Cloud Service - Permit Inspections Completed Daily Metrics
65001,Y,,COUNT_OF_PER_TYPE_DAILY,PSCR Cloud Service - Permit Types Created Daily Metrics
65001,Y,,NAMED_USER_PSCR,PSCR Cloud Service - Hosted Named Users
58003,Y,,62512,Investigative Supplies
58003,Y,,57002,Project Expense Contra - Overtime
58003,Y,,46199,TIPP - Contra Revenue
58003,Y,,51012,Overtime - Training
58003,Y,,51013,Overtime - Mutual Aid
58003,Y,,46799,Use of COVID Rate Relief Program (contra-revenue)
65001,Y,,TIME_TO_COMPLETE_PER_APP,PSCR Cloud Service - Average Permit Completion Time Metrics
65008,Y,,01,
111035,N,,02,
111035,N,,03,
111035,N,,04,
111035,N,,05,
111035,N,,06,
111035,N,,07,
111035,N,,08,
52479,Y,,NAMED_USERS_DEMAND_MANAGEMENT,Oracle Fusion Demand Management Cloud Service - Hosted Named Users
52479,Y,,NAMED_USERS_ORDER_MANAGEMENT_NEW,Oracle Fusion Order Management Cloud Service - Hosted Named Users
52479,Y,,NAMED_USERS_PRODUCT_MANAGEMENT_NEW,Oracle Fusion Product Management Cloud Service - Hosted Named Users
52479,Y,,NAMED_USERS_SALES_AND_OPERATIONS_PLANNING,Oracle Fusion Sales and Operations Planning Cloud Service - Hosted Named Users
52479,Y,,NAMED_USERS_SUPPLY_CHAIN_EXECUTION,Oracle Fusion Supply Chain Execution Cloud Service - Hosted Named Users
52479,Y,,NAMED_USERS_SUPPLY_CHAIN_MANAGEMENT_LIMITED,Oracle Fusion Supply Chain Management Limited Cloud Service - Hosted Named Users
52479,Y,,NAMED_USERS_SUPPLY_PLANNING_NEW,Oracle Fusion Supply Planning Cloud Service - Hosted Named Users
110855,Y,,01,
110856,Y,,01,
110856,Y,,02,
110858,Y,,01,
110858,Y,,02,
110858,Y,,03,
110858,N,,04,
111029,Y,,12,
111029,Y,,13,
52328,Y,,01,
52329,Y,,01,
52330,Y,,01,
52363,Y,,NAMED_USERS_PO,Purchasing Cloud Service - Hosted Named Users
52363,Y,,NAMED_USERS_PON,Sourcing Cloud Service - Hosted Named Users
52363,Y,,NAMED_USERS_POQ,Supplier Qualification Cloud Service - Hosted Named Users
52363,Y,,NAMED_USERS_POR,Purchasing or Self Service Procurement Cloud Service - Hosted Named Users
58003,Y,,44312,Development Deposits
58003,Y,,31018,Development Activities
58003,Y,,15013,Right of Use Lease Asset
58003,Y,,44113,Interest Revenue - Leases
58003,Y,,69002,Emergency Incident Response
58003,Y,,31021,Police BSCC Funds
58003,Y,,44313,Police BSCC Funds
58003,Y,,47206,Services Special Tax
58003,Y,,47207,Facilities Special Tax
58003,Y,,31023,Whale Rock CIP Reserve Contribution - Cal Poly
58003,Y,,31024,Whale Rock CIP Reserve Contribution - CA Men's Colony
58003,Y,,31025,AB939 & SB1383 Fees
58003,Y,,62513,Asset Forfeiture Exp
58003,Y,,62514,BSCC Exp
58003,Y,,62515,Evidence Funds Exp
58003,Y,,62516,Nonrecoverable Damage to City Property
58003,Y,,62517,Cost Recoverable Damage to City Property
58003,Y,,62518,Biohazard Cleanup
58003,Y,,46714,Water Sales (Single Family Residential Tier 1)
58003,Y,,46715,Water Sales (Single Family Residential Tier 2)
58003,Y,,46716,Water Sales (Single Family Residential Tier 3)
58003,Y,,46717,Water Sales (Multifamily)
58003,Y,,46718,Water Sales (Non-Residential)
58003,Y,,46719,Water Sales (Landscape Irrigation)
58003,Y,,46720,Sewer Service Charge (Single Family Residential)
58003,Y,,46721,Sewer Service Fee (Multifamily)
58003,Y,,46722,Sewer Service Fee (Non-Residential)
153741,Y,,No,No
153741,Y,,Yes,Yes
58003,Y,,21016,Mitigation Fee Payable
59001,Y,,720,San Luis Ranch CFD Fund
58003,Y,,16013,Accumulated Amortization -Leases
58003,Y,,25313,LT Lease Liability
58003,Y,,81013,Interest Expense - Leases
58003,Y,,85013,Reclass to Leases - GASB 87
58003,Y,,86013,Amortization Expense - GASB 87
59001,Y,,721,San Luis Ranch Property Acquisition Fund
179741,Y,,Annual,Annual
179741,Y,,Quarter 1,Quarter 1
179741,Y,,Quarter 2,Quarter 2
179741,Y,,Quarter 3,Quarter 3
179741,Y,,Quarter 4,Quarter 4
176424,Y,,16,
176424,Y,,17,
176424,Y,,18,
176424,Y,,19,
176424,Y,,20,
176424,Y,,21,
176424,Y,,22,
176424,Y,,23,
176424,Y,,24,
52914,Y,,NAMED_USERS_HRE,Touchpoints Cloud Service - Hosted Named User
176426,Y,,07,
176426,Y,,08,
176426,Y,,09,
176426,Y,,10,
176426,Y,,11,
176426,Y,,12,
176427,Y,,01,
176427,Y,,02,
176427,Y,,03,
111029,Y,,14,
111029,Y,,15,
111029,Y,,16,
111029,Y,,17,
111029,N,,18,
111029,N,,19,
111029,Y,,20,
111029,N,,21,
111029,N,,22,
111029,Y,,23,
111029,Y,,24,
111029,Y,,25,
111029,Y,,26,
111029,Y,,27,
111029,Y,,28,
111029,Y,,29,
111032,Y,,01,
111032,Y,,02,
111032,Y,,03,
111032,N,,04,
111032,N,,05,
111032,N,,06,
111032,N,,07,
111032,N,,08,
111032,N,,09,
111032,Y,,10,
111032,Y,,11,
111554,Y,,04,
111554,Y,,05,
111554,Y,,06,
111554,Y,,07,
111554,Y,,08,
111554,Y,,09,
111554,Y,,10,
111556,Y,,01,
52908,Y,,ORA_NAMED_USERS_PROJECT_TIME_LAB,Time and Labor for Projects Cloud Service - Hosted Named Users
126091,Y,,03,
126091,Y,,04,
126091,Y,,05,
126091,Y,,06,
58003,Y,,41109,Real Property Transfer Tax
58003,Y,,12013,Accrued Interest - Lease
58003,Y,,12113,ST Current Capital Lease Receivable
58003,Y,,21017,Deferred Inflow - Leases
58003,Y,,21018,Accrued Interest Liability - Leases
126091,Y,,07,
126091,Y,,08,
159741,Y,,No (Top of range),No (Top of range)
159741,Y,,Yes (Retro),Yes (Retro)
58001,Y,,214,Avila Ranch DPA Fund
58001,Y,,215,Affordable Housing BEGIN Loan Fund
59001,Y,,214,Avila Ranch DPA Fund
59001,Y,,215,Affordable Housing BEGIN Loan Fund
58003,Y,,31022,Whale Rock CIP Reserve Contribution - City
126091,Y,,09,
126091,Y,,10,
126091,Y,,11,
126091,Y,,12,
58003,Y,,31017,Mitigation Activities
58003,Y,,13113,LR Capital Lease Receivable
58003,Y,,21113,ST Lease Liability
159741,Y,,No,No
159741,Y,,Yes,Yes
58003,Y,,45308,FEMA Reimbursement – Jan 2023 storms
58003,Y,,45309,FEMA Reimbursement – March 2023 storms
58003,Y,,48005,Property Insurance Claim Reimbursement
58003,Y,,48006,Property Insurance Claim Reimbursement – Jan 2023 storms
58003,Y,,48007,Property Insurance Claim Reimbursement – Mar 2023 storms
58001,Y,,720,San Luis Ranch CFD Fund
58003,Y,,21019,Deferred Revenue - Contested Fees
58001,Y,,721,San Luis Ranch Property Acquisition Fund
152742,Y,,6 Months (Standard),6 Months (Standard)
152742,Y,,Keep Until Further Notice,Keep Until Further Notice
152742,Y,,No City Email,No City Email
152742,Y,,Two Years,Two Years
58003,Y,,31019,Revenue Stabilization Reserve
58003,Y,,11012,Liquidity Portal Cash
58003,Y,,61017,Nacimiento Contribution for Operations & Maintenance
58003,Y,,61018,Nacimiento Contribution for Electric Service
58003,Y,,61019,Nacimiento Contribution for Capital Projects
58003,Y,,61020,Nacimiento Contribution for Debt Service
58003,Y,,61021,Salinas Contribution for Operations & Maintenance
58003,Y,,61022,Salinas Contribution for Electric Service
58003,Y,,61023,Salinas Contribution for Capital Projects
58003,Y,,61024,Whale Rock Contribution for Operations & Maintenance
58003,Y,,61025,Whale Rock Contribution for Electric Service
58003,Y,,61026,Whale Rock Contribution for Capital Projects
58003,Y,,61027,Control Systems
58003,Y,,61028,Personnel Services
126091,Y,,13,
126091,Y,,14,
126091,Y,,15,
126091,Y,,16,
126091,Y,,17,
126091,Y,,18,
126091,Y,,19,
126091,Y,,20,
126091,Y,,21,
126091,Y,,22,
126091,Y,,23,
126091,Y,,24,
126091,Y,,25,
126091,Y,,26,
126091,Y,,27,
126091,Y,,28,
126091,Y,,29,
127252,Y,,ORA_HED_STUDENT_FTE,Student Management Cloud Service - Hosted FTE Student
127317,Y,,01,
127318,Y,,01,
58003,Y,,12014,Accrued Interest - SBITAS
58003,Y,,15014,Subscription Asset SBITAS
58003,Y,,16014,Accumulated Amortization - SBITAS
58003,Y,,21020,Accrued Interest Liability - Leases
58003,Y,,21114,ST SBITA Liability
58003,Y,,25314,LT SBITA Liability
58003,Y,,81014,Interest Expense - SBITAS
58003,Y,,85014,Reclass to SBITA GASB 96
58003,Y,,86014,Amortization Expense - SBITAS
58003,Y,,47208,Inclusionary Housing In Lieu Fee
52470,Y,,01,
52470,Y,,02,
52470,Y,,03,
52470,Y,,04,
52470,Y,,05,
52470,Y,,06,
52470,Y,,07,
52470,Y,,08,
52471,Y,,01,
52471,Y,,02,
52471,Y,,03,
52471,Y,,04,
52471,Y,,05,
52471,Y,,06,
52471,Y,,07,
52471,Y,,08,
52471,Y,,09,
52471,Y,,10,
52471,Y,,11,
52472,Y,,01,
52472,Y,,02,
52473,Y,,01,
52474,Y,,01,
52474,Y,,02,
52474,Y,,03,
52475,Y,,01,
52476,Y,,01,
52476,Y,,02,
52476,Y,,03,
52476,Y,,04,
52476,Y,,05,
53549,Y,,No,No
53549,Y,,Yes,Yes
53166,N,,Person,Person
53167,N,,Hours,Hours
53173,Y,,NAMED_USERS_FUN,Financials Cloud Service - Hosted Named Users
53173,Y,,NAMED_USERS_IEX,Advanced Collections Cloud Service - Hosted Named Users
53174,Y,,FIN,Financials Family Set
53175,Y,,01,
53175,N,,02,
53175,Y,,03,
53175,Y,,04,
53175,Y,,05,
53175,Y,,06,
52910,Y,,07,
52910,Y,,08,
52910,N,,09,
52911,Y,,01,
52911,Y,,03,
52912,Y,,01,
52913,Y,,UNIQUE_USERS_DAILY,Unique Users - Daily
52913,Y,,UNIQUE_USERS_WEEKLY,Unique Users - Weekly
52914,Y,,BEN_WORKERS_DEFAULTED,Benefits Cloud Service - Open Enrollment Status -Workers Defaulted
52482,Y,,03,
52482,Y,,06,
52482,Y,,08,
52482,Y,,09,
52482,Y,,10,
52482,Y,,11,
52482,Y,,12,
52914,Y,,BEN_WORKERS_ELECTIONS,Benefits Cloud Service - Open Enrollment Status -Workers with Elections
52914,Y,,BEN_WORKERS_ELIGIBLE,Benefits Cloud Service - Open Enrollment Status - Workers Eligible
52914,Y,,BEN_WORKERS_FINALIZED,Benefits Cloud Service - Open Enrollment Status -Workers Finalized
52914,Y,,DB_RECORDS_HCM,Global Human Resources Base Cloud Service - Database Storage Records
52914,Y,,HOSTED_EMPLOYEES,Global Human Resources Base Cloud Service - Hosted Employees
52914,Y,,NAMED_USERS_CAREER,Career Development Cloud Service - Hosted Named Users
52914,Y,,NAMED_USERS_CMP,Workforce Compensation Cloud Service - Hosted Named Users
52914,Y,,NAMED_USERS_HRA,Performance Management Cloud Service - Hosted Named Users
52914,Y,,NAMED_USERS_HRG,Goal Management Cloud Service - Hosted Named Users
52914,Y,,NAMED_USERS_HRR,Talent Review and Succession Management Cloud Service - Hosted Named Users
52914,Y,,NAMED_USERS_HWR,Workforce Reputation Management Cloud Service - Hosted Named Users
52914,Y,,NAMED_USERS_HXT,Time and Labor Cloud Service - Hosted Named Users
52914,Y,,NAMED_USERS_PAY,Global Payroll Cloud Service - Hosted Named Users
58003,Y,,21115,2021 San Luis Ranch Bonds
58003,Y,,25208,2021 San Luis Ranch Bonds
52915,Y,,CRM,Customer Relationship Management
52915,Y,,FIN,Financials
52915,Y,,FND,Applications Core
52915,Y,,PER,Human Capital Management
111032,Y,,20,
111032,Y,,21,
111032,Y,,22,
111032,Y,,23,
111035,Y,,09,
111035,Y,,10,
110856,Y,,03,
110856,Y,,04,
110858,Y,,05,
111032,Y,,24,
111027,Y,,18,
111027,Y,,19,
111027,Y,,20,
111027,Y,,21,
111027,Y,,22,
111027,Y,,23,
111550,Y,,30,
53175,Y,,11,
126091,Y,,30,
52464,Y,,14,
52464,Y,,15,
52464,Y,,16,
52464,Y,,17,
52464,Y,,19,
52464,Y,,20,
52464,Y,,21,
52349,Y,,N,No
52349,Y,,Y,Yes
52386,Y,,2NTMA,2 Tier - Multiple Assignment
52386,Y,,2NTSA,2 Tier - Single Assignment
52386,Y,,3MTMA,3 Tier - Multiple Employment Terms - Multiple Assignment
52386,Y,,3MTSA,3 Tier - Multiple Employment Terms - Single Assignment
52386,Y,,3STMA,3 Tier - Single Employment Terms - Multiple Assignment
52386,Y,,3STSA,3 Tier - Single Employment Terms - Single Assignment
52388,Y,,AG,Automatic generation using Global Sequence
52388,Y,,AL,Automatic generation using Legal Employer sequence
52388,Y,,M,Manual
52388,Y,,N,Not used
52418,Y,,A,Automatic
52418,Y,,AG,Automatic using Global Sequence
52418,Y,,M,Manual
52424,Y,,A,Assignment
52424,Y,,T,Terms
52479,Y,,NAMED_USERS_CONFIG_MODELING,Configurator Modeling Cloud Service - Hosted Named Users
52479,Y,,NAMED_USERS_DEMAND_MGMT,Demand Management Cloud Service - Hosted Named Users
111550,Y,,08,
111550,Y,,09,
111550,Y,,10,
111550,Y,,11,
111550,Y,,12,
111550,Y,,13,
111550,Y,,14,
111550,Y,,15,
53165,N,,Measure,Measure
53165,N,,Range,Range
52327,Y,,01,
52915,Y,,PRC,Procurement
52915,Y,,PRJ,Projects
52915,Y,,SCM,Supply Chain Management
52916,Y,,D,Daily
52916,Y,,M,Monthly
53000,N,,INTERNAL,Internal
53000,Y,,SUPPLIER,Supplier
52349,Y,,B,Set on Employment Terms
52479,Y,,NAMED_USERS_GLOBAL_ORDER_PROMISING,Global Order Promising User Cloud Service - Hosted Named Users
52479,Y,,NAMED_USERS_INNOV_MGMT,Innovation Management Cloud Service - Hosted Named Users
52479,Y,,NAMED_USERS_INNOV_MGMT_IDEATION,Innovation Management Ideation Cloud Service - Hosted Named Users
52479,Y,,NAMED_USERS_INV_MGMT,Inventory Management Cloud Service - Hosted Named Users
52479,Y,,NAMED_USERS_MFG,Manufacturing Cloud Service - Hosted Named Users
52479,Y,,NAMED_USERS_MNT,Maintenance Cloud Service - Hosted Named Users
52910,Y,,13,
52910,Y,,14,
111741,Y,,01,
52479,Y,,NAMED_USERS_ORDER_MGMT,Order Management Cloud Service - Hosted Named Users
52479,Y,,NAMED_USERS_PLANNING_CENTRAL,Planning Central Cloud Service - Hosted Named Users
52479,Y,,NAMED_USERS_PRODUCT_DEVELOPMENT,Product Development Cloud Service - Hosted Named Users
52479,Y,,NAMED_USERS_SALES_OPERATIONS_PLANNING,Sales and Operations Planning Cloud Service - Hosted Named Users
52479,Y,,NAMED_USERS_SUPPLY_PLANNING,Supply Planning Cloud Service - Hosted Named Users
52479,Y,,NAMED_USERS_VCS,Oracle Fusion Supply Chain Collaboration Cloud Service - Hosted Named Users
52480,Y,,01,
52481,Y,,01,
52482,Y,,01,
52482,Y,,02,
52828,Y,,N,No
52828,Y,,Y,Yes
52856,Y,,INVALID,Invalid
52856,Y,,VALID,Valid
52865,Y,,B,Name mismatch
52865,Y,,D,Duplicate IWO
52865,Y,,N,NCP no longer at the employer
52865,Y,,S,Employee is in a suspense status at employer
52865,Y,,U,NCP not known to employer
52865,Y,,W,Incorrect FEIN received for employee
52865,Y,,X,Unable to electronically process this record
52865,Y,,Z,Unable to terminate due to no current IWO in place
52865,Y,,B,Name mismatch
52865,Y,,S,Employee is in a suspense status at employer
52865,Y,,W,Incorrect FEIN received for employee
52904,Y,,01,
52908,Y,,NAMED_USERS_GRANTS_MGMT,Grants Management Cloud Service - Hosted Named Users
52908,Y,,NAMED_USERS_PROJECT_BILLING,Oracle Fusion Project Contract Billing Cloud Service - Hosted Named User
52908,Y,,NAMED_USERS_PROJECT_COSTING,Oracle Fusion Project Financials Cloud Service - Hosted Named User
52908,Y,,NAMED_USERS_PROJECT_MGMT,Project Management Cloud Service - Hosted Named Users
52908,Y,,NAMED_USERS_PROJECT_TASK_MGMT,Task Management Cloud Service - Hosted Named Users
52908,Y,,ORA_PRJ_EXP_ITEM_COUNT,Project Expenditure Items
52908,Y,,ORA_PRJ_INVOICE_COUNT,Project Invoices
52908,Y,,ORA_PRJ_PROJECT_COUNT,Projects
52909,Y,,04,
52910,Y,,02,
52910,Y,,03,
177923,Y,,IN_80CCD_2_PREV_EMPL,
177923,Y,,IN_ALLOWANCE_STD_EXEMPT_AMOUNT,
177923,Y,,IN_EMPLOYEE_STANDARD_PF_CONTRIBUTION,
177923,Y,,IN_HOUSE_RENT_ALLOWANCE,
177923,Y,,IN_HRA_AND_RELATED_EXEMPTIONS_SAL,
177923,Y,,IN_HRA_AND_RELATED_EXEMPTIONS_STD_SAL,
177923,Y,,IN_NPS_EMPLOYEE_STD_CONTRIBUTION_T1,
177923,Y,,IN_STANDARD_EMPLOYEE_VOLUNTARY_PF,
177923,Y,,IN_STD_HOUSE_RENT_ALLOWANCE,
177923,Y,,IN_VRS_EXEMPTED_AMOUNT,
183677,Y,,N,No Only for Nonpaid Position
183677,Y,,YE,Yes electronically
183677,Y,,YP,Yes on paper
183708,Y,,Error,
183708,Y,,Warning,
183719,Y,,Business Unit,
183719,Y,,Business Unit and Department,
183719,Y,,Business Unit and Location,
183719,Y,,"Business Unit, Department, and Location",
183719,Y,,Department,
183719,Y,,Department and Location,
183719,Y,,Location,
183886,Y,,1,
183886,Y,,10,
183886,Y,,11,
183886,Y,,12,
183886,Y,,13,
183886,Y,,14,
183886,Y,,15,
183886,Y,,16,
183886,Y,,17,
183886,Y,,18,
183886,Y,,19,
183886,Y,,2,
183886,Y,,20,
183886,Y,,21,
183886,Y,,22,
183886,Y,,23,
183886,Y,,24,
183886,Y,,25,
183886,Y,,26,
183886,Y,,27,
183886,Y,,28,
183886,Y,,29,
183886,Y,,3,
183886,Y,,30,
183886,Y,,31,
183886,Y,,4,
183886,Y,,5,
183886,Y,,6,
183886,Y,,7,
183886,Y,,8,
183886,Y,,9,
183887,Y,,April,
183887,Y,,August,
183887,Y,,December,
183887,Y,,February,
183887,Y,,January,
183887,Y,,July,
183887,Y,,June,
183887,Y,,March,
183887,Y,,May,
183887,Y,,November,
183887,Y,,October,
183887,Y,,September,
