DETERMINANT_VALUE,REFERENCE_GROUP_NAME,SET_ID,DETERMINANT_TYPE
300000001480013,OKC_APPLY_HOLD_REASONS,300000001480014,BU
300000001480013,FA_BONUS_RULES,300000001480014,BU
300000001480013,FA_DEPRECIATION_CEILINGS,300000001480014,BU
300000001480013,FA_DEPRECIATION_METHODS,300000001480014,BU
300000001480013,FA_DESCRIPTIONS,300000001480014,BU
300000001480013,FA_PRORATE_CONVENTIONS,300000001480014,BU
300000001480013,FA_QUEUE_NAMES,300000001480014,BU
300000001480013,FA_RETIREMENT_TYPES,300000001480014,BU
300000001480013,FA_UNPLANNED_TYPES,300000001480014,BU
300000001480013,OKC_CANCELLATION_REASONS,300000001480014,BU
300000001480013,OKC_CLOSE_REASONS,300000001480014,BU
300000001480013,IEX_COLLECTIONS_SETUPS,300000001480014,BU
300000001480013,OKC_CONTRACT_TYPES,300000001480014,BU
300000001480013,COST_PLANNING_SETUP,300000001480014,BU
300000001480013,CST_CORE_SETUPS,300000001480014,BU
300000001480013,MOO_CRED_ALLOC_TEMPLATES,300000001480014,BU
300000001480013,HZ_CUSTOMER_ACCOUNT_RELATION,300000001480014,BU
300000001480013,HZ_CUSTOMER_ACCOUNT_SITE,300000001480014,BU
300000001480013,MKL_DEAL_TYPE_SETID,300000001480014,BU
300000001480013,MOO_SETID_DECISION_LEVEL,300000001480014,BU
300000001480013,PER_DEPARTMENTS,300000001480014,BU
300000001480013,IEX_DUNNING_PLANS,300000001480014,BU
300000001480013,MOO_SETID_DEAL_HORIZION,300000001480014,BU
300000001480013,FND_TREE_GROUP,300000001480014,BU
300000001480013,PER_GRADES,300000001480014,BU
300000001480013,HED_ADJ_CAL_SETID,300000001480014,BU
300000001480013,HED_DUE_DATE_CAL_SETID,300000001480014,BU
300000001480013,DOO_HOLD_CODES,300000001480014,BU
300000001480013,JA_CN_TRANSFER_RULE,300000001480014,BU
300000001480013,PER_JOBS,300000001480014,BU
300000001480013,CML_SETUPS,300000001480014,BU
300000001480013,MKL_LEAD_BUDGET_STATUS_SETID,300000001480014,BU
300000001480013,MKL_LEAD_CHANNEL_SETID,300000001480014,BU
300000001480013,MKL_LEAD_RANK_SETID,300000001480014,BU
300000001480013,MKL_LEAD_REASSIGN_REASON_SETID,300000001480014,BU
300000001480013,MKL_REJECT_REASON_SETID,300000001480014,BU
300000001480013,MKL_RETIRE_REASON_CD_SETID,300000001480014,BU
300000001480013,MKL_LEAD_TIMELINE_SETID,300000001480014,BU
300000001480013,MOO_SETID_RISK_LEVEL,300000001480014,BU
300000001480013,PER_LOCATIONS,300000001480014,BU
300000001480013,MOW_ASSESS_TEMPL_GROUP,300000001480014,BU
300000001480013,MOO_SETID_ASSESS_OVRRIDE_RSN,300000001480014,BU
300000001480013,DOO_ORCHESTRATION_PROCESS,300000001480014,BU
300000001480013,AP_PAYMENT_TERMS,300000001480014,BU
300000001480013,HRA_PERFORMANCE_TEMPLATES,300000001480014,BU
300000001480013,QP_PRICING_RULES,300000001480014,BU
300000001480013,PJF_ACCOUNTING_DEFINITION,300000001480014,BU
300000001480013,PJF_DEFINITION,300000001480014,BU
300000001480013,PJF_RATES,300000001480014,BU
300000001480013,PJF_TRANSACTION_TYPES,300000001480014,BU
300000001480013,AR_ACCOUNTING_RULES,300000001480014,BU
300000001480013,AR_AGING_BUCKETS,300000001480014,BU
300000001480013,AR_APP_EXCEPTION_RULES,300000001480014,BU
300000001480013,AR_AUTOCASH_RULES,300000001480014,BU
300000001480013,AR_AUTOMATCH_RULES,300000001480014,BU
300000001480013,AR_COLLECTORS,300000001480014,BU
300000001480013,AR_LOCKBOX,300000001480014,BU
300000001480013,AR_MEMO_LINES,300000001480014,BU
300000001480013,AR_PAYMENT_TERMS,300000001480014,BU
300000001480013,AR_REMIT_TO_ADDRESS,300000001480014,BU
300000001480013,AR_REVENUE_CONTINGENCIES,300000001480014,BU
300000001480013,AR_TRANSACTION_SOURCE,300000001480014,BU
300000001480013,AR_TRANSACTION_TYPE,300000001480014,BU
300000001480013,VRM_REVENUE_POLICIES,300000001480014,BU
300000001480013,VRM_REVENUE_RULES,300000001480014,BU
300000001480013,MOO_SALES_METHODS,300000001480014,BU
300000001480013,HZ_SALES_PERSON,300000001480014,BU
300000001480013,MOO_SETID_REVN_CATEGORY,300000001480014,BU
300000001480013,MOO_SETID_REVENUE_TYPE,300000001480014,BU
300000001480013,MOO_STAGE_PHASE_CD,300000001480014,BU
300000001480013,ZBS_STATUS_LOOKUP_VALUES,300000001480014,BU
300000001480013,MOO_SETID_STRATEGIC_VALUE,300000001480014,BU
300000001480013,ZMM_TASK_TEMPLATE,300000001480014,BU
300000001480013,ZX_TAX_CLASSIFICATION_CODES,300000001480014,BU
300000001480013,MOO_SETID_WIN_LOSS_REASON,300000001480014,BU
300000001480013,SVC_SR_SEVERITIES,300000001480014,BU
