BUSINESS_UNIT_ID,MODULE_NAME,CONFIGURATION_STATUS,BU_NAME
300000001480013,Collections Management,Y,City of San Luis Obispo
300000001480013,Customer Contract Management,Y,City of San Luis Obispo
300000001480013,Customer Payments,Y,City of San Luis Obispo
300000001480013,Expense Management,Y,City of San Luis Obispo
300000001480013,Payables Invoicing,Y,City of San Luis Obispo
300000001480013,Payables Payment,Y,City of San Luis Obispo
300000001480013,Project Accounting,Y,City of San Luis Obispo
300000001480013,Materials Management,Y,City of San Luis Obispo
300000001480013,Procurement,Y,City of San Luis Obispo
300000001480013,Procurement Contract Management,Y,City of San Luis Obispo
300000001480013,Receiving,Y,City of San Luis Obispo
300000001480013,Requisitioning,Y,City of San Luis Obispo
300000001480013,Billing and Revenue Management,Y,City of San Luis Obispo
