ORGANIZATION_ID,NAME
1,City of San Luis Obispo
300000001480012,City Administration
300000001480090,City Attorney
300000001480091,Community Development
300000001480094,Finance
300000001480095,Fire
300000001480097,Human Resources
300000001480098,Parks and Recreation
300000001480100,Police
300000001480102,Public Works
300000001480103,Utilities
300000001480013,City of San Luis Obispo
300000001472014,City of San Luis Obispo
300000001472014,City of San Luis Obispo
300000005930317,Accounting
300000005930330,Administration
300000005930473,Community Development Administration
300000005930486,Community Promotion
300000005930512,Control Systems
300000005930538,Development Review
300000005930564,Disaster Preparedness
300000005930642,Finance Non-Departmental
300000005971746,Golf Course Operations and Maintenance
300000005971811,Human Resources
300000005971850,Investigations
300000005971863,Jack House Fund
300000005930343,Aquatics and Sinsheimer Park
300000005962129,City of San Luis Obispo
300000006097005,DONOTUSE
300000009251719,Solid Waste Recycling
300000005971881,Long Range Planning
300000048822719,Recreation Facilities
300000005930577,Downtown Association Administration
300000001472014,City of San Luis Obispo
300000005972420,Wellness Program
300000005930538,Development Planning
300000189532955,CIP - County of San Luis Obispo
300000189532989,CIP - Federal Grant 1
300000189533023,CIP - Federal Grant 2
300000189533057,CIP - Federal Grant 3
300000189533091,CIP - Fleet Repl Fund
300000189533125,CIP - Fleet Repl Fund - LRM
300000189533159,CIP - General Fund
300000001471027,City of San Luis Obispo
300000005930343,Aquatics and Sinsheimer Park
300000005930395,Building and Safety
300000005930447,City Council
300000005930499,Community Services
300000005930551,Development Services
300000005930655,Finance Support Services
300000005971759,HazMat Task Force
300000005971881,Long Range Planning
300000005971894,Natural Resource Protection
300000005971907,Neighborhood Services
300000005971920,Network Services
300000005971933,Parking Administration
300000005971946,Parking Enforcement
300000005971959,Parking Lots and Streets
300000005971972,Parking Structure Operations
300000005971985,Parks Maintenance
300000005971998,Patrol
300000005972011,Police Administration
300000005972024,Police Support Services
300000005972037,Public Works Administration
300000005972050,Purchasing
300000005972063,Ranger Service
300000005972076,Recreation Administration
300000005972089,Recreational Sports
300000005972102,Recruit Academy
300000005972115,Reservoir Operations
300000005972128,Revenue Management
300000005972141,Risk Management
300000005972160,Support Services
300000005972173,Swim Center Maintenance
300000005972186,Tourism and Bid Promotion
300000005972199,Traffic Safety
300000005972212,Traffic Signals and Lighting
300000005972225,Training Services
300000005972238,Transit Operations and Maintenance
300000005972251,Transportation Planning and Engineering
300000005972264,Urban Forest Services
300000005972277,Utilities Revenue
300000005972290,Vehicle and Equipment Maintenance
300000005960737,San Luis Obispo Inventory Organization
300000005930434,City Clerk
300000005930629,Facilities Maintenance
300000005930707,Fire Station Facility Support
300000005930720,Fleet Services
300000005971772,Hazard Prevention
300000005971798,Human Relations
300000005971824,IT Support Services
300000005972303,Wastewater Administration and Engineering
300000005972316,Wastewater Collection
300000005972329,Water Administration and Engineering
300000005972342,Water Distribution
300000005972355,Water Quality Lab
300000005972368,Water Resource Recovery
300000005972381,Water Resources
300000005972394,Water Source of Supply
300000005972407,Water Treatment
300000005972420,Wellness Program
300000005972433,Youth Services
300000005930330,Administration
300000006106760,Streets and Sidewalk Maintenance
300000009774752,Committees and Commissions
300000009901826,Dispatch
300000009901867,Utilities Administration and Engineering
300000009858681,ZZZ
300000048822744,Wastewater Administration
300000049000596,"Community Services, Youth Services and Public Art"
300000049000620,"Aquatics, Facilities and Golf"
1,City of San Luis Obispo
300000005972277,Utilities Revenue
1,City of San Luis Obispo
300000005930642,Finance Non-Departmental
300000005972115,Reservoir Operations
300000005972141,Risk Management
300000009251719,Solid Waste Recycling
300000112683256,Flood Control
300000005930551,Development Services
300000005930733,Storm Water
300000116827094,Community Services Group
300000121295599,Solid Waste Program
300000146502879,CDD Engineering
300000146523178,Housing Policy and Homelessness Programs
300000005930356,Boysen Ranch Conservation Easement
300000005930369,Budgets
300000005930382,Building Maintenance
300000005930408,CIP Project Engineering
300000005930421,City Attorney
300000005930460,Commissions and Committees
300000005930525,Cultural Activities
300000005930577,Downtown Association Administration
300000005930590,Economic Development
300000005930603,Emergency Response
300000005930616,Environmental Compliance
300000005930668,Financial Administration
300000005930681,Fire Administration
300000005930694,Fire Apparatus Services
300000005930733,Storm Water and Flood Control
300000005971785,Housing Assistance
300000005971837,Information Services
300000005930356,Boysen Ranch Conservation Easement
300000005930317,Accounting
300000006177170,Other
300000006177170,Other
1,City of San Luis Obispo
300000009901797,Police Records
300000009901883,Whale Rock Reservoir
300000049000368,Water Administration
300000049000393,Transportation Services
300000049000571,Engineering and Maintenance Services
300000005972160,Support Services
300000005972290,Vehicle and Equipment Maintenance
300000049000393,Transportation Services
300000133886454,Margarita Area Specific Plan
300000005971785,Housing Assistance
300000001472014,City of San Luis Obispo
300000158207590,Mobile Crisis Unit
300000005930564,Emergency Management
300000162909286,Office of Diversity Equity Inclusion
300000001480097,Human Resources
1,City of San Luis Obispo
300000189532850,CIP - Airport Area Impact Fee Fund
300000189532887,CIP - Capital Outlay Fund
300000189532921,CIP - Capital Outlay Fund - LRM
300000189533261,CIP - LOVR Impact Fee Fund
300000189533329,CIP - Major Facility Repl Fund - LRM
300000189533601,CIP - Public Art Private Sector Fund - LRM
300000189533705,CIP - Regional Grant 2
300000189534875,CIP - SLR Transportation Impact Fee Fund
300000189535011,CIP - State Water Resources Control Board
300000189535079,CIP - State of California - Natural Resources Agency
300000001472014,City of San Luis Obispo
300000189533635,CIP - Regional Grant 1
300000189534909,CIP - Sewer Fund
300000189535147,CIP - Transit Fund
300000189535249,CIP - Whale Rock Fund
300000191365415,Info Tech Repl Fund - LRM
300000189533193,CIP - Info Tech Repl Fund
300000189533533,CIP - Parking Fund
300000189534807,CIP - SB1186 CASP Certify Fund
300000189534977,CIP - State Grant 3
300000001472014,City of San Luis Obispo
300000189533363,CIP - OASP Park Fund
300000189533397,CIP - Open Space Protection Fund
300000189533465,CIP - Other Grant 2
300000189534841,CIP - SLO Council of Governments
300000190930356,CIP - Park Improvement Impact Fee - Citywide Fund
300000191365452,CIP - Info Tech Repl Fund - LRM
300000189533669,CIP - State Grant 2
300000189534739,CIP - Regional Grant 3
300000009774752,Committees and Commissions
300000208361168,CIP - Bond Proceeds
300000189533295,CIP - Major Facility Repl Fund
300000189535045,CIP - State of California - CalOES
300000190930319,CIP - Local Sales Tax Fund
300000191366807,CIP - Infrastructure Invest CIP Fund - LRM
1,City of San Luis Obispo
300000199691793,CIP - Parkland Development Impact Fees (Citywide)
300000189533227,CIP - Infrastructure Invest CIP Fund
300000189533431,CIP - Other Grant 1
300000189533499,CIP - Other Grant 3
300000189533567,CIP - Parkland In-Lieu Fee (Quimby) Fund
300000189534943,CIP - State Grant 1
1,City of San Luis Obispo
300000189534773,CIP - SB1 Road Repair Fund
300000189535113,CIP - State of California - Office of Traffic Safety
300000189535181,CIP - Transportation Impact Fee Fund
300000189535215,CIP - Water Fund
300000189535283,Capital Improvement Funding Sources
300000190930393,CIP - Public Art Private Sector Fund
300000199824303,CIP - OASP Transportation Impact Fee Fund
