PAYMENT_PROFILE_ID,SYSTEM_PROFILE_NAME,PAYMENT_FORMAT_CODE,PROCESSING_TYPE,PAYMENT_PROFILE_NAME,CREATED_BY
20098,Bank Transfer Request,IBY_PAY_BANK_TRANSFER_REQ,PRINTED,Bank Transfer Request,SEED_DATA_FROM_APPLICATION
20099,Colombian Check 1,IBY_PAY_CHK_1_CO,PRINTED,Colombian Check 1,SEED_DATA_FROM_APPLICATION
20100,Colombian Check 2,IBY_PAY_CHK_2_CO,PRINTED,Colombian Check 2,SEED_DATA_FROM_APPLICATION
20101,Argentine Check,IBY_PAY_CHK_AR,PRINTED,Argentine Check,SEED_DATA_FROM_APPLICATION
20102,Brazilian Bordero,IBY_PAY_CHK_BORDERO_BR,PRINTED,Brazilian Bordero,SEED_DATA_FROM_APPLICATION
20103,Brazilian Check,IBY_PAY_CHK_BR,PRINTED,Brazilian Check,SEED_DATA_FROM_APPLICATION
20104,Chilean Check,IBY_PAY_CHK_CL,PRINTED,Chilean Check,SEED_DATA_FROM_APPLICATION
20105,German Check,IBY_PAY_CHK_DE,PRINTED,German Check,SEED_DATA_FROM_APPLICATION
20106,German Check (Stub After Payment),IBY_PAY_CHK_DE_A,PRINTED,German Check (Stub After Payment),SEED_DATA_FROM_APPLICATION
20107,Spanish Check,IBY_PAY_CHK_ES,PRINTED,Spanish Check,SEED_DATA_FROM_APPLICATION
20108,Standard Form Feed Check,IBY_PAY_CHK_FORM_FEED_1,PRINTED,Standard Form Feed Check,SEED_DATA_FROM_APPLICATION
20109,Standard Form Feed Check (Stub After Payment),IBY_PAY_CHK_FORM_FEED_1A,PRINTED,Standard Form Feed Check (Stub After Payment),SEED_DATA_FROM_APPLICATION
20110,External Form Feed Check,IBY_PAY_CHK_FORM_FEED_2,PRINTED,External Form Feed Check,SEED_DATA_FROM_APPLICATION
20111,External Form Feed Check (Stub After Payment),IBY_PAY_CHK_FORM_FEED_2A,PRINTED,External Form Feed Check (Stub After Payment),SEED_DATA_FROM_APPLICATION
20112,French Check,IBY_PAY_CHK_FR,PRINTED,French Check,SEED_DATA_FROM_APPLICATION
20113,French Check (Stub After Payment),IBY_PAY_CHK_FR_A,PRINTED,French Check (Stub After Payment),SEED_DATA_FROM_APPLICATION
20114,Laser Check,IBY_PAY_CHK_LASER,PRINTED,Laser Check,SEED_DATA_FROM_APPLICATION
20115,Laser Check (Stub After Payment),IBY_PAY_CHK_LASER_A,PRINTED,Laser Check (Stub After Payment),SEED_DATA_FROM_APPLICATION
20116,Portuguese Check,IBY_PAY_CHK_PT,PRINTED,Portuguese Check,SEED_DATA_FROM_APPLICATION
20117,Standard Check,IBY_PAY_CHK_STANDARD_1,PRINTED,Standard Check,SEED_DATA_FROM_APPLICATION
20118,Standard Check (Stub After Payment),IBY_PAY_CHK_STANDARD_1A,PRINTED,Standard Check (Stub After Payment),SEED_DATA_FROM_APPLICATION
20119,External Check,IBY_PAY_CHK_STANDARD_2,PRINTED,External Check,SEED_DATA_FROM_APPLICATION
20120,External Check (Stub After Payment),IBY_PAY_CHK_STANDARD_2A,PRINTED,External Check (Stub After Payment),SEED_DATA_FROM_APPLICATION
20121,US Treasury,IBY_PAY_CHK_TREASURY,PRINTED,US Treasury,SEED_DATA_FROM_APPLICATION
20122,Oracle e-Commerce Gateway,IBY_PAY_ECE,ELECTRONIC,Oracle e-Commerce Gateway,SEED_DATA_FROM_APPLICATION
20123,ANSI X12 820,IBY_PAY_EDI_ANSI_X12_820,ELECTRONIC,ANSI X12 820,SEED_DATA_FROM_APPLICATION
20124,EDIFACT PAYMUL,IBY_PAY_EDI_PAYMUL,ELECTRONIC,EDIFACT PAYMUL,SEED_DATA_FROM_APPLICATION
20125,SWIFT MT100,IBY_PAY_EDI_SWIFT_MT100,ELECTRONIC,SWIFT MT100,SEED_DATA_FROM_APPLICATION
20126,SWIFT MT103,IBY_PAY_EDI_SWIFT_MT103,ELECTRONIC,SWIFT MT103,SEED_DATA_FROM_APPLICATION
20127,UK BACS 1/2 Inch Tape,IBY_PAY_EFT_BACS_UK,ELECTRONIC,UK BACS 1/2 Inch Tape,SEED_DATA_FROM_APPLICATION
20128,Swedish Domestic Bankgiro,IBY_PAY_EFT_BANKGIRO_SE,ELECTRONIC,Swedish Domestic Bankgiro,SEED_DATA_FROM_APPLICATION
20129,Norwegian BBS,IBY_PAY_EFT_BBS_NO,ELECTRONIC,Norwegian BBS,SEED_DATA_FROM_APPLICATION
20130,Polish Citibank MTMS EFT,IBY_PAY_EFT_CITI_MTMS_PL,ELECTRONIC,Polish Citibank MTMS EFT,SEED_DATA_FROM_APPLICATION
20131,Polish Pekao Credit Transfers,IBY_PAY_EFT_CREDIT_TRANS_PL,ELECTRONIC,Polish Pekao Credit Transfers,SEED_DATA_FROM_APPLICATION
20132,Belgian EFT,IBY_PAY_EFT_DOMESTIC_BE,ELECTRONIC,Belgian EFT,SEED_DATA_FROM_APPLICATION
20133,German Domestic EFT,IBY_PAY_EFT_DOMESTIC_DE,ELECTRONIC,German Domestic EFT,SEED_DATA_FROM_APPLICATION
20134,Netherlands Domestic EFT,IBY_PAY_EFT_DOMESTIC_NL,ELECTRONIC,Netherlands Domestic EFT,SEED_DATA_FROM_APPLICATION
20135,Swiss DTA,IBY_PAY_EFT_DTA_CH,ELECTRONIC,Swiss DTA,SEED_DATA_FROM_APPLICATION
20136,Spanish Magnetic,IBY_PAY_EFT_ES,ELECTRONIC,Spanish Magnetic,SEED_DATA_FROM_APPLICATION
20137,US Federal Bulk CCDP,IBY_PAY_EFT_FED_BULK_CCDP,ELECTRONIC,US Federal Bulk CCDP,SEED_DATA_FROM_APPLICATION
20138,US Federal Bulk NCR,IBY_PAY_EFT_FED_BULK_NCR_1,ELECTRONIC,US Federal Bulk NCR,SEED_DATA_FROM_APPLICATION
20139,US Federal Bulk Salary and Travel NCR,IBY_PAY_EFT_FED_BULK_NCR_2,ELECTRONIC,US Federal Bulk Salary and Travel NCR,SEED_DATA_FROM_APPLICATION
20140,US Federal Bulk PPDP,IBY_PAY_EFT_FED_BULK_PPDP,ELECTRONIC,US Federal Bulk PPDP,SEED_DATA_FROM_APPLICATION
20141,US Federal CCDP Consolidated,IBY_PAY_EFT_FED_CCDP_CONSOL,ELECTRONIC,US Federal CCDP Consolidated,SEED_DATA_FROM_APPLICATION
20142,US Federal CTX,IBY_PAY_EFT_FED_CTX,ELECTRONIC,US Federal CTX,SEED_DATA_FROM_APPLICATION
20143,US Federal CTX Consolidated,IBY_PAY_EFT_FED_CTX_CONSOL,ELECTRONIC,US Federal CTX Consolidated,SEED_DATA_FROM_APPLICATION
20144,US Federal ECS CCD,IBY_PAY_EFT_FED_ECS_CCD,ELECTRONIC,US Federal ECS CCD,SEED_DATA_FROM_APPLICATION
20145,US Federal ECS CCDP,IBY_PAY_EFT_FED_ECS_CCDP,ELECTRONIC,US Federal ECS CCDP,SEED_DATA_FROM_APPLICATION
20146,US Federal ECS NCR,IBY_PAY_EFT_FED_ECS_NCR,ELECTRONIC,US Federal ECS NCR,SEED_DATA_FROM_APPLICATION
20147,US Federal ECS PPD,IBY_PAY_EFT_FED_ECS_PPD,ELECTRONIC,US Federal ECS PPD,SEED_DATA_FROM_APPLICATION
20148,US Federal ECS PPDP,IBY_PAY_EFT_FED_ECS_PPDP,ELECTRONIC,US Federal ECS PPDP,SEED_DATA_FROM_APPLICATION
20149,US Federal PPDP Consolidated,IBY_PAY_EFT_FED_PPDP_CONSOL,ELECTRONIC,US Federal PPDP Consolidated,SEED_DATA_FROM_APPLICATION
20150,US Federal SPS CCD,IBY_PAY_EFT_FED_SPS_CCD,ELECTRONIC,US Federal SPS CCD,SEED_DATA_FROM_APPLICATION
20151,US Federal SPS CCDP,IBY_PAY_EFT_FED_SPS_CCDP,ELECTRONIC,US Federal SPS CCDP,SEED_DATA_FROM_APPLICATION
20152,US Federal SPS NCR,IBY_PAY_EFT_FED_SPS_NCR,ELECTRONIC,US Federal SPS NCR,SEED_DATA_FROM_APPLICATION
20153,US Federal SPS PPD,IBY_PAY_EFT_FED_SPS_PPD,ELECTRONIC,US Federal SPS PPD,SEED_DATA_FROM_APPLICATION
20154,US Federal SPS PPDP,IBY_PAY_EFT_FED_SPS_PPDP,ELECTRONIC,US Federal SPS PPDP,SEED_DATA_FROM_APPLICATION
20155,Belgian Foreign EFT,IBY_PAY_EFT_FOREIGN_BE,ELECTRONIC,Belgian Foreign EFT,SEED_DATA_FROM_APPLICATION
20156,German International EFT,IBY_PAY_EFT_FOREIGN_DE,ELECTRONIC,German International EFT,SEED_DATA_FROM_APPLICATION
20157,Netherlands Foreign EFT,IBY_PAY_EFT_FOREIGN_NL,ELECTRONIC,Netherlands Foreign EFT,SEED_DATA_FROM_APPLICATION
20158,Swedish Foreign Postgiro,IBY_PAY_EFT_FOR_POSTGIRO_SE,ELECTRONIC,Swedish Foreign Postgiro,SEED_DATA_FROM_APPLICATION
20159,French EFT,IBY_PAY_EFT_FR,ELECTRONIC,French EFT,SEED_DATA_FROM_APPLICATION
20160,Italian EFT,IBY_PAY_EFT_IT,ELECTRONIC,Italian EFT,SEED_DATA_FROM_APPLICATION
20161,Finnish LMP2 EFT,IBY_PAY_EFT_LMP2_FI,ELECTRONIC,Finnish LMP2 EFT,SEED_DATA_FROM_APPLICATION
20162,Finnish LMP3 EFT,IBY_PAY_EFT_LMP3_FI,ELECTRONIC,Finnish LMP3 EFT,SEED_DATA_FROM_APPLICATION
20163,Finnish LUM EFT,IBY_PAY_EFT_LUM_FI,ELECTRONIC,Finnish LUM EFT,SEED_DATA_FROM_APPLICATION
20164,US NACHA CCDP,IBY_PAY_EFT_NACHA_CCDP_US,ELECTRONIC,US NACHA CCDP,SEED_DATA_FROM_APPLICATION
20165,US NACHA CCD,IBY_PAY_EFT_NACHA_CCD_US,ELECTRONIC,US NACHA CCD,SEED_DATA_FROM_APPLICATION
20167,US NACHA PPD,IBY_PAY_EFT_NACHA_PPD_US,ELECTRONIC,US NACHA PPD,SEED_DATA_FROM_APPLICATION
20168,US NACHA Generic,IBY_PAY_EFT_NACHA_US,ELECTRONIC,US NACHA Generic,SEED_DATA_FROM_APPLICATION
20169,Polish Pekao Payment Order,IBY_PAY_EFT_PAY_ORDER_PL,ELECTRONIC,Polish Pekao Payment Order,SEED_DATA_FROM_APPLICATION
20170,Swedish Domestic Postgiro,IBY_PAY_EFT_POSTGIRO_SE,ELECTRONIC,Swedish Domestic Postgiro,SEED_DATA_FROM_APPLICATION
20171,Portuguese EFT,IBY_PAY_EFT_PT,ELECTRONIC,Portuguese EFT,SEED_DATA_FROM_APPLICATION
20172,Swiss SAD,IBY_PAY_EFT_SAD_CH,ELECTRONIC,Swiss SAD,SEED_DATA_FROM_APPLICATION
20173,Swedish SISU Bankgiro,IBY_PAY_EFT_SISU_BANKGIRO_SE,ELECTRONIC,Swedish SISU Bankgiro,SEED_DATA_FROM_APPLICATION
20174,Norwegian Telepay EFT,IBY_PAY_EFT_TELEPAY_NO,ELECTRONIC,Norwegian Telepay EFT,SEED_DATA_FROM_APPLICATION
20175,Swedish UTLI Bankgiro,IBY_PAY_EFT_UTLI_BANKGIRO_SE,ELECTRONIC,Swedish UTLI Bankgiro,SEED_DATA_FROM_APPLICATION
20176,Japanese Zengin,IBY_PAY_EFT_ZENGIN_JP,ELECTRONIC,Japanese Zengin,SEED_DATA_FROM_APPLICATION
20177,Spanish Bill of Exchange,IBY_PAY_PROMISSORY_NOTE_ES,PRINTED,Spanish Bill of Exchange,SEED_DATA_FROM_APPLICATION
20178,French Promissory Note,IBY_PAY_PROMISSORY_NOTE_FR,PRINTED,French Promissory Note,SEED_DATA_FROM_APPLICATION
20179,German Wire,IBY_PAY_WIRE_DE,PRINTED,German Wire,SEED_DATA_FROM_APPLICATION
20180,Italian Wire,IBY_PAY_WIRE_IT,PRINTED,Italian Wire,SEED_DATA_FROM_APPLICATION
20181,Portuguese Wire,IBY_PAY_WIRE_PT,PRINTED,Portuguese Wire,SEED_DATA_FROM_APPLICATION
20379,ISO20022 CGI PAIN.001.001.03,IBY_ISO20022_CGI,ELECTRONIC,ISO20022 CGI PAIN.001.001.03,SEED_DATA_FROM_APPLICATION
20380,ISO20022 SEPA v5.0,IBY_ISO20022_SEPA,ELECTRONIC,ISO20022 SEPA v5.0,SEED_DATA_FROM_APPLICATION
20381,US NACHA IAT,IBY_PAY_EFT_NACHA_IAT_US,ELECTRONIC,US NACHA IAT,SEED_DATA_FROM_APPLICATION
20383,French International EFT,IBY_PAY_INT_EFT_FR,ELECTRONIC,French International EFT,SEED_DATA_FROM_APPLICATION
20395,PayPal,IBY_PAY_EFT_PAYPAL,ELECTRONIC,PayPal,SEED_DATA_FROM_APPLICATION
20396,JPM ISO20022 CGI,IBY_JPMC_ISO20022_CGI,ELECTRONIC,JPM ISO20022 CGI,SEED_DATA_FROM_APPLICATION
300000006178750,SLO Payables Check,XXSLO_IBY_PAY_CHK_STANDARD_2A,PRINTED,SLO Payables Check,andy.pang@sierra-cedar.com
300000006178755,SLO Internal Check,IBY_PAY_CHK_STANDARD_2A,PRINTED,SLO Internal Check,andy.pang@sierra-cedar.com
300000006178761,SLO Payables Wire Recording,IBY_PAY_CHK_STANDARD_1A,PRINTED,SLO Payables Wire Recording,andy.pang@sierra-cedar.com
300000006656002,SLO Payables Check,XXSLO_IBY_PAY_CHK_STANDARD_2A,PRINTED,SLO Payables Check,andy.pang@sierra-cedar.com
300100183857393,US Federal PAM Check,IBY_FV_PAY_CHK_PAM,ELECTRONIC,US Federal PAM Check,SEED_DATA_FROM_APPLICATION
300100183857404,US Federal PAM ACH,IBY_FV_PAY_EFT_PAM,ELECTRONIC,US Federal PAM ACH,SEED_DATA_FROM_APPLICATION
300100183857409,US Federal SPS Check,IBY_FV_PAY_CHK_SPS,ELECTRONIC,US Federal SPS Check,SEED_DATA_FROM_APPLICATION
300100183857414,US Federal SPS ACH,IBY_FV_PAY_EFT_SPS,ELECTRONIC,US Federal SPS ACH,SEED_DATA_FROM_APPLICATION
300100183857419,US Federal SPS Wire Same Day Payment,IBY_FV_PAY_EFT_SPS_SDP,ELECTRONIC,US Federal SPS Wire Same Day Payment,SEED_DATA_FROM_APPLICATION
