PAYMENT_METHOD_CODE,APPLICATION_ID,APPLICABLE_TYPE_CODE,APPLICABLE_VALUE_TO,CREATED_BY
DK_4,200,CROSS_BORDER_FLAG,,SEED_DATA_FROM_APPLICATION
DK_4,200,FOREIGN_CURRENCY_FLAG,,SEED_DATA_FROM_APPLICATION
DK_4,200,PAYER_LE,,SEED_DATA_FROM_APPLICATION
DK_4,200,PAYER_ORG,,SEED_DATA_FROM_APPLICATION
DK_4,200,PAY_PROC_TRXN_TYPE,,SEED_DATA_FROM_APPLICATION
DK_5,200,CROSS_BORDER_FLAG,,SEED_DATA_FROM_APPLICATION
DK_5,200,FOREIGN_CURRENCY_FLAG,,SEED_DATA_FROM_APPLICATION
DK_5,200,PAYER_LE,,SEED_DATA_FROM_APPLICATION
DK_5,200,PAYER_ORG,,SEED_DATA_FROM_APPLICATION
DK_5,200,PAY_PROC_TRXN_TYPE,,SEED_DATA_FROM_APPLICATION
DK_6,200,CROSS_BORDER_FLAG,,SEED_DATA_FROM_APPLICATION
DK_6,200,FOREIGN_CURRENCY_FLAG,,SEED_DATA_FROM_APPLICATION
DK_6,200,PAYER_LE,,SEED_DATA_FROM_APPLICATION
DK_6,200,PAYER_ORG,,SEED_DATA_FROM_APPLICATION
DK_6,200,PAY_PROC_TRXN_TYPE,,SEED_DATA_FROM_APPLICATION
DK_7,200,CROSS_BORDER_FLAG,,SEED_DATA_FROM_APPLICATION
DK_7,200,FOREIGN_CURRENCY_FLAG,,SEED_DATA_FROM_APPLICATION
DK_7,200,PAYER_LE,,SEED_DATA_FROM_APPLICATION
DK_7,200,PAYER_ORG,,SEED_DATA_FROM_APPLICATION
DK_7,200,PAY_PROC_TRXN_TYPE,,SEED_DATA_FROM_APPLICATION
DK_8,200,CROSS_BORDER_FLAG,,SEED_DATA_FROM_APPLICATION
DK_8,200,FOREIGN_CURRENCY_FLAG,,SEED_DATA_FROM_APPLICATION
DK_8,200,PAYER_LE,,SEED_DATA_FROM_APPLICATION
DK_8,200,PAYER_ORG,,SEED_DATA_FROM_APPLICATION
ACH,200,PAYER_LE,,SEED_DATA_FROM_APPLICATION
ACH,200,PAYER_ORG,,SEED_DATA_FROM_APPLICATION
ACH,200,PAY_PROC_TRXN_TYPE,,SEED_DATA_FROM_APPLICATION
ACH,200,FOREIGN_CURRENCY_FLAG,FOREIGN_AND_DOMESTIC,SEED_DATA_FROM_APPLICATION
ACH,200,CROSS_BORDER_FLAG,FOREIGN_AND_DOMESTIC,SEED_DATA_FROM_APPLICATION
BACS,200,PAYER_LE,,SEED_DATA_FROM_APPLICATION
BACS,200,PAYER_ORG,,SEED_DATA_FROM_APPLICATION
BACS,200,PAY_PROC_TRXN_TYPE,,SEED_DATA_FROM_APPLICATION
BACS,200,FOREIGN_CURRENCY_FLAG,FOREIGN_AND_DOMESTIC,SEED_DATA_FROM_APPLICATION
BACS,200,CROSS_BORDER_FLAG,FOREIGN_AND_DOMESTIC,SEED_DATA_FROM_APPLICATION
BILLS_PAYABLE,200,PAYER_LE,,SEED_DATA_FROM_APPLICATION
BILLS_PAYABLE,200,PAYER_ORG,,SEED_DATA_FROM_APPLICATION
BILLS_PAYABLE,200,PAY_PROC_TRXN_TYPE,,SEED_DATA_FROM_APPLICATION
BILLS_PAYABLE,200,FOREIGN_CURRENCY_FLAG,FOREIGN_AND_DOMESTIC,SEED_DATA_FROM_APPLICATION
BILLS_PAYABLE,200,CROSS_BORDER_FLAG,FOREIGN_AND_DOMESTIC,SEED_DATA_FROM_APPLICATION
BOP,200,PAYER_LE,,SEED_DATA_FROM_APPLICATION
BOP,200,PAYER_ORG,,SEED_DATA_FROM_APPLICATION
BOP,200,PAY_PROC_TRXN_TYPE,,SEED_DATA_FROM_APPLICATION
BOP,200,FOREIGN_CURRENCY_FLAG,FOREIGN_AND_DOMESTIC,SEED_DATA_FROM_APPLICATION
BOP,200,CROSS_BORDER_FLAG,FOREIGN_AND_DOMESTIC,SEED_DATA_FROM_APPLICATION
CHECK,200,PAYEE,,SEED_DATA_FROM_APPLICATION
CHECK,200,PAYER_LE,,SEED_DATA_FROM_APPLICATION
CHECK,200,PAYER_ORG,,SEED_DATA_FROM_APPLICATION
CHECK,200,PAY_PROC_TRXN_TYPE,,SEED_DATA_FROM_APPLICATION
CHECK,200,FOREIGN_CURRENCY_FLAG,FOREIGN_AND_DOMESTIC,SEED_DATA_FROM_APPLICATION
CHECK,200,CROSS_BORDER_FLAG,FOREIGN_AND_DOMESTIC,SEED_DATA_FROM_APPLICATION
CLEARING,200,PAYER_LE,,SEED_DATA_FROM_APPLICATION
CLEARING,200,PAYER_ORG,,SEED_DATA_FROM_APPLICATION
CLEARING,200,PAY_PROC_TRXN_TYPE,,SEED_DATA_FROM_APPLICATION
CLEARING,200,FOREIGN_CURRENCY_FLAG,FOREIGN_AND_DOMESTIC,SEED_DATA_FROM_APPLICATION
CLEARING,200,CROSS_BORDER_FLAG,FOREIGN_AND_DOMESTIC,SEED_DATA_FROM_APPLICATION
CWT,200,PAYER_LE,,SEED_DATA_FROM_APPLICATION
CWT,200,PAYER_ORG,,SEED_DATA_FROM_APPLICATION
CWT,200,PAY_PROC_TRXN_TYPE,,SEED_DATA_FROM_APPLICATION
CWT,200,FOREIGN_CURRENCY_FLAG,FOREIGN_AND_DOMESTIC,SEED_DATA_FROM_APPLICATION
CWT,200,CROSS_BORDER_FLAG,FOREIGN_AND_DOMESTIC,SEED_DATA_FROM_APPLICATION
DK_1,200,CROSS_BORDER_FLAG,,SEED_DATA_FROM_APPLICATION
DK_1,200,FOREIGN_CURRENCY_FLAG,,SEED_DATA_FROM_APPLICATION
DK_1,200,PAYER_LE,,SEED_DATA_FROM_APPLICATION
DK_1,200,PAYER_ORG,,SEED_DATA_FROM_APPLICATION
DK_1,200,PAY_PROC_TRXN_TYPE,,SEED_DATA_FROM_APPLICATION
DK_10,200,CROSS_BORDER_FLAG,,SEED_DATA_FROM_APPLICATION
DK_10,200,FOREIGN_CURRENCY_FLAG,,SEED_DATA_FROM_APPLICATION
DK_10,200,PAYER_LE,,SEED_DATA_FROM_APPLICATION
DK_10,200,PAYER_ORG,,SEED_DATA_FROM_APPLICATION
DK_10,200,PAY_PROC_TRXN_TYPE,,SEED_DATA_FROM_APPLICATION
DK_2,200,CROSS_BORDER_FLAG,,SEED_DATA_FROM_APPLICATION
DK_2,200,FOREIGN_CURRENCY_FLAG,,SEED_DATA_FROM_APPLICATION
DK_2,200,PAYER_LE,,SEED_DATA_FROM_APPLICATION
DK_2,200,PAYER_ORG,,SEED_DATA_FROM_APPLICATION
DK_2,200,PAY_PROC_TRXN_TYPE,,SEED_DATA_FROM_APPLICATION
DK_3,200,CROSS_BORDER_FLAG,,SEED_DATA_FROM_APPLICATION
DK_3,200,FOREIGN_CURRENCY_FLAG,,SEED_DATA_FROM_APPLICATION
DK_3,200,PAYER_LE,,SEED_DATA_FROM_APPLICATION
DK_3,200,PAYER_ORG,,SEED_DATA_FROM_APPLICATION
DK_3,200,PAY_PROC_TRXN_TYPE,,SEED_DATA_FROM_APPLICATION
DK_8,200,PAY_PROC_TRXN_TYPE,,SEED_DATA_FROM_APPLICATION
DK_9,200,CROSS_BORDER_FLAG,,SEED_DATA_FROM_APPLICATION
DK_9,200,FOREIGN_CURRENCY_FLAG,,SEED_DATA_FROM_APPLICATION
DK_9,200,PAYER_LE,,SEED_DATA_FROM_APPLICATION
DK_9,200,PAYER_ORG,,SEED_DATA_FROM_APPLICATION
DK_9,200,PAY_PROC_TRXN_TYPE,,SEED_DATA_FROM_APPLICATION
EFT,200,PAYEE,,SEED_DATA_FROM_APPLICATION
EFT,200,PAYER_LE,,SEED_DATA_FROM_APPLICATION
EFT,200,PAYER_ORG,,SEED_DATA_FROM_APPLICATION
EFT,200,PAY_PROC_TRXN_TYPE,,SEED_DATA_FROM_APPLICATION
EFT,200,FOREIGN_CURRENCY_FLAG,FOREIGN_AND_DOMESTIC,SEED_DATA_FROM_APPLICATION
EFT,200,CROSS_BORDER_FLAG,FOREIGN_AND_DOMESTIC,SEED_DATA_FROM_APPLICATION
FEW,200,PAYER_LE,,SEED_DATA_FROM_APPLICATION
FEW,200,PAYER_ORG,,SEED_DATA_FROM_APPLICATION
FEW,200,PAY_PROC_TRXN_TYPE,,SEED_DATA_FROM_APPLICATION
FEW,200,FOREIGN_CURRENCY_FLAG,FOREIGN_AND_DOMESTIC,SEED_DATA_FROM_APPLICATION
FEW,200,CROSS_BORDER_FLAG,FOREIGN_AND_DOMESTIC,SEED_DATA_FROM_APPLICATION
FWT,200,PAYER_LE,,SEED_DATA_FROM_APPLICATION
FWT,200,PAYER_ORG,,SEED_DATA_FROM_APPLICATION
FWT,200,PAY_PROC_TRXN_TYPE,,SEED_DATA_FROM_APPLICATION
FWT,200,FOREIGN_CURRENCY_FLAG,FOREIGN_AND_DOMESTIC,SEED_DATA_FROM_APPLICATION
FWT,200,CROSS_BORDER_FLAG,FOREIGN_AND_DOMESTIC,SEED_DATA_FROM_APPLICATION
OUTSOURCED_CHECK,200,PAYEE,,SEED_DATA_FROM_APPLICATION
OUTSOURCED_CHECK,200,PAYER_LE,,SEED_DATA_FROM_APPLICATION
OUTSOURCED_CHECK,200,PAYER_ORG,,SEED_DATA_FROM_APPLICATION
OUTSOURCED_CHECK,200,PAY_PROC_TRXN_TYPE,,SEED_DATA_FROM_APPLICATION
OUTSOURCED_CHECK,200,FOREIGN_CURRENCY_FLAG,FOREIGN_AND_DOMESTIC,SEED_DATA_FROM_APPLICATION
OUTSOURCED_CHECK,200,CROSS_BORDER_FLAG,FOREIGN_AND_DOMESTIC,SEED_DATA_FROM_APPLICATION
SWT,200,PAYER_LE,,SEED_DATA_FROM_APPLICATION
SWT,200,PAYER_ORG,,SEED_DATA_FROM_APPLICATION
SWT,200,PAY_PROC_TRXN_TYPE,,SEED_DATA_FROM_APPLICATION
SWT,200,FOREIGN_CURRENCY_FLAG,FOREIGN_AND_DOMESTIC,SEED_DATA_FROM_APPLICATION
SWT,200,CROSS_BORDER_FLAG,FOREIGN_AND_DOMESTIC,SEED_DATA_FROM_APPLICATION
WIRE,200,PAYEE,,SEED_DATA_FROM_APPLICATION
WIRE,200,PAYER_LE,,SEED_DATA_FROM_APPLICATION
WIRE,200,PAYER_ORG,,SEED_DATA_FROM_APPLICATION
WIRE,200,PAY_PROC_TRXN_TYPE,,SEED_DATA_FROM_APPLICATION
WIRE,200,FOREIGN_CURRENCY_FLAG,FOREIGN_AND_DOMESTIC,SEED_DATA_FROM_APPLICATION
WIRE,200,CROSS_BORDER_FLAG,FOREIGN_AND_DOMESTIC,SEED_DATA_FROM_APPLICATION
ZZZ,200,PAYER_LE,,SEED_DATA_FROM_APPLICATION
ZZZ,200,PAYER_ORG,,SEED_DATA_FROM_APPLICATION
ZZZ,200,PAY_PROC_TRXN_TYPE,,SEED_DATA_FROM_APPLICATION
ZZZ,200,FOREIGN_CURRENCY_FLAG,FOREIGN_AND_DOMESTIC,SEED_DATA_FROM_APPLICATION
ZZZ,200,CROSS_BORDER_FLAG,FOREIGN_AND_DOMESTIC,SEED_DATA_FROM_APPLICATION
ORA_JPMC_EFT_PM,200,PAYEE,,SEED_DATA_FROM_APPLICATION
ORA_JPMC_EFT_PM,200,PAYER_ORG,,SEED_DATA_FROM_APPLICATION
ORA_JPMC_EFT_PM,200,PAYER_LE,,SEED_DATA_FROM_APPLICATION
ORA_JPMC_EFT_PM,200,PAY_PROC_TRXN_TYPE,,SEED_DATA_FROM_APPLICATION
ORA_JPMC_EFT_PM,200,FOREIGN_CURRENCY_FLAG,FOREIGN_AND_DOMESTIC,SEED_DATA_FROM_APPLICATION
ORA_JPMC_EFT_PM,200,CROSS_BORDER_FLAG,FOREIGN_AND_DOMESTIC,SEED_DATA_FROM_APPLICATION
ORA_JPM_PAPER_PM,200,PAYEE,,SEED_DATA_FROM_APPLICATION
ORA_JPM_PAPER_PM,200,PAYER_ORG,,SEED_DATA_FROM_APPLICATION
ORA_JPM_PAPER_PM,200,PAYER_LE,,SEED_DATA_FROM_APPLICATION
ORA_JPM_PAPER_PM,200,PAY_PROC_TRXN_TYPE,,SEED_DATA_FROM_APPLICATION
ORA_JPM_PAPER_PM,200,FOREIGN_CURRENCY_FLAG,FOREIGN_AND_DOMESTIC,SEED_DATA_FROM_APPLICATION
ORA_JPM_PAPER_PM,200,CROSS_BORDER_FLAG,FOREIGN_AND_DOMESTIC,SEED_DATA_FROM_APPLICATION
