LEDGER_ID,ENTITY_CODE,EVENT_CLASS_CODE,JE_CATEGORY_NAME,APPLICATION_ID,CREATED_BY
300000005923698,AP_INVOICES,CREDIT MEMOS,Purchase Invoices,200,andy.pang@sierra-cedar.com
300000005923698,AP_INVOICES,DEBIT MEMOS,Purchase Invoices,200,andy.pang@sierra-cedar.com
300000005923698,AP_INVOICES,EXPENSE REPORTS,Purchase Invoices,200,andy.pang@sierra-cedar.com
300000005923698,AP_INVOICES,INVOICES,Purchase Invoices,200,andy.pang@sierra-cedar.com
300000005923698,AP_INVOICES,PREPAYMENT APPLICATIONS,Purchase Invoices,200,andy.pang@sierra-cedar.com
300000005923698,AP_INVOICES,PREPAYMENT INVOICES,Purchase Invoices,200,andy.pang@sierra-cedar.com
300000005923698,AP_INVOICES,PREPAYMENTS,Purchase Invoices,200,andy.pang@sierra-cedar.com
300000005923698,AP_INVOICES,STANDARD INVOICES,Purchase Invoices,200,andy.pang@sierra-cedar.com
300000005923698,AP_PAYMENTS,FUTURE DATED PAYMENTS,Payments,200,andy.pang@sierra-cedar.com
300000005923698,AP_PAYMENTS,PAYMENTS,Payments,200,andy.pang@sierra-cedar.com
300000005923698,AP_PAYMENTS,RECONCILED PAYMENTS,Reconciled Payments,200,andy.pang@sierra-cedar.com
300000005923698,AP_PAYMENTS,REFUNDS,Payments,200,andy.pang@sierra-cedar.com
300000005923698,MANUAL,MANUAL,Other,200,andy.pang@sierra-cedar.com
300000005923698,THIRD_PARTY_MERGE,THIRD_PARTY_MERGE,Other,200,andy.pang@sierra-cedar.com
