PAYMENT_PROFILE_ID,TEMPLATE_NAME,PAYMENT_METHOD_CODE,TEMPLATE_ID,CREATED_BY
300000047479179,Bank of China - Check Processing (Review Installments),CHECK,300000076065564,WEI.CHEN
20125,Citibank 1448 - Electronic Processing (Review Installments),EFT,300000085732182,daniel.morris
300000101102150,Mizuho Bank Electronic Processing (Review Installments),EFT,300000101581130,MARI.ONODERA
300000047479179,BNL Bank Check Processing (Review Installments),CHECK,300000131102542,GUGLIELMO.GRIGI
20380,BNL Bank Electronic Processing (Review Installments),EFT-SEPA,300000131102544,GUGLIELMO.GRIGI
20123,Healthcare US Electronic Processing (Review Installments),EFT,300000158273897,catherine.gibbs
300000047479174,Barclays Bank Check Processing (Review Installments),CHECK,300000069280942,CASEY.BROWN
300000101102155,Mizuho Bank Check Processing (Review Installments),CHECK,300000101581133,MARI.ONODERA
20125,UK Fin Svcs Electronic Processing (Review Installments),EFT,300000136644852,PETER.BROCK
300000047479174,UK Fin Svcs Check Processing (Review Installments),CHECK,300000136644854,PETER.BROCK
300000047479179,BofA 2869 Check Processing (Review Installments),CHECK,300000047508126,CASEY.BROWN
20125,BofA 2869 Electronic Processing (Review Installments),EFT,300000047508129,CASEY.BROWN
20125,BNP Bank Electronic Processing (Review Installments),EFT,300000069280939,CASEY.BROWN
20117,Citibank 1448 - Check Processing (Review Installments),CHECK,300000085732179,daniel.morris
300000133247862,BBVA Bank Electronic SEPA Processing (Review Installments),EFT,300000133247852,ELENA.OSUNA
300000047479179,Healthcare US Check Processing (Review Installments),CHECK,300000158273894,catherine.gibbs
300000175356665,Swiss Postfinance - ISO20022,,300000175356670,FIN_IMPL
300000047479179,BNP Bank Check Processing (Review Installments),CHECK,300000069280936,CASEY.BROWN
20125,Barclays Bank Electronic Processing (Review Installments),EFT,300000069280945,CASEY.BROWN
300000047479179,BofA 2869 Check Cross Currency Payment EUR->USD,CHECK,300000092522331,CASEY.BROWN
20125,BofA 2869 Electronic Cross Currency Payment EUR->USD,EFT,300000092522334,CASEY.BROWN
300000132729348,BBVA Bank Check Processing (Review Installments),CHECK,300000133247849,ELENA.OSUNA
20125,US INS Fin Svcs Electronic Processing (Review Installments),EFT,300000137795864,MATHEW.IMPERIAL
20380,DB Electronic Processing (Review Installments),EFT-SEPA,300000156610813,JONAS.AUST
20125,Bank of China - Electronic Processing (Review Installments),EFT,300000076065567,WEI.CHEN
20125,US Fin Svcs Electronic Processing (Review Installments),EFT,300000136644848,MATHEW.BROWN
300000047479179,US Fin Svcs Check Processing (Review Installments),CHECK,300000136644850,MATHEW.BROWN
300000047479179,US INS Fin Svcs Check Processing (Review Installments),CHECK,300000137795866,MATHEW.IMPERIAL
20125,BofA 2869 Electronic Processing (Priority Pay Group),EFT,300000158453635,MATTHEW.SCHNIEDER
300000047479179,BofA 2870 Check Processing - Supremo US,CHECK,300000203740693,FIN_IMPL
20125,HealthCare US Electronic Processing - Chase 8974,EFT,300000208393098,FIN_IMPL
300100183857409,SPSVVCWSB1,,300000222126530,FIN_IMPL
300100183857419,SPSVVWSDP1,WIRE,300000222141746,FIN_IMPL
300100183857404,PAMETAPPD1,EFT,300000222164681,FIN_IMPL
300100183857404,PAMVVACTX1,EFT,300000222164685,FIN_IMPL
300000232661056,Fusion PPR,,300000232730208,FUSION_ERP
20117,OPKEY-TEMPLATE-002,CHECK,300000242979377,FIN_IMPL
,XYZ Payment Process Request Template,EFT,300000246950207,Implementation.user
20125,BofA 2870 Electronic Processing - Supremo US,EFT,300000203740686,FIN_IMPL
20125,UK Supplier Payment,EFT,300000207253122,Jun.Royale
300000047479174,UK Supplier Check Payments,CHECK,300000211137108,Jun.Royale
300100183857414,SPSVVAIAT1,EFT,300000222141735,FIN_IMPL
300100183857393,PAMVVCWSB1,CHECK,300000222164675,FIN_IMPL
300100183857393,PAMVMCWOS1,CHECK,300000222164677,FIN_IMPL
300100183857404,PAMVVACCD1,EFT,300000222164679,FIN_IMPL
300100183857404,PAMVVAIAT1,EFT,300000222164683,FIN_IMPL
300000047479179,HealthCare US Check Processing - Chase 8974,CHECK,300000208393100,FIN_IMPL
300100183857409,SPSVMCWOS1,CHECK,300000222141728,FIN_IMPL
300100183857414,SPSVVACCD1,EFT,300000222141730,FIN_IMPL
300100183857414,SPSETAPPD1,EFT,300000222141733,FIN_IMPL
20117,OPKEY-TEMPLATE,CHECK,300000233236547,FIN_IMPL
300000243001608,OPKEY-PPR-TEMP,,300000243001685,Opkey.Employee
