ORG_ID,CREATED_BY
300000046987012,FIN_IMPL
300000047826661,FIN_IMPL
300000048716576,FIN_IMPL
300000136439946,FIN_IMPL
300000132179374,FIN_IMPL
300000047826657,FIN_IMPL
300000105578322,FIN_IMPL
300000048608429,FIN_IMPL
300000105578390,FIN_IMPL
300000093962136,FIN_IMPL
300000047826669,FIN_IMPL
300000048608417,FIN_IMPL
300000078974743,FIN_IMPL
300000048608425,FIN_IMPL
300000048716584,FIN_IMPL
300000047498175,FIN_IMPL
300000047568131,FIN_IMPL
300000075888561,FIN_IMPL
300000123827898,FIN_IMPL
300000048716580,FIN_IMPL
300000049671153,PRC_IMPL
300000132179348,FIN_IMPL
300000047826665,FIN_IMPL
300000180010546,FIN_IMPL
300000186345961,FIN_IMPL
300000232398088,FUSION_ERP
300000246738350,Implementation.user
300000246907510,XYZ.Media.User
300000219208529,FIN_IMPL
300000234298671,FIN_IMPL
300000236091469,FUSION_ERP
300000243029797,OP_EMP
300000243029800,OP_EMP
300000246451047,Implementation.user
300000246451041,Implementation.user
300000246451044,Implementation.user
300000246451050,Implementation.user
300000247044645,FIN_IMPL
300000217229393,FIN_IMPL
300000239924698,PATHINFO
300000242998906,Opkey.Employee
300000246491567,Implementation.user
300000246491570,Implementation.user
300000246491564,Implementation.user
300000246491561,Implementation.user
