TERM_ID,NAME,LANGUAGE,CREATED_BY
10001,Immediate,US,SEED_DATA_FROM_APPLICATION
10014,2/10 Net 30,US,SEED_DATA_FROM_APPLICATION
10134,Net 30,US,SEED_DATA_FROM_APPLICATION
10135,Net 45,US,SEED_DATA_FROM_APPLICATION
10136,Net 60,US,SEED_DATA_FROM_APPLICATION
10137,Net Monthly Account,US,SEED_DATA_FROM_APPLICATION
10175,End of Month,US,SEED_DATA_FROM_APPLICATION
300000100728105,JP-EOM-1-EOM,US,FIN_IMPL
300000100728106,JP-EOM-2-EOM,US,FIN_IMPL
300000100728107,JP-20th-1-EOM,US,FIN_IMPL
300000100728108,JP-20th-2-EOM,US,FIN_IMPL
300000173018493,Net 90,US,FIN_IMPL
300000222138344,Prompt Accelerated,US,FIN_IMPL
300000222138345,Prompt .1% 10 Net 30,US,FIN_IMPL
300000222138342,Prompt Net 30,US,FIN_IMPL
300000222138343,Prompt No Interest,US,FIN_IMPL
300000232660945,Fusion Immediate,US,FUSION_ERP
300000241665148,Opkey-Net 30,US,FIN_IMPL
300000243001645,Opkey-10% 10 5% 20 Net30,US,Opkey.Employee
300000235883600,FUSION 10/20/30,US,FUSION_PAT
300000222138346,Prompt 2% 10 Net 30,US,FIN_IMPL
300000222138347,Prompt Multi Discount,US,FIN_IMPL
