BANK_ACCOUNT_ID,BANK_ACCOUNT_NAME,AP_USE_ALLOWED_FLAG,AR_USE_ALLOWED_FLAG,PAY_USE_ALLOWED_FLAG,CREATED_BY
300000100685126,Mizuho/Honten/Check/0123456,Y,Y,Y,FIN_IMPL
300000130927134,CA Chequing,Y,Y,,FIN_IMPL
300000131485128,BBVA Bilbao Centro,Y,Y,,FIN_IMPL
300000132023355,DB Giro Euro,Y,Y,Y,FIN_IMPL
300000132537360,CRELAN - Internal Account,Y,Y,Y,FIN_IMPL
300000173066076,EUR mBank,Y,Y,Y,FIN_IMPL
300000047620136,Multi Currency - 1,Y,Y,Y,FIN_IMPL
300000075075548,中国银行人民币账户,Y,Y,Y,FIN_IMPL
300000085732130,CA Main Payroll Clearing Account,,,Y,HCM_IMPL
300000116919120,现金-人民币,Y,Y,Y,FIN_IMPL
300000132507415,MUFG/Akasaka/Check/1234567,Y,Y,Y,HCM_IMPL
300000132507436,ABN AMRO Euro,Y,Y,Y,FIN_IMPL
300000132507455,ING - Internal Account,Y,Y,Y,FIN_IMPL
300000133923848,WF -US1 Account,Y,Y,Y,FIN_IMPL
300000158242346,Netting Bank Account,Y,Y,,FIN_IMPL
300000175344448,CH - Internal Bank Account,Y,Y,Y,FIN_IMPL
300000047314450,BofA-2869,Y,Y,Y,FIN_IMPL
300000101581127,San Mateo Healthcare US Account,Y,Y,Y,FIN_IMPL
300000117144120,招商银行人民币账户,Y,Y,Y,FIN_IMPL
300000133007359,Fin Svcs US Account,Y,Y,Y,FIN_IMPL
300000133007380,FinSvcs UK Account,Y,Y,Y,FIN_IMPL
300000158464703,Grnt Maslak TRY Hsp,Y,Y,,FIN_IMPL
300000158464704,Grnt Kadıköy USD Hsp,Y,Y,,FIN_IMPL
300000158464705,Grnt Kadıköy EUR Hsp,Y,Y,N,FIN_IMPL
300000158464706,Fin Gayrettepe EUR Hesap,Y,Y,,FIN_IMPL
300000158464707,Fin Kadıköy TRY Hesap,Y,Y,,FIN_IMPL
300000158464708,Fin Üsküdar USD Hesap,Y,Y,,FIN_IMPL
300000158464709,TRY Kasa,Y,Y,,FIN_IMPL
300000158464710,EUR Kasa,Y,Y,,FIN_IMPL
300000158464711,USD Kasa,Y,Y,,FIN_IMPL
300000173066069,PLN mBank,Y,Y,Y,FIN_IMPL
300000076173555,Citibank-1448,Y,Y,Y,FIN_IMPL
300000137923915,SEB Checkräkning,Y,Y,Y,FIN_IMPL
300000151015086,ADIB - 25442478,Y,Y,Y,FIN_IMPL
300000047620123,BNP - Interne en Euro 999,Y,Y,Y,FIN_IMPL
300000094206258,Higher Education ,Y,Y,Y,FIN_IMPL
300000115394121,C/C IT LE,Y,Y,Y,FIN_IMPL
300000116907118,中国银行美元账户,Y,Y,Y,FIN_IMPL
300000130817131,Westpac AU,Y,Y,N,FIN_IMPL
300000132537382,KBC - Internal Account,Y,Y,Y,FIN_IMPL
300000137795857,INSUS Account,Y,Y,Y,FIN_IMPL
300000184860186,HDFC112233,Y,Y,,FIN_IMPL
300000180065899,Bofa-2870,Y,Y,Y,FIN_IMPL
300000189200134,Supremo CH - Internal Bank Account,Y,Y,Y,FIN_IMPL
300000196093612,BBVA-MX-001,Y,Y,Y,FIN_IMPL
300000238161348,FUSION DELHI BANK A/C,Y,Y,,FUSION_PAT
300000240141471,PATHINFO AXIS ACCOUNT,Y,Y,,PATHINFO
300000240141594,FUSION1 AXIS ACCOUNT,Y,Y,,fusion1
300000240141598,FUSION1 AXIS CORPORATE A/C,Y,Y,,fusion1
300000243001595,OPKEY ACCOUNT,Y,Y,Y,Opkey.Employee
300000243001664,OPKEY-BOA-ACCOUNT,Y,Y,Y,Opkey.Employee
300000246756982,ABTMV-UNION-7846,Y,Y,,Implementation.user
300000246756988,ABTMV-CANA-0082,Y,Y,,Implementation.user
300000246756995,ABTMV-CANA-0356,Y,Y,,Implementation.user
300000246757001,ABTMV-CANA-2340,Y,Y,,Implementation.user
300000246757017,CASH ACCOUNT -NODIA,Y,Y,,Implementation.user
300000246936459,XYZ-INDU-8945,Y,Y,,Implementation.user
300000246936482,AP/AR Netting-XYZ,Y,Y,,Implementation.user
300000246949764,XYZ Media Limited,Y,Y,,Implementation.user
300000206235231,NCB Payroll Bank Account,Y,,Y,FIN_IMPL
300000218195312,Progress UK Account,Y,Y,Y,CURTIS.FEITTY
300000219229155,Westpac AU Council,Y,Y,,FIN_IMPL
300000220045071,Federal Disbursement/Receipt Account,Y,Y,,FIN_IMPL
300000232661008,Fusion ERP Savings Account,Y,Y,N,FUSION_ERP
300000232677289,Fusion ICICI Bank A/c,Y,Y,,PATH EMP
300000233019868,FUSION INR BANK Account,Y,Y,,FUSION_ERP
300000235883617,FUSION NEW ACCOUNT NUMBER,Y,Y,Y,FUSION_PAT
300000242945222,TEST-BAR-123,Y,Y,,CASEY.BROWN
300000246756952,AP/AR Netting_ABTMV,Y,Y,,Implementation.user
300000246756967,ABTMV-CAN-0035,Y,Y,,Implementation.user
300000246756974,ABTMV-CAN-0089,Y,Y,,Implementation.user
300000246936446,XYZ-CANA-0140,Y,Y,,Implementation.user
