PAYMENT_DOCUMENT_ID,PAYMENT_DOCUMENT_NAME,INTERNAL_BANK_ACCOUNT_ID,FORMAT_CODE,CREATED_BY
300000047334442,Check Stock A,300000047314450,IBY_PAY_CHK_STANDARD_1,FIN_IMPL
300000095580106,Check Stock A,300000094206258,IBY_PAY_CHK_LASER,FIN_IMPL
300000095580107,Check Stock B,300000094206258,IBY_PAY_CHK_STANDARD_1,FIN_IMPL
300000116200105,Check Stock A,300000101581127,IBY_PAY_CHK_STANDARD_1,FIN_IMPL
300000116200106,Check Stock B,300000101581127,IBY_PAY_CHK_STANDARD_1,FIN_IMPL
300000117267105,Check - 8520,300000116907118,IBY_PAY_CHK_STANDARD_1,FIN_IMPL
300000132537384,Direct Debits,300000132507436,IBY_ISO20022_SEPA,FIN_IMPL
300000133007386,Fin Svcs US Check Stock AA,300000133007359,IBY_PAY_CHK_STANDARD_1,FIN_IMPL
300000175356660,CH ISO20022 (V2.0),300000175344448,CH_ISO20022_V2.0,FIN_IMPL
300000047757112,Check Stock A - 6799,300000047620136,IBY_PAY_CHK_LASER,FIN_IMPL
300000132507416,Japan Zengin File,300000132507415,IBY_PAY_EFT_ZENGIN_JP,HCM_IMPL
300000133494888,SEPA,300000131485128,IBY_ISO20022_SEPA,FIN_IMPL
300000115661112,Check Stock A,300000115394121,IBY_PAY_CHK_STANDARD_1,FIN_IMPL
300000117144123,Electronic-4560,300000117144120,IBY_PAY_BANK_TRANSFER_REQ,FIN_IMPL
300000131029117,SEPA,300000115394121,IBY_ISO20022_SEPA,FIN_IMPL
300000133007384,Fin Svcs UK Check Stock AA,300000133007380,IBY_PAY_CHK_LASER,FIN_IMPL
300000133247851,Check Stock A,300000131485128,IBY_PAY_CHK_ES,FIN_IMPL
300000047757113,Check Stock A - 8965,300000047620123,IBY_PAY_CHK_STANDARD_1,FIN_IMPL
300000075964549,Check - 4869,300000075075548,IBY_PAY_CHK_STANDARD_1,FIN_IMPL
300000076186539,Check - 1448 - A,300000076173555,IBY_PAY_CHK_STANDARD_1,FIN_IMPL
300000100728115,Check Stock A,300000100685126,IBY_PAY_CHK_STANDARD_1,FIN_IMPL
300000100728116,Check Stock B,300000100685126,IBY_PAY_CHK_STANDARD_1,FIN_IMPL
300000137923918,Bankgiro,300000137923915,IBY_PAY_EFT_BANKGIRO_SE,FIN_IMPL
300000100551105,Direct Debits,300000047620123,IBY_ISO20022_SEPA,FIN_IMPL
300000101519108,Japan Zengin,300000100685126,IBY_PAY_EFT_ZENGIN_JP,FIN_IMPL
300000131066146,Check,300000130817131,IBY_PAY_CHK_STANDARD_1,FIN_IMPL
300000131066147,Electronic,300000130817131,IBY_PAY_EDI_SWIFT_MT100,FIN_IMPL
300000137795862,Insurance US Check Stock,300000137795857,IBY_PAY_CHK_STANDARD_1,FIN_IMPL
300000180065906,Check Bofa,300000180065899,IBY_PAY_CHK_STANDARD_1,FIN_IMPL
300000184860189,HDFC-CHQ-01,300000184860186,IBY_PAY_CHK_STANDARD_1,FIN_IMPL
300000189200137,CH-Check Stock A,300000189200134,IBY_PAY_CHK_STANDARD_1,FIN_IMPL
300000240141601,FUSION1 Second check,300000240141598,IBY_PAY_CHK_STANDARD_1,fusion1
300000243001596,OPKEY PAYMENT DOCUMENT,300000243001595,IBY_PAY_CHK_STANDARD_1,Opkey.Employee
300000246756997,Electronic,300000246756995,IBY_PAY_EFT_PAYPAL,Implementation.user
300000235883633,FUSION NEW DOCUMENT,300000235883617,IBY_PAY_CHK_STANDARD_1,FUSION_PAT
300000246756979,Electronic,300000246756974,IBY_PAY_EFT_PAYPAL,Implementation.user
300000246936456,Electronic,300000246936446,IBY_PAY_EFT_PAYPAL,Implementation.user
300000202234677,Check Stock A,300000132023355,IBY_PAY_CHK_STANDARD_1,FIN_IMPL
300000232661210,Fusion Payment Document,300000232661008,IBY_PAY_CHK_STANDARD_1,FUSION_ERP
300000238161350,FUSION NEW CHECK1,300000238161348,IBY_PAY_CHK_STANDARD_1,FUSION_PAT
300000240141477,PATHINFO CHECK,300000240141471,IBY_PAY_CHK_STANDARD_1,PATHINFO
300000240141595,Fusion1 Check,300000240141594,IBY_PAY_CHK_STANDARD_1,fusion1
300000243001666,OPKEY-PAYMENT-DOC,300000243001664,IBY_PAY_CHK_STANDARD_1,Opkey.Employee
300000246756957,Netting,300000246756952,IBY_PAY_CHK_STANDARD_1,Implementation.user
300000246756969,Electronic,300000246756967,IBY_PAY_EFT_PAYPAL,Implementation.user
300000246756984,Electronic,300000246756982,IBY_PAY_EFT_PAYPAL,Implementation.user
300000246756992,Electronic,300000246756988,IBY_PAY_EFT_PAYPAL,Implementation.user
300000246757003,Electronic,300000246757001,IBY_PAY_EFT_PAYPAL,Implementation.user
300000246757019,Cash,300000246757017,IBY_PAY_CHK_STANDARD_1,Implementation.user
300000246936469,Electronic,300000246936459,IBY_PAY_EFT_PAYPAL,Implementation.user
300000246936491,Netting,300000246936482,IBY_PAY_CHK_STANDARD_1,Implementation.user
300000246949778,Check_400001-400050,300000246949764,IBY_PAY_BANK_TRANSFER_REQ,Implementation.user
300000219229160,Check,300000219229155,IBY_PAY_CHK_STANDARD_1,FIN_IMPL
300000219229161,Electronic,300000219229155,IBY_PAY_EDI_SWIFT_MT100,FIN_IMPL
300000222141388,SPS-CHECK,300000220045071,IBY_FV_PAY_CHK_SPS,FIN_IMPL
300000222141389,SPS-ACH,300000220045071,IBY_FV_PAY_EFT_SPS,FIN_IMPL
300000222141390,SPS-WIRE,300000220045071,IBY_FV_PAY_EFT_SPS_SDP,FIN_IMPL
300000222141391,PAM-CHECK,300000220045071,IBY_FV_PAY_CHK_PAM,FIN_IMPL
300000222141392,PAM-ACH,300000220045071,IBY_FV_PAY_EFT_PAM,FIN_IMPL
