CATEGORY_ID,CATEGORY_NAME,LANGUAGE,CREATED_BY
300000047292693,Food and Beverage,US,SCM_IMPL
300000047292694,Information Technology,US,SCM_IMPL
300000047292696,Landscaping Services,US,SCM_IMPL
300000047292697,Office Supplies and Stationary,US,SCM_IMPL
300000047292698,Product Reporting,US,SCM_IMPL
300000047292699,Temporary Services,US,SCM_IMPL
300000047292701,Audio Products,US,SCM_IMPL
300000047292702,Batteries and Adaptors,US,SCM_IMPL
300000047292705,Computer Monitors,US,SCM_IMPL
300000047292706,Computer Servers,US,SCM_IMPL
300000047292715,Keyboards,US,SCM_IMPL
300000047292716,Casual Apparel,US,SCM_IMPL
300000047292719,Ladies Shirts,US,SCM_IMPL
300000047292720,Ladies Trousers,US,SCM_IMPL
300000047292744,Network Products,US,SCM_IMPL
300000047292745,Non-categorized,US,SCM_IMPL
300000047292746,Non_Categorized Computer Products,US,SCM_IMPL
300000047292748,Pointer Products,US,SCM_IMPL
300000047292752,Smartphones,US,SCM_IMPL
300000047292753,Storage Products,US,SCM_IMPL
300000047292754,Tablet Computers,US,SCM_IMPL
300000047292798,Bookcases,US,SCM_IMPL
300000047292800,Building Maintenance and Repairs,US,SCM_IMPL
300000047292801,Business Liability Insurance,US,SCM_IMPL
300000047292805,Miscellaneous,US,SCM_IMPL
300000047292806,Computer Supplies,US,SCM_IMPL
300000047292807,Contractor Expense,US,SCM_IMPL
300000047292808,Copy Paper,US,SCM_IMPL
300000047292810,Desk Supplies,US,SCM_IMPL
300000047481361,43212105 - Laser printers,US,SCM_IMPL
300000047481362,43212106 - Line matrix printers,US,SCM_IMPL
300000047481363,43212107 - Plotter printers,US,SCM_IMPL
300000047481364,43212108 - Thermal tape printers,US,SCM_IMPL
300000047481365,43212109 - Bag tag printer,US,SCM_IMPL
300000047481366,43212110 - Multi function printers,US,SCM_IMPL
300000047481367,43212111 - Airline ticket or boarding pass ATB printers,US,SCM_IMPL
300000047481368,43212112 - Point of sale POS receipt printers,US,SCM_IMPL
300000047481369,43212113 - Compact disc CD or labeling printers,US,SCM_IMPL
300000047481370,43212114 - Digital image printers,US,SCM_IMPL
300000047292691,Clothing,US,SCM_IMPL
300000047292695,Janitorial Services,US,SCM_IMPL
300000047292703,Cables,US,SCM_IMPL
300000047292704,Computer Accessories,US,SCM_IMPL
300000047292707,Digital Cameras,US,SCM_IMPL
300000047292708,Electronic Accessories,US,SCM_IMPL
300000047292709,Grocery Canned Products,US,SCM_IMPL
300000047292710,Grocery Dairy Products,US,SCM_IMPL
300000047292711,Grocery Meat Products,US,SCM_IMPL
300000047292712,Grocery Soft Drinks,US,SCM_IMPL
300000047292713,Integrated Computer Camera,US,SCM_IMPL
300000047292714,Internet Devices,US,SCM_IMPL
300000047292717,Ladies Coats,US,SCM_IMPL
300000047292718,Ladies Denim,US,SCM_IMPL
300000047292721,Memory Products,US,SCM_IMPL
300000047292722,Misc Components,US,SCM_IMPL
300000047292749,Printers and Printer Products,US,SCM_IMPL
300000047292750,Projectors,US,SCM_IMPL
300000047292751,Server Software,US,SCM_IMPL
300000047292777,Advertising,US,SCM_IMPL
300000047292802,Cafeteria Subsidies,US,SCM_IMPL
300000047292803,Chairs,US,SCM_IMPL
300000047292804,Cleaning Supplies,US,SCM_IMPL
300000047481371,43211501 - Computer servers,US,SCM_IMPL
300000047481429,Electrical,US,SCM_IMPL
300000047481430,Electronics,US,SCM_IMPL
300000047481431,Fashion,US,SCM_IMPL
300000047481432,Groceries,US,SCM_IMPL
300000047481433,Canned Fruit,US,SCM_IMPL
300000047481439,Women's Fashion - eCommerce,US,SCM_IMPL
300000047481464,Summer - eCommerce,US,SCM_IMPL
300000047481465,Tees - eCommerce,US,SCM_IMPL
300000047481466,Cameras,US,SCM_IMPL
300000047481469,Smartphone,US,SCM_IMPL
300000047481470,Tablets,US,SCM_IMPL
300000047481475,Fashion - Mens,US,SCM_IMPL
300000047481476,Fashion - Women's,US,SCM_IMPL
300000047481477,Health and Beauty,US,SCM_IMPL
300000047481478,Beauty,US,SCM_IMPL
300000047481479,Hair Care,US,SCM_IMPL
300000047481486,Health Care Uniforms,US,SCM_IMPL
300000047481488,First Aid Kit,US,SCM_IMPL
300000047481490,Medical Gloves,US,SCM_IMPL
300000047481491,Servers,US,SCM_IMPL
300000047533159,Laptop,US,SCM_IMPL
300000047534039,Computer Components,US,SCM_IMPL
300000047558112,Digital Photo Frames,US,SCM_IMPL
300000050799716,ATS0102,US,FIN_IMPL
300000050799717,ATS0103,US,FIN_IMPL
300000050799718,ATS0104,US,FIN_IMPL
300000047312441,Desks,US,SCM_IMPL
300000047312442,Desktop Phones,US,SCM_IMPL
300000047312443,Desktops,US,SCM_IMPL
300000047312444,Electricity/Water,US,SCM_IMPL
300000047312445,Envelopes,US,SCM_IMPL
300000047312446,Event,US,SCM_IMPL
300000047312447,Exhibitions,US,SCM_IMPL
300000047312448,Facility - Contractor Services,US,SCM_IMPL
300000047312462,Pens and Pencils,US,SCM_IMPL
300000047312463,Peripherals,US,SCM_IMPL
300000047312464,Printer Accessories,US,SCM_IMPL
300000047312465,Printers,US,SCM_IMPL
300000047312466,Printing,US,SCM_IMPL
300000047312467,Professional Fees - All others,US,SCM_IMPL
300000047312468,Recruiting expenses,US,SCM_IMPL
300000047312469,Servers,US,SCM_IMPL
300000047312470,Software,US,SCM_IMPL
300000047312471,Toilet Paper,US,SCM_IMPL
300000047481415,31161608 - Lag bolts,US,SCM_IMPL
300000047481419,31161727 - Hexagonal nuts,US,SCM_IMPL
300000047481420,31161728 - Coupling nuts,US,SCM_IMPL
300000047481421,31161801 - Locking washers,US,SCM_IMPL
300000047481422,31161802 - Bevel washers,US,SCM_IMPL
300000047481423,31161807 - Flat washers,US,SCM_IMPL
300000047481426,Business Products,US,SCM_IMPL
300000047481427,Consumer Products,US,SCM_IMPL
300000047481428,Home Products,US,SCM_IMPL
300000047481438,Fashion Accessories - eCommerce,US,SCM_IMPL
300000047481440,Belts - eCommerce,US,SCM_IMPL
300000047481461,Handbags - eCommerce,US,SCM_IMPL
300000047481462,Sunglasses - eCommerce,US,SCM_IMPL
300000047481463,Travel Accessories - eCommerce,US,SCM_IMPL
300000047481467,Digital Photo Frames,US,SCM_IMPL
300000047481468,Printers,US,SCM_IMPL
300000047481471,Automotive,US,SCM_IMPL
300000047481474,Children's Fashion,US,SCM_IMPL
300000047481480,Health Care,US,SCM_IMPL
300000047481481,Personal Care,US,SCM_IMPL
300000047481482,Diet and Nutrition,US,SCM_IMPL
300000047481483,First Aid Care,US,SCM_IMPL
300000047481487,Medical Cabinets,US,SCM_IMPL
300000047481489,Gloves - eCommerce,US,SCM_IMPL
300000050799705,AT Linked to Exempt Sale,US,FIN_IMPL
300000050799706,ATG01,US,FIN_IMPL
300000050799707,ATG0100,US,FIN_IMPL
300000050799708,ATG0101,US,FIN_IMPL
300000050799709,ATG0102,US,FIN_IMPL
300000050799710,ATG0103,US,FIN_IMPL
300000050799711,ATG0104,US,FIN_IMPL
300000050799712,ATG0105,US,FIN_IMPL
300000050799713,ATS01,US,FIN_IMPL
300000050799714,ATS0100,US,FIN_IMPL
300000050799715,ATS0101,US,FIN_IMPL
300000047312449,Fax Paper,US,SCM_IMPL
300000047312450,File Cabinets,US,SCM_IMPL
300000047312451,Infrastructure Services,US,SCM_IMPL
300000047312452,Laptops,US,SCM_IMPL
300000047312454,Legal Services,US,SCM_IMPL
300000047312455,Marketing,US,SCM_IMPL
300000047312456,Mobile Phones,US,SCM_IMPL
300000047312457,Monitors,US,SCM_IMPL
300000047312458,Notebooks and Binders,US,SCM_IMPL
300000047312459,Office Supplies,US,SCM_IMPL
300000047312460,PO_Default,US,SCM_IMPL
300000047312461,Paper Towels,US,SCM_IMPL
300000047481397,43211502 - High end computer servers,US,SCM_IMPL
300000047481398,43211503 - Notebook computers,US,SCM_IMPL
300000047481399,43211505 - Point of sale POS terminal,US,SCM_IMPL
300000047481400,43211506 - Thin client computers,US,SCM_IMPL
300000047481401,43211507 - Desktop computers,US,SCM_IMPL
300000047481402,43211508 - Personal computers,US,SCM_IMPL
300000047481403,43211509 - Tablet computers,US,SCM_IMPL
300000047481404,43191500 - Personal communication devices,US,SCM_IMPL
300000047481405,43191501 - Mobile phones,US,SCM_IMPL
300000047481406,43191502 - Pagers,US,SCM_IMPL
300000047481407,43191503 - Pay phones,US,SCM_IMPL
300000047481408,43191504 - Fixed phones,US,SCM_IMPL
300000047481409,42130000 - Medical apparel and textiles,US,SCM_IMPL
300000047481410,42132200 - Medical gloves and accessories,US,SCM_IMPL
300000047481411,42132203 - Medical exam or non surgical procedure gloves,US,SCM_IMPL
300000047481412,42132204 - Medical glove liners,US,SCM_IMPL
300000047481413,42132205 - Surgical gloves,US,SCM_IMPL
300000047481416,31161618 - Threaded rod,US,SCM_IMPL
300000047481417,31161620 - Hexagonal bolts,US,SCM_IMPL
300000047481418,31161716 - Locknuts,US,SCM_IMPL
300000047481424,31161823 - Fender washer,US,SCM_IMPL
300000047481290,Retailer,US,SCM_IMPL
300000047481291,Fashion,US,SCM_IMPL
300000047481292,Grocery,US,SCM_IMPL
300000047481293,Hardlines,US,SCM_IMPL
300000047481294,Childrens,US,SCM_IMPL
300000047481295,Mens Fashion,US,SCM_IMPL
300000047481296,Womens Fashion,US,SCM_IMPL
300000047481297,Casual,US,SCM_IMPL
300000047481298,Classic,US,SCM_IMPL
300000047481299,Tops,US,SCM_IMPL
300000047481300,Tees,US,SCM_IMPL
300000047481301,Classic Tops,US,SCM_IMPL
300000047481302,Classic Sweaters,US,SCM_IMPL
300000047481303,Dairy,US,SCM_IMPL
300000047481304,Deli,US,SCM_IMPL
300000047481305,Grocery General,US,SCM_IMPL
300000047481306,Canned Fruit,US,SCM_IMPL
300000047481307,Peaches,US,SCM_IMPL
300000047481308,Pears,US,SCM_IMPL
300000047481309,Pineapple,US,SCM_IMPL
300000047481310,Tomatoes,US,SCM_IMPL
300000047481311,Tomatoes - Chopped,US,SCM_IMPL
300000047481312,Tomatoes - Diced,US,SCM_IMPL
300000047481313,Tomatoes - Pureed,US,SCM_IMPL
300000047481314,Tomatoes - Stewed,US,SCM_IMPL
300000047481315,Tomatoes - Whole,US,SCM_IMPL
300000047481317,31000000 - Manufacturing Components and Supplies,US,SCM_IMPL
300000047481340,42000000 - Medical Equipment and Accessories and Supplies,US,SCM_IMPL
300000047481341,43000000 - Information Technology Broadcasting and Telecommunications,US,SCM_IMPL
300000047481342,31160000 - Hardware,US,SCM_IMPL
300000047481346,31161500 - Screws,US,SCM_IMPL
300000047481347,31161600 - Bolts,US,SCM_IMPL
300000047481348,31161700 - Nuts,US,SCM_IMPL
300000047481349,31161800 - Washers,US,SCM_IMPL
300000047481350,31161501 - Cap screws,US,SCM_IMPL
300000047481351,31161508 - Wood screws,US,SCM_IMPL
300000047481352,31161528 - Self drilling screw,US,SCM_IMPL
300000047481353,43190000 - Communications Devices and Accessories,US,SCM_IMPL
300000047481354,43210000 - Computer Equipment and Accessories,US,SCM_IMPL
300000047481355,43211500 - Computer,US,SCM_IMPL
300000047481356,43212100 - Computer printers,US,SCM_IMPL
300000047481357,43212101 - Band printers,US,SCM_IMPL
300000047481358,43212102 - Dot matrix printers,US,SCM_IMPL
300000047481359,43212103 - Dye sublimination printers,US,SCM_IMPL
300000047481360,43212104 - Inkjet printers,US,SCM_IMPL
300000050800087,SEG01,US,FIN_IMPL
300000050800088,SEG0100,US,FIN_IMPL
300000050800089,SEG0101,US,FIN_IMPL
300000050800090,SEG0102,US,FIN_IMPL
300000050800091,SEG0103,US,FIN_IMPL
300000050800092,SEG0104,US,FIN_IMPL
300000050800093,SES01,US,FIN_IMPL
300000050800094,SES0100,US,FIN_IMPL
300000050800095,SES0101,US,FIN_IMPL
300000050800096,SES0102,US,FIN_IMPL
300000050800097,SES0103,US,FIN_IMPL
300000050800098,SES0104,US,FIN_IMPL
300000050800099,SER00,US,FIN_IMPL
300000050800100,SER01,US,FIN_IMPL
300000050800101,SE2010,US,FIN_IMPL
300000050800102,SE2010-01,US,FIN_IMPL
300000050800103,SE2010-01-1,US,FIN_IMPL
300000050800104,SE2010-01-2,US,FIN_IMPL
300000050800105,SE2010-01-3,US,FIN_IMPL
300000050800106,SE2010-01-4,US,FIN_IMPL
300000050800107,SE2010-01-5,US,FIN_IMPL
300000050800108,SE2010-01-6,US,FIN_IMPL
300000050800109,SE2010-02,US,FIN_IMPL
300000050800110,SK Linked to Exempt Sale,US,FIN_IMPL
300000050800111,SKG01,US,FIN_IMPL
300000050800112,SKG0100,US,FIN_IMPL
300000050800113,SKG0101,US,FIN_IMPL
300000050800114,SKG0102,US,FIN_IMPL
300000050800115,SKG0103,US,FIN_IMPL
300000050800116,SKG0104,US,FIN_IMPL
300000050800117,SKS01,US,FIN_IMPL
300000050800118,SKS0100,US,FIN_IMPL
300000050800119,SKS0101,US,FIN_IMPL
300000050800120,SKS0102,US,FIN_IMPL
300000050800121,SKS0103,US,FIN_IMPL
300000050800122,SKS0104,US,FIN_IMPL
300000050800123,SKR00,US,FIN_IMPL
300000050800124,SKR01,US,FIN_IMPL
300000050800125,SK2010,US,FIN_IMPL
300000050800126,SK2010-01,US,FIN_IMPL
300000050800127,SK2010-01-1,US,FIN_IMPL
300000050800128,SK2010-01-2,US,FIN_IMPL
300000050800129,SK2010-01-3,US,FIN_IMPL
300000050800130,SK2010-01-4,US,FIN_IMPL
300000050800131,SK2010-01-5,US,FIN_IMPL
300000050800132,SK2010-01-6,US,FIN_IMPL
300000050800133,SK2010-02,US,FIN_IMPL
300000054987831,Travel,US,SCM_IMPL
300000075987539,Mobile_Phone,US,KAREN.CURTIS
300000076184669,Sutures,US,KAREN.CURTIS
300000076184672,Medical Supplies,US,KAREN.CURTIS
300000076184673,Medical,US,KAREN.CURTIS
300000076184674,Medical Office Supplies,US,KAREN.CURTIS
300000050799719,ATS0105,US,FIN_IMPL
300000050799720,ATR00,US,FIN_IMPL
300000050799721,ATR01,US,FIN_IMPL
300000050799722,AT2010,US,FIN_IMPL
300000050799723,AT2010-01,US,FIN_IMPL
300000050799724,AT2010-01-1,US,FIN_IMPL
300000050799725,AT2010-01-2,US,FIN_IMPL
300000050799726,AT2010-01-3,US,FIN_IMPL
300000050799727,AT2010-01-4,US,FIN_IMPL
300000050799728,AT2010-01-5,US,FIN_IMPL
300000050799729,AT2010-01-6,US,FIN_IMPL
300000050799730,AT2010-02,US,FIN_IMPL
300000050799731,BE Linked to Exempt Sale,US,FIN_IMPL
300000050799732,BEG01,US,FIN_IMPL
300000050799733,BEG0100,US,FIN_IMPL
300000050799734,BEG0101,US,FIN_IMPL
300000050799735,BEG0102,US,FIN_IMPL
300000050799736,BEG0103,US,FIN_IMPL
300000050799737,BEG0104,US,FIN_IMPL
300000050799738,BES01,US,FIN_IMPL
300000050799739,BES0100,US,FIN_IMPL
300000050799740,BES0101,US,FIN_IMPL
300000050799741,BES0102,US,FIN_IMPL
300000050799742,BES0103,US,FIN_IMPL
300000050799743,BES0104,US,FIN_IMPL
300000050799744,BER00,US,FIN_IMPL
300000050799745,BER01,US,FIN_IMPL
300000050799746,BE2010,US,FIN_IMPL
300000050799747,BE2010-01,US,FIN_IMPL
300000050799748,BE2010-01-1,US,FIN_IMPL
300000050799749,BE2010-01-2,US,FIN_IMPL
300000050799750,BE2010-01-3,US,FIN_IMPL
300000050799751,BE2010-01-4,US,FIN_IMPL
300000050799752,BE2010-01-5,US,FIN_IMPL
300000050799753,BE2010-01-6,US,FIN_IMPL
300000050799754,BE2010-02,US,FIN_IMPL
300000050799755,CZ Linked to Exempt Sale,US,FIN_IMPL
300000050799756,CZG01,US,FIN_IMPL
300000050799757,CZG0100,US,FIN_IMPL
300000050799758,CZG0101,US,FIN_IMPL
300000050799759,CZG0102,US,FIN_IMPL
300000050799760,CZG0103,US,FIN_IMPL
300000050799761,CZS01,US,FIN_IMPL
300000050799762,CZS0100,US,FIN_IMPL
300000050799763,CZS0101,US,FIN_IMPL
300000050799764,CZS0102,US,FIN_IMPL
300000050799765,CZS0103,US,FIN_IMPL
300000050799766,CZR00,US,FIN_IMPL
300000050799767,CZR01,US,FIN_IMPL
300000050799768,CZ2010,US,FIN_IMPL
300000050799769,CZ2010-01,US,FIN_IMPL
300000050799770,CZ2010-01-1,US,FIN_IMPL
300000050799771,CZ2010-01-2,US,FIN_IMPL
300000050799772,CZ2010-01-3,US,FIN_IMPL
300000050799773,CZ2010-01-4,US,FIN_IMPL
300000050799774,CZ2010-01-5,US,FIN_IMPL
300000050799775,CZ2010-01-6,US,FIN_IMPL
300000050799776,CZ2010-02,US,FIN_IMPL
300000050799777,DE Linked to Exempt Sale,US,FIN_IMPL
300000050799778,DEG01,US,FIN_IMPL
300000050799779,DEG0100,US,FIN_IMPL
300000050799780,DEG0101,US,FIN_IMPL
300000050799781,DEG0102,US,FIN_IMPL
300000050799782,DEG0103,US,FIN_IMPL
300000050799783,DES01,US,FIN_IMPL
300000050799784,DES0100,US,FIN_IMPL
300000050799785,DES0101,US,FIN_IMPL
300000050799786,DES0102,US,FIN_IMPL
300000050799787,DES0103,US,FIN_IMPL
300000050799788,DER00,US,FIN_IMPL
300000050799789,DER01,US,FIN_IMPL
300000050799790,DE2010,US,FIN_IMPL
300000050799791,DE2010-01,US,FIN_IMPL
300000050799792,DE2010-01-1,US,FIN_IMPL
300000050799793,DE2010-01-2,US,FIN_IMPL
300000050799794,DE2010-01-3,US,FIN_IMPL
300000050799795,DE2010-01-4,US,FIN_IMPL
300000050799796,DE2010-01-5,US,FIN_IMPL
300000050799797,DE2010-01-6,US,FIN_IMPL
300000050799798,DE2010-02,US,FIN_IMPL
300000050799799,DK Linked to Exempt Sale,US,FIN_IMPL
300000050799800,DKG01,US,FIN_IMPL
300000050799801,DKG0100,US,FIN_IMPL
300000050799802,DKG0101,US,FIN_IMPL
300000050799803,DKG0102,US,FIN_IMPL
300000050799804,DKG0103,US,FIN_IMPL
300000050799805,DKS01,US,FIN_IMPL
300000050799806,DKS0100,US,FIN_IMPL
300000050799807,DKS0101,US,FIN_IMPL
300000050799808,DKS0102,US,FIN_IMPL
300000050799809,DKS0103,US,FIN_IMPL
300000050799810,DKR00,US,FIN_IMPL
300000050799811,DKR01,US,FIN_IMPL
300000050799812,DK2010,US,FIN_IMPL
300000050799813,DK2010-01,US,FIN_IMPL
300000050799814,DK2010-01-1,US,FIN_IMPL
300000050799815,DK2010-01-2,US,FIN_IMPL
300000050799816,DK2010-01-3,US,FIN_IMPL
300000050799817,DK2010-01-4,US,FIN_IMPL
300000050799818,DK2010-01-5,US,FIN_IMPL
300000050799819,DK2010-01-6,US,FIN_IMPL
300000050799820,DK2010-02,US,FIN_IMPL
300000050799821,ES Linked to Exempt Sale,US,FIN_IMPL
300000050799822,ESG01,US,FIN_IMPL
300000050799823,ESG0100,US,FIN_IMPL
300000050799824,ESG0101,US,FIN_IMPL
300000050799825,ESG0102,US,FIN_IMPL
300000050799826,ESG0103,US,FIN_IMPL
300000050799827,ESG0104,US,FIN_IMPL
300000050799828,ESS01,US,FIN_IMPL
300000050799829,ESS0100,US,FIN_IMPL
300000050799830,ESS0101,US,FIN_IMPL
300000050799831,ESS0102,US,FIN_IMPL
300000050799832,ESS0103,US,FIN_IMPL
300000050799833,ESS0104,US,FIN_IMPL
300000050799834,ESR00,US,FIN_IMPL
300000050799835,ESR01,US,FIN_IMPL
300000050799836,ES2010,US,FIN_IMPL
300000050799837,ES2010-01,US,FIN_IMPL
300000050799838,ES2010-01-1,US,FIN_IMPL
300000050799839,ES2010-01-2,US,FIN_IMPL
300000050799840,ES2010-01-3,US,FIN_IMPL
300000050799841,ES2010-01-4,US,FIN_IMPL
300000050799842,ES2010-01-5,US,FIN_IMPL
300000050799843,ES2010-01-6,US,FIN_IMPL
300000050799844,ES2010-02,US,FIN_IMPL
300000050799845,FI Linked to Exempt Sale,US,FIN_IMPL
300000050799846,FIG01,US,FIN_IMPL
300000050799847,FIG0100,US,FIN_IMPL
300000050799848,FIG0101,US,FIN_IMPL
300000050799849,FIG0102,US,FIN_IMPL
300000050799850,FIG0103,US,FIN_IMPL
300000050799851,FIG0104,US,FIN_IMPL
300000050799852,FIS01,US,FIN_IMPL
300000050799853,FIS0100,US,FIN_IMPL
300000050799854,FIS0101,US,FIN_IMPL
300000050799855,FIS0102,US,FIN_IMPL
300000050799856,FIS0103,US,FIN_IMPL
300000050799857,FIS0104,US,FIN_IMPL
300000050799858,FIR00,US,FIN_IMPL
300000050799859,FIR01,US,FIN_IMPL
300000050799860,FI2010,US,FIN_IMPL
300000050799861,FI2010-01,US,FIN_IMPL
300000050799862,FI2010-01-1,US,FIN_IMPL
300000050799863,FI2010-01-2,US,FIN_IMPL
300000050799864,FI2010-01-3,US,FIN_IMPL
300000050799865,FI2010-01-4,US,FIN_IMPL
300000050799866,FI2010-01-5,US,FIN_IMPL
300000050799867,FI2010-01-6,US,FIN_IMPL
300000050799868,FI2010-02,US,FIN_IMPL
300000050799869,FR Linked to Exempt Sale,US,FIN_IMPL
300000050799870,FRG01,US,FIN_IMPL
300000050799871,FRG0100,US,FIN_IMPL
300000050799872,FRG0101,US,FIN_IMPL
300000050799873,FRG0102,US,FIN_IMPL
300000050799874,FRG0103,US,FIN_IMPL
300000050799875,FRG0104,US,FIN_IMPL
300000050799876,FRS01,US,FIN_IMPL
300000050799877,FRS0100,US,FIN_IMPL
300000050799878,FRS0101,US,FIN_IMPL
300000050799879,FRS0102,US,FIN_IMPL
300000050799880,FRS0103,US,FIN_IMPL
300000050799881,FRS0104,US,FIN_IMPL
300000050799882,FRR00,US,FIN_IMPL
300000050799883,FRR01,US,FIN_IMPL
300000050799884,FR2010,US,FIN_IMPL
300000050799885,FR2010-01,US,FIN_IMPL
300000050799886,FR2010-01-1,US,FIN_IMPL
300000050799887,FR2010-01-2,US,FIN_IMPL
300000050799888,FR2010-01-3,US,FIN_IMPL
300000050799889,FR2010-01-4,US,FIN_IMPL
300000050799890,FR2010-01-5,US,FIN_IMPL
300000050799891,FR2010-01-6,US,FIN_IMPL
300000050799892,FR2010-02,US,FIN_IMPL
300000050799893,GB Linked to Exempt Sale,US,FIN_IMPL
300000050799894,GBG01,US,FIN_IMPL
300000050799895,GBG0100,US,FIN_IMPL
300000050799896,GBG0101,US,FIN_IMPL
300000050799897,GBG0102,US,FIN_IMPL
300000050799898,GBG0103,US,FIN_IMPL
300000050799899,GBS01,US,FIN_IMPL
300000050799900,GBS0100,US,FIN_IMPL
300000050799901,GBS0101,US,FIN_IMPL
300000050799902,GBS0102,US,FIN_IMPL
300000050799903,GBS0103,US,FIN_IMPL
300000050799904,GBR00,US,FIN_IMPL
300000050799905,GBR01,US,FIN_IMPL
300000050799906,GBMTIC,US,FIN_IMPL
300000050799907,GB2010,US,FIN_IMPL
300000050799908,GB2010-01,US,FIN_IMPL
300000050799909,GB2010-01-1,US,FIN_IMPL
300000050799910,GB2010-01-2,US,FIN_IMPL
300000050799911,GB2010-01-3,US,FIN_IMPL
300000050799912,GB2010-01-4,US,FIN_IMPL
300000050799913,GB2010-01-5,US,FIN_IMPL
300000050799914,GB2010-01-6,US,FIN_IMPL
300000050799915,GB2010-02,US,FIN_IMPL
300000050799916,HU Linked to Exempt Sale,US,FIN_IMPL
300000050799917,HUG01,US,FIN_IMPL
300000050799918,HUG0100,US,FIN_IMPL
300000050799919,HUG0101,US,FIN_IMPL
300000050799920,HUG0102,US,FIN_IMPL
300000050799921,HUG0103,US,FIN_IMPL
300000050799922,HUG0104,US,FIN_IMPL
300000050799923,HUS01,US,FIN_IMPL
300000050799924,HUS0100,US,FIN_IMPL
300000050799925,HUS0101,US,FIN_IMPL
300000050799926,HUS0102,US,FIN_IMPL
300000050799927,HUS0103,US,FIN_IMPL
300000050799928,HUS0104,US,FIN_IMPL
300000050799929,HUR00,US,FIN_IMPL
300000050799930,HUR01,US,FIN_IMPL
300000050799931,HU2010,US,FIN_IMPL
300000050799932,HU2010-01,US,FIN_IMPL
300000050799933,HU2010-01-1,US,FIN_IMPL
300000050799934,HU2010-01-2,US,FIN_IMPL
300000050799935,HU2010-01-3,US,FIN_IMPL
300000050799936,HU2010-01-4,US,FIN_IMPL
300000050799937,HU2010-01-5,US,FIN_IMPL
300000050799938,HU2010-01-6,US,FIN_IMPL
300000050799939,HU2010-02,US,FIN_IMPL
300000050799940,IE Linked to Exempt Sale,US,FIN_IMPL
300000050799941,IEG01,US,FIN_IMPL
300000050799942,IEG0100,US,FIN_IMPL
300000050799943,IEG0101,US,FIN_IMPL
300000050799944,IEG0102,US,FIN_IMPL
300000050799945,IEG0103,US,FIN_IMPL
300000050799946,IEG0104,US,FIN_IMPL
300000050799947,IEG0105,US,FIN_IMPL
300000050799948,IES01,US,FIN_IMPL
300000050799949,IES0100,US,FIN_IMPL
300000050799950,IES0101,US,FIN_IMPL
300000050799951,IES0102,US,FIN_IMPL
300000050799952,IES0103,US,FIN_IMPL
300000050799953,IES0104,US,FIN_IMPL
300000050799954,IES0105,US,FIN_IMPL
300000050799955,IER00,US,FIN_IMPL
300000050799956,IER01,US,FIN_IMPL
300000050799957,IE2010,US,FIN_IMPL
300000050799958,IE2010-01,US,FIN_IMPL
300000050799959,IE2010-01-1,US,FIN_IMPL
300000050799960,IE2010-01-2,US,FIN_IMPL
300000050799961,IE2010-01-3,US,FIN_IMPL
300000050799962,IE2010-01-4,US,FIN_IMPL
300000050799963,IE2010-01-5,US,FIN_IMPL
300000050799964,IE2010-01-6,US,FIN_IMPL
300000050799965,IE2010-02,US,FIN_IMPL
300000050799966,IT Linked to Exempt Sale,US,FIN_IMPL
300000050799967,ITG01,US,FIN_IMPL
300000050799968,ITG0100,US,FIN_IMPL
300000050799969,ITG0101,US,FIN_IMPL
300000050799970,ITG0102,US,FIN_IMPL
300000050799971,ITG0103,US,FIN_IMPL
300000050799972,ITG0104,US,FIN_IMPL
300000050799973,ITS01,US,FIN_IMPL
300000050799974,ITS0100,US,FIN_IMPL
300000050799975,ITS0101,US,FIN_IMPL
300000050799976,ITS0102,US,FIN_IMPL
300000050799977,ITS0103,US,FIN_IMPL
300000050799978,ITS0104,US,FIN_IMPL
300000050799979,ITR00,US,FIN_IMPL
300000050799980,ITR01,US,FIN_IMPL
300000050799981,IT2010,US,FIN_IMPL
300000050799982,IT2010-01,US,FIN_IMPL
300000050799983,IT2010-01-1,US,FIN_IMPL
300000050799984,IT2010-01-2,US,FIN_IMPL
300000050799985,IT2010-01-3,US,FIN_IMPL
300000050799986,IT2010-01-4,US,FIN_IMPL
300000050799987,IT2010-01-5,US,FIN_IMPL
300000050799988,IT2010-01-6,US,FIN_IMPL
300000050799989,IT2010-02,US,FIN_IMPL
300000050799990,LU Linked to Exempt Sale,US,FIN_IMPL
300000050799991,LUG01,US,FIN_IMPL
300000050799992,LUG0100,US,FIN_IMPL
300000050799993,LUG0101,US,FIN_IMPL
300000050799994,LUG0102,US,FIN_IMPL
300000050799995,LUG0103,US,FIN_IMPL
300000050799996,LUG0104,US,FIN_IMPL
300000050799997,LUG0105,US,FIN_IMPL
300000050799998,LUS01,US,FIN_IMPL
300000050799999,LUS0100,US,FIN_IMPL
300000050800000,LUS0101,US,FIN_IMPL
300000050800001,LUS0102,US,FIN_IMPL
300000050800002,LUS0103,US,FIN_IMPL
300000050800003,LUS0104,US,FIN_IMPL
300000050800004,LUS0105,US,FIN_IMPL
300000050800005,LUR00,US,FIN_IMPL
300000050800006,LUR01,US,FIN_IMPL
300000050800007,LU2010,US,FIN_IMPL
300000050800008,LU2010-01,US,FIN_IMPL
300000050800009,LU2010-01-1,US,FIN_IMPL
300000050800010,LU2010-01-2,US,FIN_IMPL
300000050800011,LU2010-01-3,US,FIN_IMPL
300000050800012,LU2010-01-4,US,FIN_IMPL
300000050800013,LU2010-01-5,US,FIN_IMPL
300000050800014,LU2010-01-6,US,FIN_IMPL
300000050800015,LU2010-02,US,FIN_IMPL
300000050800016,NL Linked to Exempt Sale,US,FIN_IMPL
300000050800017,NLG01,US,FIN_IMPL
300000050800018,NLG0100,US,FIN_IMPL
300000050800019,NLG0101,US,FIN_IMPL
300000050800020,NLG0102,US,FIN_IMPL
300000050800021,NLG0103,US,FIN_IMPL
300000050800022,NLS01,US,FIN_IMPL
300000050800023,NLS0100,US,FIN_IMPL
300000050800024,NLS0101,US,FIN_IMPL
300000050800025,NLS0102,US,FIN_IMPL
300000050800026,NLS0103,US,FIN_IMPL
300000050800027,NLR00,US,FIN_IMPL
300000050800028,NLR01,US,FIN_IMPL
300000050800029,NL2010,US,FIN_IMPL
300000050800030,NL2010-01,US,FIN_IMPL
300000050800031,NL2010-01-1,US,FIN_IMPL
300000050800032,NL2010-01-2,US,FIN_IMPL
300000050800033,NL2010-01-3,US,FIN_IMPL
300000050800034,NL2010-01-4,US,FIN_IMPL
300000050800035,NL2010-01-5,US,FIN_IMPL
300000050800036,NL2010-01-6,US,FIN_IMPL
300000050800037,NL2010-02,US,FIN_IMPL
300000050800038,PL Linked to Exempt Sale,US,FIN_IMPL
300000050800039,PLG01,US,FIN_IMPL
300000050800040,PLG0100,US,FIN_IMPL
300000050800041,PLG0101,US,FIN_IMPL
300000050800042,PLG0102,US,FIN_IMPL
300000050800043,PLG0103,US,FIN_IMPL
300000050800044,PLG0104,US,FIN_IMPL
300000050800045,PLS01,US,FIN_IMPL
300000050800046,PLS0100,US,FIN_IMPL
300000050800047,PLS0101,US,FIN_IMPL
300000050800048,PLS0102,US,FIN_IMPL
300000050800049,PLS0103,US,FIN_IMPL
300000050800050,PLS0104,US,FIN_IMPL
300000050800051,PLR00,US,FIN_IMPL
300000050800052,PLR01,US,FIN_IMPL
300000050800053,PL2010,US,FIN_IMPL
300000050800054,PL2010-01,US,FIN_IMPL
300000050800055,PL2010-01-1,US,FIN_IMPL
300000050800056,PL2010-01-2,US,FIN_IMPL
300000050800057,PL2010-01-3,US,FIN_IMPL
300000050800058,PL2010-01-4,US,FIN_IMPL
300000050800059,PL2010-01-5,US,FIN_IMPL
300000050800060,PL2010-01-6,US,FIN_IMPL
300000050800061,PL2010-02,US,FIN_IMPL
300000050800062,PT Linked to Exempt Sale,US,FIN_IMPL
300000050800063,PTG01,US,FIN_IMPL
300000050800064,PTG0100,US,FIN_IMPL
300000050800065,PTG0101,US,FIN_IMPL
300000050800066,PTG0102,US,FIN_IMPL
300000050800067,PTG0103,US,FIN_IMPL
300000050800068,PTG0104,US,FIN_IMPL
300000050800069,PTS01,US,FIN_IMPL
300000050800070,PTS0100,US,FIN_IMPL
300000050800071,PTS0101,US,FIN_IMPL
300000050800072,PTS0102,US,FIN_IMPL
300000050800073,PTS0103,US,FIN_IMPL
300000050800074,PTS0104,US,FIN_IMPL
300000050800075,PTR00,US,FIN_IMPL
300000050800076,PTR01,US,FIN_IMPL
300000050800077,PT2010,US,FIN_IMPL
300000050800078,PT2010-01,US,FIN_IMPL
300000050800079,PT2010-01-1,US,FIN_IMPL
300000050800080,PT2010-01-2,US,FIN_IMPL
300000050800081,PT2010-01-3,US,FIN_IMPL
300000050800082,PT2010-01-4,US,FIN_IMPL
300000050800083,PT2010-01-5,US,FIN_IMPL
300000050800084,PT2010-01-6,US,FIN_IMPL
300000050800085,PT2010-02,US,FIN_IMPL
300000050800086,SE Linked to Exempt Sale,US,FIN_IMPL
300000076184684,Thyroid,US,KAREN.CURTIS
300000076184685,Vaccines,US,KAREN.CURTIS
300000076308541,ZMisc1,US,KAREN.CURTIS
300000076308543,ZMisc2,US,KAREN.CURTIS
300000076308544,ZMisc3,US,KAREN.CURTIS
300000076308545,ZMisc4,US,KAREN.CURTIS
300000076308549,425.06 Chair,US,KAREN.CURTIS
300000076308551,645.33 Copy Paper,US,KAREN.CURTIS
300000076308552,615.33 Desk Supplies,US,KAREN.CURTIS
300000076308554,205.53 Desktops,US,KAREN.CURTIS
300000076308556,918.74 Legal Consulting,US,KAREN.CURTIS
300000076308557,725.51 Cellular Phone,US,KAREN.CURTIS
300000076308558,206.61 Monitors,US,KAREN.CURTIS
300000076308559,785.73 Notebooks,US,KAREN.CURTIS
300000076308562,620.00 Pen and Pencils,US,KAREN.CURTIS
300000076308565,206.74 Printers,US,KAREN.CURTIS
300000076308567,962.58 Professional Services,US,KAREN.CURTIS
300000092525151,Kitchen and Bath,US,KAREN.CURTIS
300000092525152,Faucets,US,KAREN.CURTIS
300000076184679,Medical Equipment,US,KAREN.CURTIS
300000076184680,Medical Sutures,US,KAREN.CURTIS
300000076184681,Anesthetics,US,KAREN.CURTIS
300000076184682,Cough and Cold,US,KAREN.CURTIS
300000085708119,Digital Camera,US,KAREN.CURTIS
300000092525162,Plumbing,US,KAREN.CURTIS
300000092525163,Faucets,US,KAREN.CURTIS
300000085708118,Consumer Electronics,US,KAREN.CURTIS
300000085708120,DPF,US,KAREN.CURTIS
300000092525175,30000000 - Structures and Building and Construction and manufacturing Components and Supplies,US,KAREN.CURTIS
300000092525179,30130000 - Structural building product,US,KAREN.CURTIS
300000076184675,Pharmaceutical,US,KAREN.CURTIS
300000076184676,Medical Gloves,US,KAREN.CURTIS
300000092525164,Showerheads,US,KAREN.CURTIS
300000092525176,30100000 - Structural materials and basic shapes,US,KAREN.CURTIS
300000078996084,Desktop,US,KAREN.CURTIS
300000078996091,Gloves - Medical,US,KAREN.CURTIS
300000078996092,Healthcare Plans,US,KAREN.CURTIS
300000078996105,Consulting,US,KAREN.CURTIS
300000092525177,30110000 - Concrete and cement and plaster,US,KAREN.CURTIS
300000076308550,485.00 Janitoral Supplies,US,KAREN.CURTIS
300000076308553,425.21 Desk,US,KAREN.CURTIS
300000076308555,204.54 Laptops,US,KAREN.CURTIS
300000076308560,615.00 Office Supplies,US,KAREN.CURTIS
300000076308561,"640.75 Toilet Tissues, Paper Towels",US,KAREN.CURTIS
300000076308563,206.68 Peripherals,US,KAREN.CURTIS
300000076308566,204.91 Servers,US,KAREN.CURTIS
300000078996106,Partner Programs,US,KAREN.CURTIS
300000078996107,Support,US,KAREN.CURTIS
300000078996178,Warranty,US,KAREN.CURTIS
300000092525178,30120000 - Roads and landscape,US,KAREN.CURTIS
300000077079040,Consigned,US,KAREN.CURTIS
300000092525153,Showerheads,US,KAREN.CURTIS
300000092525180,30140000 - Insulation,US,KAREN.CURTIS
300000116420254,Med-Surg,US,KAREN.CURTIS
300000116420258,IV Pumps and Accessories,US,KAREN.CURTIS
300000118842116,Server Accessories,US,KAREN.CURTIS
300000092525197,30181511 - Toilet bowls,US,KAREN.CURTIS
300000092525198,30181512 - Toilet seats,US,KAREN.CURTIS
300000116266150,Tablet,US,KAREN.CURTIS
300000122186402,Tablet Cmps And Acces,US,KAREN.CURTIS
300000092525201,30181515 - Toilet tanks,US,KAREN.CURTIS
300000092525202,30181516 - Sauna,US,KAREN.CURTIS
300000092525203,30181517 - Whirlpool tub,US,KAREN.CURTIS
300000116266341,Tablet Component (StdCst),US,KAREN.CURTIS
300000116266343,Tablet Accessory (StdCst),US,KAREN.CURTIS
300000116266346,Tablet Option Class,US,KAREN.CURTIS
300000092525187,30181502 - Bidets,US,KAREN.CURTIS
300000092525188,30181503 - Showers,US,KAREN.CURTIS
300000092525189,30181504 - Sinks,US,KAREN.CURTIS
300000122186417,Packaging,US,KAREN.CURTIS
300000122358397,Computer Packaging,US,KAREN.CURTIS
300000130229112,Wind Turbine,US,KAREN.CURTIS
300000092525190,30181505 - Toilets,US,KAREN.CURTIS
300000092525191,30181506 - Urinals,US,KAREN.CURTIS
300000130229118,Gas Turbine,US,KAREN.CURTIS
300000130229121,Cameras,US,KAREN.CURTIS
300000130229123,Cases,US,KAREN.CURTIS
300000092525205,30181519 - Faucet,US,KAREN.CURTIS
300000116266384,Tablets (StdCst),US,KAREN.CURTIS
300000116535163,Tablet Assemblies (StdCst),US,KAREN.CURTIS
300000116592129,SlimlineMini Tablets,US,KAREN.CURTIS
300000116592131,Vision Slimline,US,KAREN.CURTIS
300000116592107,Green Desktops,US,KAREN.CURTIS
300000116592111,Sentinel Desktops,US,KAREN.CURTIS
300000116592117,Ultra Laptops,US,KAREN.CURTIS
300000116592109,Miscellaneous Planning,US,KAREN.CURTIS
300000116592113,Green Laptops,US,KAREN.CURTIS
300000116592115,Sentinel Laptops,US,KAREN.CURTIS
300000092525184,30180000 - Plumbing fixtures,US,KAREN.CURTIS
300000092525186,30181501 - Bathtubs,US,KAREN.CURTIS
300000092525193,30181508 - Restrooms partitions,US,KAREN.CURTIS
300000092525206,30181520 - Shower head,US,KAREN.CURTIS
300000116592121,Sentinel Servers,US,KAREN.CURTIS
300000116592125,Slimline Tablets,US,KAREN.CURTIS
300000092525199,30181513 - Toilet seat lids,US,KAREN.CURTIS
300000092525200,30181514 - Toilet tank covers,US,KAREN.CURTIS
300000116592140,Tablet Components,US,KAREN.CURTIS
300000116592142,Tablet Assemblies,US,KAREN.CURTIS
300000117201107,Slimline Option Classes,US,KAREN.CURTIS
300000092525204,30181518 - Drain,US,KAREN.CURTIS
300000116592119,Green Servers,US,KAREN.CURTIS
300000116592123,Ultra Power Servers,US,KAREN.CURTIS
300000092525181,30150000 - Exterior finishing materials,US,KAREN.CURTIS
300000092525182,30160000 - Interior finishing materials ,US,KAREN.CURTIS
300000116592134,Smartphone,US,KAREN.CURTIS
300000116592136,Printer,US,KAREN.CURTIS
300000116592138,Tablet Accessories,US,KAREN.CURTIS
300000092525183,30170000 - Doors and windows and glass,US,KAREN.CURTIS
300000116592144,Server Components,US,KAREN.CURTIS
300000117201105,Slimline Model,US,KAREN.CURTIS
300000092525185,30181500 - Sanitary ware,US,KAREN.CURTIS
300000092525192,30181507 - Bathtub or Shower enclosure,US,KAREN.CURTIS
300000094107127,Lab Supplies,US,KAREN.CURTIS
300000116420256,Clinical Engineering,US,KAREN.CURTIS
300000116592127,SlimlineAir Tablets,US,KAREN.CURTIS
300000092525195,30181509 - Soap dishes,US,KAREN.CURTIS
300000092525196,30181510 - Towel bar or ring or stand,US,KAREN.CURTIS
300000117714105,Drop Ship,US,KAREN.CURTIS
300000117850105,Back to Back,US,KAREN.CURTIS
300000154512683,MRO,US,KAREN.CURTIS
300000165169158,Business Cards,US,KAREN.CURTIS
300000132748345,Accessories,US,KAREN.CURTIS
300000176073087,Hotel and accommodation,US,KAREN.CURTIS
300000176073088,Food and Beverages,US,KAREN.CURTIS
300000139109872,Digital Cameras,US,KAREN.CURTIS
300000139109873,Digital Photo Frames,US,KAREN.CURTIS
300000170603212,Catheters,US,KAREN.CURTIS
300000176073089,"Books, newspapers and magazines",US,KAREN.CURTIS
300000167712383,Displays,US,KAREN.CURTIS
300000167712384,Memory,US,KAREN.CURTIS
300000167712385,Storage,US,KAREN.CURTIS
300000167712413,Tablet Subassemblies,US,KAREN.CURTIS
300000176547467,S1 ATO Option Class,US,KAREN.CURTIS
300000173338419,To Be Assigned,US,KAREN.CURTIS
300000131122181,Software - Computers,US,KAREN.CURTIS
300000163484705,Diagnostic Supplies,US,KAREN.CURTIS
300000154512780,Industrial,US,KAREN.CURTIS
300000167938708,Pharmaceutical,US,KAREN.CURTIS
300000173338453,To Be Assigned,US,KAREN.CURTIS
300000167938684,LS Medical Devices,US,KAREN.CURTIS
300000131083114,Server Assemblies,US,KAREN.CURTIS
300000173371359,S1 ATO Components,US,Brian.Fellowes
300000137406856,General Med,US,KAREN.CURTIS
300000137406859,IV Supplies,US,KAREN.CURTIS
300000137406861,Blood Draw,US,KAREN.CURTIS
300000167938685,LS Pharmacuticals,US,KAREN.CURTIS
300000137406873,Endodontics,US,KAREN.CURTIS
300000137406877,Forms,US,KAREN.CURTIS
300000137406879,Brochures,US,KAREN.CURTIS
300000130568112,Vision Servers,US,KAREN.CURTIS
300000137406864,Wound Care,US,KAREN.CURTIS
300000154512677,Fasteners,US,KAREN.CURTIS
300000150952092,Casual Apparel,US,KAREN.CURTIS
300000143862880,Green Laptops,US,KAREN.CURTIS
300000143977370,Wind Turbine,US,KAREN.CURTIS
300000143977371,Gas Turbine,US,KAREN.CURTIS
300000132649350,Server Cmps and Acces,US,KAREN.CURTIS
300000137406867,Devices and Implants,US,KAREN.CURTIS
300000137406869,Activators & Appliers,US,KAREN.CURTIS
300000173338425,Tablets,US,KAREN.CURTIS
300000173338426,Laptops,US,KAREN.CURTIS
300000130548112,Servers (StdCst),US,KAREN.CURTIS
300000154493337,Healthcare,US,KAREN.CURTIS
300000154512688,StdFasteners,US,KAREN.CURTIS
300000137406882,Laser Printer,US,KAREN.CURTIS
300000137406885,Inkjet Printer,US,KAREN.CURTIS
300000139109876,Green Servers,US,KAREN.CURTIS
300000139109877,Power Servers,US,KAREN.CURTIS
300000173338403,Electrical,US,KAREN.CURTIS
300000139109882,Printers,US,KAREN.CURTIS
300000139109883,Root Item Class,US,KAREN.CURTIS
300000139109886,Sentinel Laptops,US,KAREN.CURTIS
300000139109888,Sentinel Servers,US,KAREN.CURTIS
300000139109889,Ultra Laptops,US,KAREN.CURTIS
300000139109890,Ultra Power Servers,US,KAREN.CURTIS
300000173338411,Server,US,KAREN.CURTIS
300000173338413,Laptop,US,KAREN.CURTIS
300000143891798,Capital Equipment,US,KAREN.CURTIS
300000143891803,Capital Equipment,US,KAREN.CURTIS
300000163484708,Implants and Devices,US,KAREN.CURTIS
300000167938722,Pharmaceuticals,US,KAREN.CURTIS
300000167938728,Medical Devices,US,KAREN.CURTIS
300000149999099,WT Components,US,KAREN.CURTIS
300000174966188,S1 ATO Assemblies,US,KAREN.CURTIS
300000145566087,Wind Turbine,US,KAREN.CURTIS
300000152243361,Maintenance ,US,KAREN.CURTIS
300000174966191,S1 ATO Model,US,KAREN.CURTIS
300000167712336,Battery,US,KAREN.CURTIS
300000167712337,Boards & Processors,US,KAREN.CURTIS
300000180174143,Miscellaneous E360,US,KAREN.CURTIS
300000180280627,Fitness Software,US,marisol.kris
300000180740502,Wearables,US,marisol.kris
300000180153082,FE Phantom,US,KAREN.CURTIS
300000180153083,FE Software (Std),US,KAREN.CURTIS
300000180522938,Spare Category,US,marisol.kris
300000181476032,CHS0103,US,KAREN.CURTIS
300000181476033,CHS0100,US,KAREN.CURTIS
300000180740582,Miscellaneous E360,US,marisol.kris
300000180740583,Motors,US,marisol.kris
300000180522913,Motors,US,marisol.kris
300000180522914,Sensors,US,marisol.kris
300000180740507,Treadmills,US,marisol.kris
300000180740509,Incline Trainers,US,marisol.kris
300000181476044,CHG0101,US,KAREN.CURTIS
300000180740523,Deck Components,US,marisol.kris
300000180740524,Documentation And Packaging ,US,marisol.kris
300000180740494,All Products,US,marisol.kris
300000180740594,Sensors,US,marisol.kris
300000180740595,Console Components,US,marisol.kris
300000180279933,FE Software (Avg),US,KAREN.CURTIS
300000180279934,FE Software (Actual),US,KAREN.CURTIS
300000180740525,Fitness Assembly,US,marisol.kris
300000180740528,Supremo,US,marisol.kris
300000181657422,Drink Ingredients,US,marisol.kris
300000180147138,Oro Wearables,US,KEVIN.SCHOTT
300000180760213,Adjustors,US,marisol.kris
300000180780471,Joints,US,KAREN.CURTIS
300000180740034,VR Trainers,US,marisol.kris
300000180740589,Frame Components,US,marisol.kris
300000181476048,CHG0100,US,KAREN.CURTIS
300000180740503,Fitness Components,US,marisol.kris
300000180740516,Oro,US,marisol.kris
300000180740517,Platino,US,marisol.kris
300000180780472,Arms and Pedals,US,KAREN.CURTIS
300000180780473,Straps,US,KAREN.CURTIS
300000181476049,CHG01,US,KAREN.CURTIS
300000181511383,Drinks,US,marisol.kris
300000182524615,Computer Systems,US,KAREN.CURTIS
300000182524616,Power Laptops,US,KAREN.CURTIS
300000181476038,CHS01,US,KAREN.CURTIS
300000181476039,CHG0104,US,KAREN.CURTIS
300000181476040,CHG0103,US,KAREN.CURTIS
300000180153113,FE Warranty,US,KAREN.CURTIS
300000180153114,FE Subscription,US,KAREN.CURTIS
300000181657421,Drink Products,US,marisol.kris
300000180147015,Treadmill,US,KAREN.CURTIS
300000180147016,Elliptical,US,KAREN.CURTIS
300000180279940,FE Accessories (Actual),US,KAREN.CURTIS
300000180660749,Sensors,US,marisol.kris
300000180279918,FE Component (Actual),US,KAREN.CURTIS
300000180153080,FE Component (Std),US,KAREN.CURTIS
300000180279945,FE Accessories (Avg),US,KAREN.CURTIS
300000180147017,Cardio Fitness,US,KAREN.CURTIS
300000180147147,Platino Wearable,US,KEVIN.SCHOTT
300000180147148,Supremo Wearable,US,KEVIN.SCHOTT
300000180660750,Frames,US,marisol.kris
300000180660751,Electronics,US,marisol.kris
300000180660770,Safety,US,marisol.kris
300000180174049,Fitness Accessories,US,marisol.kris
300000180760221,VR Components,US,marisol.kris
300000180153110,FE Accessories (Std),US,KAREN.CURTIS
300000180153121,Treadmills,US,KAREN.CURTIS
300000180660754,Motors,US,marisol.kris
300000180660758,Running Deck,US,marisol.kris
300000180153127,Ellipticals,US,KAREN.CURTIS
300000180153128,Incline Trainers,US,KAREN.CURTIS
300000180153134,Oro,US,KAREN.CURTIS
300000180153135,Platino,US,KAREN.CURTIS
300000180660771,Fitness Components,US,marisol.kris
300000180740512,VR Trainers,US,marisol.kris
300000180740513,Fitness Accessories,US,marisol.kris
300000180280287,FE Assembly (Actual),US,marisol.kris
300000180280288,FE Assembly (Avg),US,marisol.kris
300000180153136,Supremo,US,KAREN.CURTIS
300000180476114,VR Trainer,US,KAREN.CURTIS
300000180660774,Documentation,US,marisol.kris
300000180760236,Battery,US,marisol.kris
300000181476011,CHS0104,US,KAREN.CURTIS
300000181476043,CHG0102,US,KAREN.CURTIS
300000180476118,VR Component,US,KAREN.CURTIS
300000180522894,Console Components,US,marisol.kris
300000180660778,Packaging,US,marisol.kris
300000180660790,Fitness Accessory,US,marisol.kris
300000180740501,Cardio Fitness Machines,US,marisol.kris
300000180279923,FE Component (Avg),US,KAREN.CURTIS
300000180740506,Ellipticals,US,marisol.kris
300000180522895,Documentation & Packaging,US,marisol.kris
300000180900259,Maintenance,US,SCM_IMPL
300000181476005,CHS0102,US,KAREN.CURTIS
300000181476008,CHS0101,US,KAREN.CURTIS
300000180174141,Fitness Component,US,KAREN.CURTIS
300000180174142,Fitness Assembly,US,KAREN.CURTIS
300000180153081,FE Assembly (Std),US,KAREN.CURTIS
300000180522903,Deck Components,US,marisol.kris
300000180522908,Frame Components,US,marisol.kris
300000200774317,Fitness Machine,US,marisol.kris
300000200774329,VR Trainer,US,marisol.kris
300000188105715,Plastic Assembly,US,marisol.kris
300000192570924,Elliptical (Actual),US,KEVIN.SCHOTT
300000200774336,Oro,US,marisol.kris
300000200774509,Fitness Machine - CTO,US,marisol.kris
300000188032371,05% GST Goods,US,KAREN.CURTIS
300000188032372,18% GST Goods,US,KAREN.CURTIS
300000200774306,Fitness & Health,US,marisol.kris
300000200774307,Cardio Fitness,US,marisol.kris
300000188032387,1902,US,KAREN.CURTIS
300000188032388,8471,US,KAREN.CURTIS
300000188032389,8524,US,KAREN.CURTIS
300000200774308,Incline Trainer,US,marisol.kris
300000201748569,Wind Turbine PM,US,KEVIN.SCHOTT
300000201748572,WT Component PM,US,KEVIN.SCHOTT
300000201748573,WT Assembly PM,US,KEVIN.SCHOTT
300000189457672,Wristband Componen,US,marisol.kris
300000188032367,00% GST Goods,US,KAREN.CURTIS
300000188032368,12% GST Goods,US,KAREN.CURTIS
300000189200389,Oro,US,marisol.kris
300000189200390,Platinio,US,marisol.kris
300000188032375,28% GST Goods,US,KAREN.CURTIS
300000189201023,VR Trainers,US,marisol.kris
300000200774312,Elliptical,US,marisol.kris
300000200774314,Fitness Drink,US,marisol.kris
300000189201025,Treadmill,US,marisol.kris
300000200799440,Fitness Products,US,marisol.kris
300000186203211,Wind Turbine LS,US,KAREN.CURTIS
300000186203212,WT Components LS,US,KAREN.CURTIS
300000186203215,Wind Turbine LS,US,KAREN.CURTIS
300000186203216,WT Components LS,US,KAREN.CURTIS
300000192544150,FE Warranty (Actual),US,marisol.kris
300000189200836,Elliptical,US,marisol.kris
300000189200837,Cardio Fitness,US,marisol.kris
300000200774325,Treadmill,US,marisol.kris
300000186741092,Fitness Option Class,US,marisol.kris
300000194619089,925.33 Engineering Services,US,marisol.kris
300000194619092,925.44 General Construction,US,marisol.kris
300000187691012,Resin,US,marisol.kris
300000194619098,999.99 Miscellaneous,US,marisol.kris
300000200774322,Smart Tech,US,marisol.kris
300000189200385,Wearables,US,marisol.kris
300000188032378,Exempted GST Goods,US,KAREN.CURTIS
300000188032379,Non GST Goods,US,KAREN.CURTIS
300000189200386,Supremo,US,marisol.kris
300000200774339,Platino,US,marisol.kris
300000200774341,Supremo,US,marisol.kris
300000188032380,Reverse Charge Goods,US,KAREN.CURTIS
300000188032392,8504,US,KAREN.CURTIS
300000194619095,961.85 Utility Services,US,marisol.kris
300000200774333,Wearable Device,US,marisol.kris
300000247675868,Copies,US,Implementation.user
300000217813388,Retail,US,KEVIN.SCHOTT
300000217813389,Food & Beverage,US,KEVIN.SCHOTT
300000217813390,Clothing,US,KEVIN.SCHOTT
300000222101218,Medical Equipment,US,KEVIN.SCHOTT
300000222101224,Needles & Blood,US,KEVIN.SCHOTT
300000217379287,Food - Ingredients,US,KEVIN.SCHOTT
300000222101226,Surgical Supplies,US,KEVIN.SCHOTT
300000222101208,Healthcare - Medical,US,KEVIN.SCHOTT
300000222101209,Medical Gloves,US,KEVIN.SCHOTT
300000222682929,Sutures,US,Iren.Zayas
300000219954400,Chemicals,US,KEVIN.SCHOTT
300000219954401,Robot Hand,US,KEVIN.SCHOTT
300000222101348,Medical Diagnostics,US,KEVIN.SCHOTT
300000217613404,Food and Beverages,US,KEVIN.SCHOTT
300000222101349,Medical Infusion,US,KEVIN.SCHOTT
300000202800677,STEQUIP,US,KEVIN.SCHOTT
300000217379290,Food - Ingredients,US,KEVIN.SCHOTT
300000222101351,Radiography,US,KEVIN.SCHOTT
300000202874640,Office Supplies,US,KEVIN.SCHOTT
300000202874644,Industrial,US,KEVIN.SCHOTT
300000244404050,SRI_Laptop,US,SCM_IMPL
300000244404051,SRI_Desktop,US,SCM_IMPL
300000247675857,Laptops,US,Implementation.user
300000247675866,Computers,US,Implementation.user
300000247675867,Pens,US,Implementation.user
300000219833306,Life Sciences,US,KEVIN.SCHOTT
300000222168716,General,US,marisol.kris
300000222168717,Sales Bundle,US,marisol.kris
300000247055758,Electronic Equipment,US,Implementation.user
300000244404309,SRI_LAptop,US,SCM_IMPL
300000244404310,SRI_desktop,US,SCM_IMPL
300000247710507,05RC,US,Implementation.user
300000247710512,05NR,US,Implementation.user
300000247710520,00NA,US,Implementation.user
300000247100196,00000001-00-NR-NOR,US,Implementation.user
300000247710522,12RC,US,Implementation.user
300000247710523,12NR,US,Implementation.user
300000247100197,00000001-00-RE-NOR,US,Implementation.user
300000247710529,18RC,US,Implementation.user
300000247710537,18NR,US,Implementation.user
300000217695517,FB Consumer Products,US,KEVIN.SCHOTT
300000202165530,Industrial Products,US,KAREN.CURTIS
300000247710544,28RC,US,Implementation.user
300000247710548,28NR,US,Implementation.user
300000217695518,FB Ingredients,US,KEVIN.SCHOTT
300000217695519,FB Packaging,US,KEVIN.SCHOTT
300000205740758,FE Office Equipment (Std),US,marisol.kris
300000219190307,Medical Devices Maintenance,US,KEVIN.SCHOTT
300000219833083,Cosmetics,US,KEVIN.SCHOTT
300000222111447,Life Sciences/Healthcare,US,KEVIN.SCHOTT
