SET_ID,SET_NAME,CREATED_BY
0,Common Set,SEED_DATA_FROM_APPLICATION
300000000002169,Enterprise Set,SEED_DATA_FROM_APPLICATION
300000076112544,Progress US Department Set,HCM_IMPL
300000076112545,Progress US Job Set,HCM_IMPL
300000076112546,Progress US Grade Set,HCM_IMPL
300000076112547,Progress US Location Set,HCM_IMPL
300000094032108,Higher Ed US BU Set,FIN_IMPL
300000046981965,US1 BU Set,FIN_IMPL
300000046981966,US2 BU Set,FIN_IMPL
300000046981967,UK Location Set,FIN_IMPL
300000046981968,UK Department Set,FIN_IMPL
300000046981969,US Location Set,FIN_IMPL
300000046981970,US Department Set,FIN_IMPL
300000046981971,UK1 BU Set,FIN_IMPL
300000046981972,Commercial Job Set,FIN_IMPL
300000046981973,UK2 BU Set,FIN_IMPL
300000046981974,France BU Set,FIN_IMPL
300000046981975,China BU Set,FIN_IMPL
300000047835112,Australia BU Set,FIN_IMPL
300000047835113,India BU Set,FIN_IMPL
300000047835114,Japan BU Set,FIN_IMPL
300000047835115,Australia Location Set,FIN_IMPL
300000047835116,India Location Set,FIN_IMPL
300000047835117,Japan Location Set,FIN_IMPL
300000047835118,China Location Set,FIN_IMPL
300000047835119,Australia Department Set,FIN_IMPL
300000047835120,India Department Set,FIN_IMPL
300000047835121,Japan Department Set,FIN_IMPL
300000047835122,China Department Set,FIN_IMPL
300000047907115,Hong Kong BU Set,HCM_IMPL
300000047907116,Singapore BU Set,HCM_IMPL
300000048720111,Spain BU Set,HCM_IMPL
300000048720112,Spain Department Set,HCM_IMPL
300000048720113,Spain Location Set,HCM_IMPL
300000079128539,Healthcare US Department Set,HCM_IMPL
300000079128540,Healthcare US Grade Set,HCM_IMPL
300000079128541,Healthcare US Job Set,HCM_IMPL
300000079128542,Healthcare US Location Set,HCM_IMPL
300000079128545,Progress UK Location Set,HCM_IMPL
300000079128546,Progress UK Grade Set,HCM_IMPL
300000079128547,Progress UK Department Set,HCM_IMPL
300000079128548,Progress UK Job Set,HCM_IMPL
300000095371107,Higher Ed US Job Set,HCM_IMPL
300000047280442,Customer Site Set,FIN_IMPL
300000047574111,France Department Set,FIN_IMPL
300000047574112,France Location Set,FIN_IMPL
300000048720114,Poland BU Set,HCM_IMPL
300000048720115,Poland Department Set,HCM_IMPL
300000048720116,Poland Location Set,HCM_IMPL
300000048720117,Sweden BU Set,HCM_IMPL
300000048720118,Sweden Department Set,HCM_IMPL
300000048720119,Sweden Location Set,HCM_IMPL
300000075889539,Progress US BU SET,FIN_IMPL
300000079013539,Healthcare BU Set,FIN_IMPL
300000077032539,Progress US Project Set,PPM_IMPL
300000095371108,Higher Ed US Location Set,HCM_IMPL
300000047379441,Internal Services Set,PPM_IMPL
300000047379442,Consulting Services Set,PPM_IMPL
300000047907111,Hong Kong Location Set,HCM_IMPL
300000047907113,Singapore Location Set,HCM_IMPL
300000047907112,Hong Kong Department Set,HCM_IMPL
300000047907114,Singapore Department Set,HCM_IMPL
300000048612111,Italy BU Set,FIN_IMPL
300000048612112,Italy Department Set,FIN_IMPL
300000048612113,Russia Department Set,FIN_IMPL
300000048612114,Germany Department Set,FIN_IMPL
300000048612115,Netherlands Department Set,FIN_IMPL
300000048612116,Saudi Arabia Department Set,FIN_IMPL
300000048612117,Russia BU Set,FIN_IMPL
300000048612118,Germany BU Set,FIN_IMPL
300000048612119,Netherlands BU Set,FIN_IMPL
300000048612120,Saudi Arabia BU Set,FIN_IMPL
300000048612121,Italy Location Set,FIN_IMPL
300000048612122,Russia Location Set,FIN_IMPL
300000048612123,Germany Location Set,FIN_IMPL
300000048612124,Netherlands Location Set,FIN_IMPL
300000048612125,Saudi Arabia Location Set,FIN_IMPL
300000049792111,Canada Location Set,FIN_IMPL
300000049792112,Canada Department Set,FIN_IMPL
300000049792113,Canada BU Set,FIN_IMPL
300000079013542,Progress UK BU Set,FIN_IMPL
300000079043542,Mexico BU Set,FIN_IMPL
300000079128543,Mexico Location Set,HCM_IMPL
300000079128544,Mexico Department Set,HCM_IMPL
300000095371109,Higher Ed US Department Set,HCM_IMPL
300000095989105,Higher Ed US Projects Set,PPM_IMPL
300000102700108,Ireland BU Set,HCM_IMPL
300000102700111,Brazil BU Set,HCM_IMPL
300000102700112,Brazil Department Set,HCM_IMPL
300000102700113,Brazil Location Set,HCM_IMPL
300000102700114,New Zealand BU Set,HCM_IMPL
300000102700115,New Zealand Department Set,HCM_IMPL
300000102700116,New Zealand Location Set,HCM_IMPL
300000102700117,Malaysia BU Set,HCM_IMPL
300000102700118,Malaysia Department Set,HCM_IMPL
300000095371110,Higher Ed US Grade Set,HCM_IMPL
300000102700119,Malaysia Location Set,HCM_IMPL
300000102700109,Ireland Department Set,HCM_IMPL
300000102700110,Ireland Location Set,HCM_IMPL
300000105448116,Kazakhstan BU Set,HCM_IMPL
300000105448117,Kazakhstan Department Set,HCM_IMPL
300000105448118,Kazakhstan Location Set,HCM_IMPL
300000102700120,South Korea BU Set,HCM_IMPL
300000102700121,South Korea Department Set,HCM_IMPL
300000102700122,South Korea Location Set,HCM_IMPL
300000102700123,Taiwan BU Set,HCM_IMPL
300000102700124,Taiwan Department Set,HCM_IMPL
300000102700125,Taiwan Location Set,HCM_IMPL
300000102700126,Denmark BU Set,HCM_IMPL
300000102700127,Denmark Department Set,HCM_IMPL
300000102700128,Denmark Location Set,HCM_IMPL
300000105448109,Belgium BU Set,HCM_IMPL
300000105448111,Belgium Location Set,HCM_IMPL
300000105448112,Belgium Department Set,HCM_IMPL
300000105448113,Ukraine BU Set,HCM_IMPL
300000105448114,Ukraine Location Set,HCM_IMPL
300000105448115,Ukraine Department Set,HCM_IMPL
300000105626107,Switzerland Location Set,HCM_IMPL
300000116728106,Norway Location Set,HCM_IMPL
300000116728107,Norway Business Unit Set,HCM_IMPL
300000111055921,Retail BU Set,JOHN.DUNBAR
300000116703115,Austria Business Unit Set,HCM_IMPL
300000116703116,Austria Location Set,HCM_IMPL
300000116703117,Austria Department Set,HCM_IMPL
300000116703118,UAE Business Unit Set,HCM_IMPL
300000116703119,UAE Location Set,HCM_IMPL
300000116703120,UAE Department Set,HCM_IMPL
300000116728108,Bahrain Business Unit Set,HCM_IMPL
300000116632105,Kuwait Business Unit Set,HCM_IMPL
300000116632106,Kuwait Department Set,HCM_IMPL
300000105448119,Finland BU Set,HCM_IMPL
300000105448120,Finland Department Set,HCM_IMPL
300000105448121,Finland Location Set,HCM_IMPL
300000116632107,Kuwait Location Set,HCM_IMPL
300000116728105,Norway Department Set,HCM_IMPL
300000105626105,Switzerland BU Set,HCM_IMPL
300000105626106,Switzerland Department Set,HCM_IMPL
300000116728109,Bahrain Department Set,HCM_IMPL
300000116728110,Bahrain Location Set,HCM_IMPL
300000116728111,Hungary Department Set,HCM_IMPL
300000116728112,Hungary Location Set,HCM_IMPL
300000116728113,Hungary Business Unit Set,HCM_IMPL
300000116752111,Liechtenstein Location Set,HCM_IMPL
300000116752112,Liechtenstein Department Set,HCM_IMPL
300000116752113,Liechtenstein Business Unit Set,HCM_IMPL
300000116752114,Lithuania Location Set,HCM_IMPL
300000116752105,Estonia Business Unit Set,HCM_IMPL
300000116752106,Estonia Department Set,HCM_IMPL
300000116752107,Estonia Location Set,HCM_IMPL
300000116752108,Latvia Location Set,HCM_IMPL
300000116752109,Latvia Department Set,HCM_IMPL
300000116752110,Latvia Business Unit Set,HCM_IMPL
300000116752115,Lithuania Department Set,HCM_IMPL
300000116752116,Lithuania Business Unit Set,HCM_IMPL
300000117556105,Fin Svcs US BU Set,FIN_IMPL
300000117556106,Fin Svcs UK BU Set,FIN_IMPL
300000123764403,Indonesia Department Set,BETTY.ANDERSON
300000123764404,Indonesia Business Unit Set,BETTY.ANDERSON
300000123647397,Chile Location Set,BETTY.ANDERSON
300000123647398,Chile Department Set,BETTY.ANDERSON
300000123647399,Chile Business Unit Set,BETTY.ANDERSON
300000123764405,Portugal Location Set,BETTY.ANDERSON
300000123764406,Portugal Department Set,BETTY.ANDERSON
300000116752117,Oman Location Set,HCM_IMPL
300000116752118,Oman Department Set,HCM_IMPL
300000116752119,Oman Business Unit Set,HCM_IMPL
300000116752120,Qatar Location Set,HCM_IMPL
300000116752121,Qatar Department Set,HCM_IMPL
300000116752122,Qatar Business Unit Set,HCM_IMPL
300000123764399,Colombia Location Set,BETTY.ANDERSON
300000123764400,Colombia Department Set,BETTY.ANDERSON
300000123764401,Colombia Business Unit Set,BETTY.ANDERSON
300000123764402,Indonesia Location Set,BETTY.ANDERSON
300000123910399,Argentina Business Unit Set,BETTY.ANDERSON
300000124087106,E and C BU Set,JOHN.DUNBAR
300000124169398,Czech Location Set,BETTY.ANDERSON
300000124169399,Czech Department Set,BETTY.ANDERSON
300000124169400,Czech Business Unit Set,BETTY.ANDERSON
300000124169401,Greece Location Set,BETTY.ANDERSON
300000124169402,Greece Department Set,BETTY.ANDERSON
300000123764407,Portugal Business Unit Set,BETTY.ANDERSON
300000123764408,South Africa Location Set,BETTY.ANDERSON
300000123764409,South Africa Department Set,BETTY.ANDERSON
300000123764410,South Africa Business Unit Set,BETTY.ANDERSON
300000123764411,Turkey Location Set,BETTY.ANDERSON
300000123764412,Turkey Department Set,BETTY.ANDERSON
300000123764413,Turkey Business Unit Set,BETTY.ANDERSON
300000123910397,Argentina Location Set,BETTY.ANDERSON
300000123910398,Argentina Department Set,BETTY.ANDERSON
300000126292399,Luxembourg Business Unit Set,BETTY.ANDERSON
300000126292403,Romania Location Set,BETTY.ANDERSON
300000126292400,Philippines Location Set,BETTY.ANDERSON
300000126292401,Philippines Department Set,BETTY.ANDERSON
300000126292402,Philippines Business Unit Set,BETTY.ANDERSON
300000126292404,Romania Department Set,BETTY.ANDERSON
300000126292405,Romania Business Unit Set,BETTY.ANDERSON
300000126292406,Thailand Location Set,BETTY.ANDERSON
300000126292407,Thailand Department Set,BETTY.ANDERSON
300000124169403,Greece Business Unit Set,BETTY.ANDERSON
300000124169404,Algeria Location Set,BETTY.ANDERSON
300000124169405,Algeria Department Set,BETTY.ANDERSON
300000124169406,Algeria Business Unit Set,BETTY.ANDERSON
300000126292397,Luxembourg Location Set,BETTY.ANDERSON
300000124169418,Israel Location Set,BETTY.ANDERSON
300000124169419,Israel Department Set,BETTY.ANDERSON
300000124169420,Israel Business Unit Set,BETTY.ANDERSON
300000126292398,Luxembourg Department Set,BETTY.ANDERSON
300000126292411,Viet Nam Location Set,BETTY.ANDERSON
300000126292412,Viet Nam Department Set,BETTY.ANDERSON
300000126292408,Thailand Business Unit Set,BETTY.ANDERSON
300000126292413,Viet Nam Business Unit Set,BETTY.ANDERSON
300000126292417,Venezuela Location Set,BETTY.ANDERSON
300000126292414,Pakistan Location Set,BETTY.ANDERSON
300000126292415,Pakistan Department Set,BETTY.ANDERSON
300000126292416,Pakistan Business Unit Set,BETTY.ANDERSON
300000129608399,Morocco Location Set,BETTY.ANDERSON
300000128515397,Commercial Grades Set,HCM_IMPL
300000132510347,Fin Svcs US Location Set,FIN_IMPL
300000126292418,Venezuela Department Set,BETTY.ANDERSON
300000126292419,Venezuela Business Unit Set,BETTY.ANDERSON
300000129608400,Morocco Department Set,BETTY.ANDERSON
300000129608401,Morocco Business Unit Set,BETTY.ANDERSON
300000132510346,Fin Svcs UK Location Set,FIN_IMPL
300000186344957,E360 CH BU SET,FIN_IMPL
300000186855984,Higher Ed AU BU Set,HCM_IMPL
300000186855985,Higher Ed AU Department Set,HCM_IMPL
300000186855986,Higher Ed AU Grade Set,HCM_IMPL
300000142099781,Healthcare US Project Set,PPM_IMPL
300000180008530,E360 US BU SET,FIN_IMPL
300000180379953,Internal Projects Set (Supremo),PPM_IMPL
300000180379954,Revenue Projects Set (Supremo),PPM_IMPL
300000186855987,Higher Ed AU Job Set,HCM_IMPL
300000180008531,E360US LOC SET,FIN_IMPL
300000180008579,E360 US Department Set,CURTIS.FEITTY
300000180008580,E360 US Grade Set,CURTIS.FEITTY
300000180008581,E360 US Job Set,CURTIS.FEITTY
300000180008582,E360 US Location Set,CURTIS.FEITTY
300000184806640,Consuting Services Set (India),PPM_IMPL
300000184806641,Internal Services Set (India),PPM_IMPL
300000136440848,US Insurance BU Set,FIN_IMPL
300000136440849,US Insurance Location Set,FIN_IMPL
300000186855988,Higher Ed AU Location Set,HCM_IMPL
300000187684369,E360 CH Department Set,CURTIS.FEITTY
300000187684370,E360 CH Grade Set,CURTIS.FEITTY
300000187684371,E360 CH Job Set,CURTIS.FEITTY
300000187684381,E360 CH Location Set,CURTIS.FEITTY
300000202234617,UK Project Driven Supply Chain,PPM_IMPL
300000216960851,Federal US BU Set,FIN_IMPL
300000216960852,Federal US Department Set,FIN_IMPL
300000216960853,Federal US Location Set,FIN_IMPL
300000246952388,Noida Limited,Implementation.user
300000247113640,TATA_MOTORS_BU,Tata.Motors
300000232599913,TEST,FIN_IMPL
300000232600204,FUSION_REF_DATA_SET,FUSION_ERP
300000247451424,A.B Reference Data Set,Implementation.user
300000236279525,FUSION_NEW_REF_SET,FUSION_PAT
300000246907634,XYZ Media Data Reference Set,Implementation.user
300000222974393,US Fed Business Unit Set,HCM_IMPL
300000222974394,US Fed Department Set,HCM_IMPL
300000215996949,Thailand Job Set,HCM_IMPL
300000222974397,US Fed Job Set,HCM_IMPL
300000222974395,US Fed Location Set,HCM_IMPL
300000222974396,US Fed Grade Set,HCM_IMPL
