LOOKUP_CODE,MEANING,LOOKUP_TYPE,ENABLED_FLAG,CREATED_BY
AMOUNT,Amount,HOLD CODE,Y,SEED_DATA_FROM_APPLICATION
AMOUNT LOWERED,Reduced amount,HOLD CODE,Y,SEED_DATA_FROM_APPLICATION
AMT ORD,Amount ordered,HOLD CODE,Y,SEED_DATA_FROM_APPLICATION
AMT REC,Amount received,HOLD CODE,Y,SEED_DATA_FROM_APPLICATION
AP PJC VALIDATION FAILED,Projects cost validation failure,HOLD CODE,Y,SEED_DATA_FROM_APPLICATION
APPROVED,Validated,HOLD CODE,Y,SEED_DATA_FROM_APPLICATION
AWT ACCT INVALID,Withholding tax account invalid,HOLD CODE,Y,SEED_DATA_FROM_APPLICATION
AWT ACCT VALID,Withholding tax account valid,HOLD CODE,Y,SEED_DATA_FROM_APPLICATION
AWT ERROR,Withholding tax,HOLD CODE,Y,SEED_DATA_FROM_APPLICATION
AWT OK,Tax withheld,HOLD CODE,Y,SEED_DATA_FROM_APPLICATION
Amount Approved,Amount approved,HOLD CODE,Y,SEED_DATA_FROM_APPLICATION
CAN FUNDS CHECK,Passed funds check,HOLD CODE,Y,SEED_DATA_FROM_APPLICATION
CANCEL,Invoice cancel,HOLD CODE,Y,SEED_DATA_FROM_APPLICATION
CANNOT EXECUTE ALLOCATION,Cannot execute allocation,HOLD CODE,Y,SEED_DATA_FROM_APPLICATION
CANNOT OVERLAY ACCOUNT,Cannot overlay account,HOLD CODE,Y,SEED_DATA_FROM_APPLICATION
CANT CLOSE PO,Cannot close PO,HOLD CODE,Y,SEED_DATA_FROM_APPLICATION
CANT FUNDS CHECK,Funds check,HOLD CODE,Y,SEED_DATA_FROM_APPLICATION
CANT TRY PO CLOSE,Cannot try PO close,HOLD CODE,Y,SEED_DATA_FROM_APPLICATION
CLOSED PERIOD,Closed period,HOLD CODE,Y,SEED_DATA_FROM_APPLICATION
CURRENCY DIFFERENCE,Currency difference,HOLD CODE,Y,SEED_DATA_FROM_APPLICATION
DIST ACCT INVALID,Distribution combination invalid,HOLD CODE,Y,SEED_DATA_FROM_APPLICATION
DIST ACCT VALID,Distribution combination valid,HOLD CODE,Y,SEED_DATA_FROM_APPLICATION
DIST VARIANCE,Distribution variance,HOLD CODE,Y,SEED_DATA_FROM_APPLICATION
DISTRIBUTION SET INACTIVE,Inactive distribution set,HOLD CODE,Y,SEED_DATA_FROM_APPLICATION
ERV ACCT INVALID,Conversion rate variance account invalid,HOLD CODE,Y,SEED_DATA_FROM_APPLICATION
ERV ACCT VALID,Conversion rate variance account valid,HOLD CODE,Y,SEED_DATA_FROM_APPLICATION
Exp. Report - Need a bill,"Expense report, bill required",HOLD CODE,Y,SEED_DATA_FROM_APPLICATION
Exp. Report-Received bill,"Expense report, received bill",HOLD CODE,Y,SEED_DATA_FROM_APPLICATION
FINAL MATCHING,Final matching,HOLD CODE,Y,SEED_DATA_FROM_APPLICATION
FUNDS NOW AVAILABLE,Funds now available,HOLD CODE,Y,SEED_DATA_FROM_APPLICATION
FUTURE OPEN,Future open,HOLD CODE,Y,SEED_DATA_FROM_APPLICATION
HOLDS QUICK RELEASED,Holds quick released,HOLD CODE,Y,SEED_DATA_FROM_APPLICATION
INCOMPLETE INV HOLD RLSED,Incomplete invoice hold released,HOLD CODE,Y,SEED_DATA_FROM_APPLICATION
INCOMPLETE INVOICE,Incomplete invoice,HOLD CODE,Y,SEED_DATA_FROM_APPLICATION
INSTALLMENT VARIANCE,Installment variance,HOLD CODE,Y,SEED_DATA_FROM_APPLICATION
INSUFFICIENT FUNDS,Insufficient funds,HOLD CODE,Y,SEED_DATA_FROM_APPLICATION
INSUFFICIENT LINE INFO,Cannot generate distributions,HOLD CODE,Y,SEED_DATA_FROM_APPLICATION
INVALID DEFAULT ACCOUNT,Invalid default distribution combination,HOLD CODE,Y,SEED_DATA_FROM_APPLICATION
INVALID PO,Invalid PO,HOLD CODE,Y,SEED_DATA_FROM_APPLICATION
INVOICE QUICK RELEASED,Invoice quick released,HOLD CODE,Y,SEED_DATA_FROM_APPLICATION
LIAB ACCT VALID,Liability account valid,HOLD CODE,Y,SEED_DATA_FROM_APPLICATION
LINE VARIANCE,Line variance,HOLD CODE,Y,SEED_DATA_FROM_APPLICATION
MATCH OVERRIDE,Match override,HOLD CODE,Y,SEED_DATA_FROM_APPLICATION
MATCHED,Matched,HOLD CODE,Y,SEED_DATA_FROM_APPLICATION
MAX AMT ORD,Maximum ordered amount,HOLD CODE,Y,SEED_DATA_FROM_APPLICATION
MAX AMT REC,Maximum received amount,HOLD CODE,Y,SEED_DATA_FROM_APPLICATION
MAX QTY ORD,Maximum ordered quantity,HOLD CODE,Y,SEED_DATA_FROM_APPLICATION
MAX QTY REC,Maximum received quantity,HOLD CODE,Y,SEED_DATA_FROM_APPLICATION
MAX RATE AMOUNT,Maximum rate amount,HOLD CODE,Y,SEED_DATA_FROM_APPLICATION
MAX SHIP AMOUNT,Maximum schedule amount,HOLD CODE,Y,SEED_DATA_FROM_APPLICATION
MAX TOTAL AMOUNT,Maximum total amount,HOLD CODE,Y,SEED_DATA_FROM_APPLICATION
MILESTONE,Milestone,HOLD CODE,Y,SEED_DATA_FROM_APPLICATION
NATURAL ACCOUNT TAX,Natural account tax,HOLD CODE,Y,SEED_DATA_FROM_APPLICATION
NATURAL ACCOUNT TAX OK,Natural account tax matches,HOLD CODE,Y,SEED_DATA_FROM_APPLICATION
NO RATE,No rate,HOLD CODE,Y,SEED_DATA_FROM_APPLICATION
New Invoice,New invoice,HOLD CODE,Y,SEED_DATA_FROM_APPLICATION
ORA_AP_DUP_INV_CANCELED,Duplicate invoice canceled,HOLD CODE,Y,SEED_DATA_FROM_APPLICATION
ORA_BURDEN COST CALC,Burden cost calculated,HOLD CODE,Y,SEED_DATA_FROM_APPLICATION
ORA_CANT CALC BURDEN COST,Cannot calculate burden cost,HOLD CODE,Y,SEED_DATA_FROM_APPLICATION
ORA_DUPLICATE_INVOICE,Duplicate Invoice,HOLD CODE,Y,SEED_DATA_FROM_APPLICATION
ORA_FUNDS RESERVE FAIL,Funds reservation failed,HOLD CODE,Y,SEED_DATA_FROM_APPLICATION
ORA_FV_ACCOUNTING_HOLD,Invalid Accounting Setup for US Federals,HOLD CODE,Y,SEED_DATA_FROM_APPLICATION
ORA_FV_EXPIRED_TAS_HOLD,Expired TAS for US Federals,HOLD CODE,Y,SEED_DATA_FROM_APPLICATION
ORA_FV_PREPAYMENT_HOLD,Prepayment PO Required for US Federals,HOLD CODE,Y,SEED_DATA_FROM_APPLICATION
ORA_FV_RELEASE_REASON,Passed Federal Validation,HOLD CODE,Y,SEED_DATA_FROM_APPLICATION
ORA_FV_TAS_BETC_HOLD,TAS BETC Validation for US Federals,HOLD CODE,Y,SEED_DATA_FROM_APPLICATION
ORA_JE_TRN_EXISTS,First party tax registration number setup correct,HOLD CODE,Y,SEED_DATA_FROM_APPLICATION
ORA_JE_TRN_MISSING,Missing valid first party tax registration number,HOLD CODE,Y,SEED_DATA_FROM_APPLICATION
ORA_MAX QTY CON,Maximum consumed quantity,HOLD CODE,Y,SEED_DATA_FROM_APPLICATION
ORA_NO TAX ON RECEIPT,Matched receipt or consumption advice not accounted,HOLD CODE,Y,SEED_DATA_FROM_APPLICATION
ORA_QTY CON,Consumed quantity,HOLD CODE,Y,SEED_DATA_FROM_APPLICATION
ORA_TAX_INV_NOT_EXISTS,Missing tax invoice number,HOLD CODE,Y,SEED_DATA_FROM_APPLICATION
ORA_TAX_INV_NUM_EXISTS,Tax invoice number exists,HOLD CODE,Y,SEED_DATA_FROM_APPLICATION
ORA_VERIFIED_DUP_INV,Verified Duplicate Invoice,HOLD CODE,Y,SEED_DATA_FROM_APPLICATION
PO MATCHED,PO matched,HOLD CODE,Y,SEED_DATA_FROM_APPLICATION
PO NOT APPROVED,PO not approved,HOLD CODE,Y,SEED_DATA_FROM_APPLICATION
PO REQUIRED,Matching required,HOLD CODE,Y,SEED_DATA_FROM_APPLICATION
PREPAID AMOUNT,Prepaid amount,HOLD CODE,Y,SEED_DATA_FROM_APPLICATION
PRICE,Price,HOLD CODE,Y,SEED_DATA_FROM_APPLICATION
QTY ORD,Ordered quantity,HOLD CODE,Y,SEED_DATA_FROM_APPLICATION
QTY REC,Received quantity,HOLD CODE,Y,SEED_DATA_FROM_APPLICATION
QUALITY,Quality,HOLD CODE,Y,SEED_DATA_FROM_APPLICATION
RATE EXISTS,Rate exists,HOLD CODE,Y,SEED_DATA_FROM_APPLICATION
REC EXCEPTION,Receiving exception,HOLD CODE,Y,SEED_DATA_FROM_APPLICATION
SEC_APP,INVOICE AUTHORISED,HOLD CODE,Y,SEED_DATA_FROM_APPLICATION
SKELETON DISTRIBUTION SET,Skeleton distribution set,HOLD CODE,Y,SEED_DATA_FROM_APPLICATION
SUP/MGR Hold,Workflow process,HOLD CODE,Y,SEED_DATA_FROM_APPLICATION
SUP/MGR Release,Workflow process release,HOLD CODE,Y,SEED_DATA_FROM_APPLICATION
TAX AMOUNT RANGE,Tax amount range,HOLD CODE,Y,SEED_DATA_FROM_APPLICATION
TAX DIFFERENCE,Tax difference,HOLD CODE,Y,SEED_DATA_FROM_APPLICATION
TAX VARIANCE,Tax variance,HOLD CODE,Y,SEED_DATA_FROM_APPLICATION
VARIANCE CORRECTED,Variance corrected,HOLD CODE,Y,SEED_DATA_FROM_APPLICATION
VARIANCE OVERRIDE,Variance override,HOLD CODE,Y,SEED_DATA_FROM_APPLICATION
VENDOR,Supplier,HOLD CODE,Y,SEED_DATA_FROM_APPLICATION
VENDOR UPDATED,Supplier updated,HOLD CODE,Y,SEED_DATA_FROM_APPLICATION
10,Excellent,RCV_QUALITY_CODE,Y,SEED_DATA_FROM_APPLICATION
20,Above average,RCV_QUALITY_CODE,Y,SEED_DATA_FROM_APPLICATION
30,Average,RCV_QUALITY_CODE,Y,SEED_DATA_FROM_APPLICATION
40,Below average,RCV_QUALITY_CODE,Y,SEED_DATA_FROM_APPLICATION
50,Unacceptable,RCV_QUALITY_CODE,Y,SEED_DATA_FROM_APPLICATION
60,Reject and notify,RCV_QUALITY_CODE,Y,SEED_DATA_FROM_APPLICATION
