CURRENCY_CODE,CREATED_BY
CUP,SEED_DATA_FROM_APPLICATION
CVE,SEED_DATA_FROM_APPLICATION
CYP,SEED_DATA_FROM_APPLICATION
CZK,SEED_DATA_FROM_APPLICATION
DEM,SEED_DATA_FROM_APPLICATION
DJF,SEED_DATA_FROM_APPLICATION
DKK,SEED_DATA_FROM_APPLICATION
DOP,SEED_DATA_FROM_APPLICATION
DZD,SEED_DATA_FROM_APPLICATION
ECS,SEED_DATA_FROM_APPLICATION
ECV,SEED_DATA_FROM_APPLICATION
EEK,SEED_DATA_FROM_APPLICATION
EGP,SEED_DATA_FROM_APPLICATION
ERN,SEED_DATA_FROM_APPLICATION
ESB,SEED_DATA_FROM_APPLICATION
ESP,SEED_DATA_FROM_APPLICATION
ETB,SEED_DATA_FROM_APPLICATION
EUR,SEED_DATA_FROM_APPLICATION
FIM,SEED_DATA_FROM_APPLICATION
FJD,SEED_DATA_FROM_APPLICATION
FKP,SEED_DATA_FROM_APPLICATION
FRF,SEED_DATA_FROM_APPLICATION
GBP,SEED_DATA_FROM_APPLICATION
GEK,SEED_DATA_FROM_APPLICATION
GEL,SEED_DATA_FROM_APPLICATION
GHC,SEED_DATA_FROM_APPLICATION
KES,SEED_DATA_FROM_APPLICATION
KGS,SEED_DATA_FROM_APPLICATION
KHR,SEED_DATA_FROM_APPLICATION
KMF,SEED_DATA_FROM_APPLICATION
KPW,SEED_DATA_FROM_APPLICATION
KRW,SEED_DATA_FROM_APPLICATION
KWD,SEED_DATA_FROM_APPLICATION
KYD,SEED_DATA_FROM_APPLICATION
KZT,SEED_DATA_FROM_APPLICATION
LAK,SEED_DATA_FROM_APPLICATION
LBP,SEED_DATA_FROM_APPLICATION
LKR,SEED_DATA_FROM_APPLICATION
LRD,SEED_DATA_FROM_APPLICATION
LSL,SEED_DATA_FROM_APPLICATION
LTL,SEED_DATA_FROM_APPLICATION
LUC,SEED_DATA_FROM_APPLICATION
LUF,SEED_DATA_FROM_APPLICATION
LUL,SEED_DATA_FROM_APPLICATION
LVL,SEED_DATA_FROM_APPLICATION
LVR,SEED_DATA_FROM_APPLICATION
LYD,SEED_DATA_FROM_APPLICATION
MAD,SEED_DATA_FROM_APPLICATION
MDL,SEED_DATA_FROM_APPLICATION
MGA,SEED_DATA_FROM_APPLICATION
GHS,SEED_DATA_FROM_APPLICATION
GIP,SEED_DATA_FROM_APPLICATION
GMD,SEED_DATA_FROM_APPLICATION
GNF,SEED_DATA_FROM_APPLICATION
GRD,SEED_DATA_FROM_APPLICATION
GTQ,SEED_DATA_FROM_APPLICATION
GWP,SEED_DATA_FROM_APPLICATION
GYD,SEED_DATA_FROM_APPLICATION
HKD,SEED_DATA_FROM_APPLICATION
HNL,SEED_DATA_FROM_APPLICATION
HRD,SEED_DATA_FROM_APPLICATION
HRK,SEED_DATA_FROM_APPLICATION
HTG,SEED_DATA_FROM_APPLICATION
HUF,SEED_DATA_FROM_APPLICATION
IDR,SEED_DATA_FROM_APPLICATION
IEP,SEED_DATA_FROM_APPLICATION
ILS,SEED_DATA_FROM_APPLICATION
INR,SEED_DATA_FROM_APPLICATION
IQD,SEED_DATA_FROM_APPLICATION
IRR,SEED_DATA_FROM_APPLICATION
ISK,SEED_DATA_FROM_APPLICATION
ITL,SEED_DATA_FROM_APPLICATION
JMD,SEED_DATA_FROM_APPLICATION
JOD,SEED_DATA_FROM_APPLICATION
JPY,SEED_DATA_FROM_APPLICATION
ADP,SEED_DATA_FROM_APPLICATION
AED,SEED_DATA_FROM_APPLICATION
AFA,SEED_DATA_FROM_APPLICATION
AFN,SEED_DATA_FROM_APPLICATION
ALL,SEED_DATA_FROM_APPLICATION
AMD,SEED_DATA_FROM_APPLICATION
ANG,SEED_DATA_FROM_APPLICATION
AOA,SEED_DATA_FROM_APPLICATION
AOK,SEED_DATA_FROM_APPLICATION
AON,SEED_DATA_FROM_APPLICATION
ARA,SEED_DATA_FROM_APPLICATION
ARS,SEED_DATA_FROM_APPLICATION
ATS,SEED_DATA_FROM_APPLICATION
AUD,SEED_DATA_FROM_APPLICATION
AWG,SEED_DATA_FROM_APPLICATION
AZM,SEED_DATA_FROM_APPLICATION
AZN,SEED_DATA_FROM_APPLICATION
BAM,SEED_DATA_FROM_APPLICATION
BBD,SEED_DATA_FROM_APPLICATION
BDT,SEED_DATA_FROM_APPLICATION
BEF,SEED_DATA_FROM_APPLICATION
BGL,SEED_DATA_FROM_APPLICATION
BGN,SEED_DATA_FROM_APPLICATION
BHD,SEED_DATA_FROM_APPLICATION
BIF,SEED_DATA_FROM_APPLICATION
BMD,SEED_DATA_FROM_APPLICATION
BND,SEED_DATA_FROM_APPLICATION
BOB,SEED_DATA_FROM_APPLICATION
BOV,SEED_DATA_FROM_APPLICATION
BRC,SEED_DATA_FROM_APPLICATION
BRL,SEED_DATA_FROM_APPLICATION
BSD,SEED_DATA_FROM_APPLICATION
BTN,SEED_DATA_FROM_APPLICATION
BUK,SEED_DATA_FROM_APPLICATION
BWP,SEED_DATA_FROM_APPLICATION
BYB,SEED_DATA_FROM_APPLICATION
BYR,SEED_DATA_FROM_APPLICATION
BZD,SEED_DATA_FROM_APPLICATION
CAD,SEED_DATA_FROM_APPLICATION
CDF,SEED_DATA_FROM_APPLICATION
CHE,SEED_DATA_FROM_APPLICATION
CHF,SEED_DATA_FROM_APPLICATION
CHW,SEED_DATA_FROM_APPLICATION
CLF,SEED_DATA_FROM_APPLICATION
CLP,SEED_DATA_FROM_APPLICATION
CNY,SEED_DATA_FROM_APPLICATION
COP,SEED_DATA_FROM_APPLICATION
COU,SEED_DATA_FROM_APPLICATION
CRC,SEED_DATA_FROM_APPLICATION
CSK,SEED_DATA_FROM_APPLICATION
UAH,SEED_DATA_FROM_APPLICATION
UAK,SEED_DATA_FROM_APPLICATION
UGS,SEED_DATA_FROM_APPLICATION
UGX,SEED_DATA_FROM_APPLICATION
USD,SEED_DATA_FROM_APPLICATION
USN,SEED_DATA_FROM_APPLICATION
USS,SEED_DATA_FROM_APPLICATION
UYI,SEED_DATA_FROM_APPLICATION
UYP,SEED_DATA_FROM_APPLICATION
UYU,SEED_DATA_FROM_APPLICATION
UZS,SEED_DATA_FROM_APPLICATION
VEB,SEED_DATA_FROM_APPLICATION
VEF,SEED_DATA_FROM_APPLICATION
VND,SEED_DATA_FROM_APPLICATION
VUV,SEED_DATA_FROM_APPLICATION
WST,SEED_DATA_FROM_APPLICATION
XAF,SEED_DATA_FROM_APPLICATION
XAG,SEED_DATA_FROM_APPLICATION
XAU,SEED_DATA_FROM_APPLICATION
XB5,SEED_DATA_FROM_APPLICATION
XBA,SEED_DATA_FROM_APPLICATION
XBB,SEED_DATA_FROM_APPLICATION
XBC,SEED_DATA_FROM_APPLICATION
XBD,SEED_DATA_FROM_APPLICATION
XCD,SEED_DATA_FROM_APPLICATION
XDR,SEED_DATA_FROM_APPLICATION
XEU,SEED_DATA_FROM_APPLICATION
XFO,SEED_DATA_FROM_APPLICATION
XFU,SEED_DATA_FROM_APPLICATION
XOF,SEED_DATA_FROM_APPLICATION
XPD,SEED_DATA_FROM_APPLICATION
XPF,SEED_DATA_FROM_APPLICATION
XPT,SEED_DATA_FROM_APPLICATION
XTS,SEED_DATA_FROM_APPLICATION
XXX,SEED_DATA_FROM_APPLICATION
YDD,SEED_DATA_FROM_APPLICATION
YER,SEED_DATA_FROM_APPLICATION
YUD,SEED_DATA_FROM_APPLICATION
YUM,SEED_DATA_FROM_APPLICATION
YUN,SEED_DATA_FROM_APPLICATION
ZAL,SEED_DATA_FROM_APPLICATION
ZAR,SEED_DATA_FROM_APPLICATION
ZMK,SEED_DATA_FROM_APPLICATION
ZRN,SEED_DATA_FROM_APPLICATION
ZRZ,SEED_DATA_FROM_APPLICATION
ZWD,SEED_DATA_FROM_APPLICATION
MGF,SEED_DATA_FROM_APPLICATION
MKD,SEED_DATA_FROM_APPLICATION
MMK,SEED_DATA_FROM_APPLICATION
MNT,SEED_DATA_FROM_APPLICATION
MOP,SEED_DATA_FROM_APPLICATION
MRO,SEED_DATA_FROM_APPLICATION
MTL,SEED_DATA_FROM_APPLICATION
MUR,SEED_DATA_FROM_APPLICATION
MVR,SEED_DATA_FROM_APPLICATION
MWK,SEED_DATA_FROM_APPLICATION
MXN,SEED_DATA_FROM_APPLICATION
MXP,SEED_DATA_FROM_APPLICATION
MXV,SEED_DATA_FROM_APPLICATION
MYR,SEED_DATA_FROM_APPLICATION
MZM,SEED_DATA_FROM_APPLICATION
MZN,SEED_DATA_FROM_APPLICATION
NAD,SEED_DATA_FROM_APPLICATION
NGN,SEED_DATA_FROM_APPLICATION
NIC,SEED_DATA_FROM_APPLICATION
NIO,SEED_DATA_FROM_APPLICATION
NLG,SEED_DATA_FROM_APPLICATION
NOK,SEED_DATA_FROM_APPLICATION
NPR,SEED_DATA_FROM_APPLICATION
NZD,SEED_DATA_FROM_APPLICATION
OMR,SEED_DATA_FROM_APPLICATION
PAB,SEED_DATA_FROM_APPLICATION
PEI,SEED_DATA_FROM_APPLICATION
PEN,SEED_DATA_FROM_APPLICATION
PGK,SEED_DATA_FROM_APPLICATION
PHP,SEED_DATA_FROM_APPLICATION
PKR,SEED_DATA_FROM_APPLICATION
PLN,SEED_DATA_FROM_APPLICATION
PLZ,SEED_DATA_FROM_APPLICATION
PTE,SEED_DATA_FROM_APPLICATION
PYG,SEED_DATA_FROM_APPLICATION
QAR,SEED_DATA_FROM_APPLICATION
ROL,SEED_DATA_FROM_APPLICATION
RON,SEED_DATA_FROM_APPLICATION
RSD,SEED_DATA_FROM_APPLICATION
RUB,SEED_DATA_FROM_APPLICATION
RUR,SEED_DATA_FROM_APPLICATION
RWF,SEED_DATA_FROM_APPLICATION
SAR,SEED_DATA_FROM_APPLICATION
SBD,SEED_DATA_FROM_APPLICATION
SCR,SEED_DATA_FROM_APPLICATION
SDD,SEED_DATA_FROM_APPLICATION
SDG,SEED_DATA_FROM_APPLICATION
SDP,SEED_DATA_FROM_APPLICATION
SEK,SEED_DATA_FROM_APPLICATION
SGD,SEED_DATA_FROM_APPLICATION
SHP,SEED_DATA_FROM_APPLICATION
SIT,SEED_DATA_FROM_APPLICATION
SKK,SEED_DATA_FROM_APPLICATION
SLL,SEED_DATA_FROM_APPLICATION
SOS,SEED_DATA_FROM_APPLICATION
SRD,SEED_DATA_FROM_APPLICATION
SRG,SEED_DATA_FROM_APPLICATION
STAT,SEED_DATA_FROM_APPLICATION
STD,SEED_DATA_FROM_APPLICATION
SUR,SEED_DATA_FROM_APPLICATION
SVC,SEED_DATA_FROM_APPLICATION
SYP,SEED_DATA_FROM_APPLICATION
SZL,SEED_DATA_FROM_APPLICATION
THB,SEED_DATA_FROM_APPLICATION
TJR,SEED_DATA_FROM_APPLICATION
TJS,SEED_DATA_FROM_APPLICATION
TMM,SEED_DATA_FROM_APPLICATION
TND,SEED_DATA_FROM_APPLICATION
TOP,SEED_DATA_FROM_APPLICATION
TPE,SEED_DATA_FROM_APPLICATION
TRL,SEED_DATA_FROM_APPLICATION
TRY,SEED_DATA_FROM_APPLICATION
TTD,SEED_DATA_FROM_APPLICATION
TWD,SEED_DATA_FROM_APPLICATION
TZS,SEED_DATA_FROM_APPLICATION
BYN,SEED_DATA_FROM_APPLICATION
VES,SEED_DATA_FROM_APPLICATION
SSP,SEED_DATA_FROM_APPLICATION
ZMW,SEED_DATA_FROM_APPLICATION
UYW,SEED_DATA_FROM_APPLICATION
MRU,SEED_DATA_FROM_APPLICATION
STN,SEED_DATA_FROM_APPLICATION
TMT,SEED_DATA_FROM_APPLICATION
ZWL,SEED_DATA_FROM_APPLICATION
ZWR,SEED_DATA_FROM_APPLICATION
