ID_FLEX_NUM,CONCATENATED_SEGMENT_DELIMITER,APPLICATION_ID,ENABLED_FLAG,CREATED_BY
1,.,800,Y,SEED_DATA_FROM_APPLICATION
22,.,10011,Y,SCM_IMPL
51,-,140,Y,FIN_IMPL
159,.,800,Y,HCM_IMPL
285,.,801,Y,BETTY.ANDERSON
325,-,101,Y,FIN_IMPL
345,.,800,Y,HCM_IMPL
426,.,801,Y,BETTY.ANDERSON
490,-,101,Y,FIN_IMPL
534,.,401,Y,SEED_DATA_FROM_APPLICATION
533,-,707,Y,SEED_DATA_FROM_APPLICATION
1621,-,10052,Y,claudia.monet
1622,-,10052,Y,claudia.monet
1623,-,10052,Y,claudia.monet
72,.,10011,Y,SCM_IMPL
6625,.,801,Y,HCM_IMPL
74,.,801,Y,HCM_IMPL
75,.,801,Y,HCM_IMPL
305,.,801,Y,HCM_IMPL
16625,.,801,Y,BETTY.ANDERSON
1624,.,801,Y,HCM_IMPL
18625,.,801,Y,HCM_IMPL
96,.,10011,Y,FIN_IMPL
97,.,10011,Y,FIN_IMPL
138,-,101,Y,FIN_IMPL
265,-,10052,Y,brock.phillips
266,-,10052,Y,brock.phillips
620,-,101,Y,FIN_IMPL
2625,-,101,Y,FIN_IMPL
366,-,101,Y,FIN_IMPL
450,-,101,Y,FIN_IMPL
513,-,101,Y,FIN_IMPL
618,-,10455,Y,FIN_IMPL
3627,.,101,Y,FIN_IMPL
12630,-,707,Y,SEED_DATA_FROM_APPLICATION
12633,-,707,Y,SEED_DATA_FROM_APPLICATION
12634,-,707,Y,SEED_DATA_FROM_APPLICATION
12640,-,707,Y,SEED_DATA_FROM_APPLICATION
12641,-,707,Y,SEED_DATA_FROM_APPLICATION
12643,-,707,Y,SEED_DATA_FROM_APPLICATION
12644,-,707,Y,SEED_DATA_FROM_APPLICATION
12645,-,707,Y,SEED_DATA_FROM_APPLICATION
245,.,101,Y,FIN_IMPL
1625,.,101,Y,FIN_IMPL
137,.,101,Y,FIN_IMPL
430,.,101,Y,FIN_IMPL
576,.,101,Y,FIN_IMPL
597,.,101,Y,FIN_IMPL
10625,.,101,Y,FIN_IMPL
21,.,101,Y,FIN_IMPL
575,.,101,Y,FIN_IMPL
1620,.,101,Y,FIN_IMPL
25,.,101,Y,FIN_IMPL
26,.,101,Y,FIN_IMPL
15626,.,101,Y,FIN_IMPL
23,.,10011,Y,SCM_IMPL
24,.,10011,Y,SCM_IMPL
69,.,10011,Y,SCM_IMPL
71,.,10011,Y,SCM_IMPL
73,.,10011,Y,SCM_IMPL
117,-,10455,Y,CASEY.BROWN
116,-,10455,Y,CASEY.BROWN
165,-,707,Y,SEED_DATA_FROM_APPLICATION
166,-,707,Y,SEED_DATA_FROM_APPLICATION
167,-,707,Y,SEED_DATA_FROM_APPLICATION
511,.,10011,Y,KAREN.CURTIS
512,-,101,Y,FIN_IMPL
553,-,10052,Y,CASEY.BROWN
577,-,707,Y,SEED_DATA_FROM_APPLICATION
578,-,707,Y,SEED_DATA_FROM_APPLICATION
579,-,707,Y,SEED_DATA_FROM_APPLICATION
580,-,707,Y,SEED_DATA_FROM_APPLICATION
581,-,707,Y,SEED_DATA_FROM_APPLICATION
582,-,707,Y,SEED_DATA_FROM_APPLICATION
583,-,707,Y,SEED_DATA_FROM_APPLICATION
584,-,707,Y,SEED_DATA_FROM_APPLICATION
49,-,140,Y,FIN_IMPL
50,-,140,Y,FIN_IMPL
46,-,707,Y,SCM_IMPL
48,-,707,Y,SCM_IMPL
47,-,707,Y,SCM_IMPL
76,-,10455,Y,SEED_DATA_FROM_APPLICATION
77,-,10455,Y,SEED_DATA_FROM_APPLICATION
78,-,10455,Y,SEED_DATA_FROM_APPLICATION
79,-,10455,Y,SEED_DATA_FROM_APPLICATION
164,.,801,Y,HCM_IMPL
185,.,800,Y,HCM_IMPL
205,.,800,Y,HCM_IMPL
225,-,10052,Y,harold.wilson
365,-,10052,Y,laura.brighton
386,-,101,Y,FIN_IMPL
406,-,10052,Y,thomas.magnum
407,-,10052,Y,thomas.magnum
429,.,801,Y,FIN_IMPL
470,.,401,Y,SCM_IMPL
491,-,10052,Y,CARLO.MARRONE
598,-,10455,Y,FIN_IMPL
619,-,10455,Y,FIN_IMPL
23625,.,801,Y,HCM_IMPL
23626,-,101,Y,FIN_IMPL
24626,-,10052,Y,harold.wilson
24627,-,10052,Y,harold.wilson
28626,-,101,Y,FUSION_ERP
32626,-,101,Y,FUSION_ERP
34626,-,101,Y,FUSION_ERP
36626,-,101,Y,PATH.INFO
44626,-,101,Y,CASEY.BROWN
21625,-,101,Y,FIN_IMPL
22625,-,101,Y,FIN_IMPL
33626,-,101,Y,FUSION_ERP
33627,-,101,Y,FUSION_ERP
37626,-,10052,Y,fusion1
39626,-,101,Y,OP_EMP
43626,-,101,Y,Implementation.user
31626,-,101,Y,FUSION_ERP
31627,-,101,Y,FUSION_ERP
38626,-,101,Y,Opkey.IMPL
42626,-,101,Y,Implementation.user
