BU_ID,BU_NAME,DEFAULT_SET_NAME,LEGAL_ENTITY_NAME,PRIMARY_LEDGER_NAME,CREATED_BY
300000047568131,France Business Unit,France BU Set,France Legal Entity,France Primary Ledger,FIN_IMPL
300000046987012,US1 Business Unit,US1 BU Set,US1 Legal Entity,US Primary Ledger,FIN_IMPL
300000047498175,UK Business Unit,UK1 BU Set,UK Legal Entity,UK Primary Ledger,FIN_IMPL
300000047826665,India Business Unit 01,India BU Set,India Legal Entity 01,India Primary Ledger,FIN_IMPL
300000047826669,Japan Business Unit,Japan BU Set,Japan Legal Entity,Japan Primary Ledger,FIN_IMPL
300000047902198,Singapore Business Unit,Singapore BU Set,,,HCM_IMPL
300000047902202,Hong Kong Business Unit,Hong Kong BU Set,,,HCM_IMPL
300000047826657,China Business Unit,China BU Set,China Legal Entity,China Primary Ledger,FIN_IMPL
300000047826661,Australia Business Unit,Australia BU Set,Australia Legal Entity,Australia Primary Ledger,FIN_IMPL
300000048608413,Saudi Arabia Business Unit,Saudi Arabia BU Set,Saudi Arabia Legal Entity,SAU Primary Ledger,FIN_IMPL
300000048608417,Italy Business Unit,Italy BU Set,Italy Legal Entity,Italy Primary Ledger,FIN_IMPL
300000048608421,Russia Business Unit,Russia BU Set,,,FIN_IMPL
300000048608425,Germany Business Unit,Germany BU Set,Germany Legal Entity,Germany Primary Ledger,FIN_IMPL
300000048608429,Netherlands Business Unit,Netherlands BU Set,Netherlands Legal Entity,Netherlands Primary Ledger,FIN_IMPL
300000048716580,Poland Business Unit,Poland BU Set,Poland Legal Entity,FFUSION_INR_PRIMARY LEDGER,HCM_IMPL
300000048716576,Spain Business Unit,Spain BU Set,Spain Legal Entity,Spain Primary Ledger,HCM_IMPL
300000048716584,Sweden Business Unit,Sweden BU Set,Sweden Legal Entity,Sweden Primary Ledger,HCM_IMPL
300000049671153,Canada Business Unit,Canada BU Set,Canada Legal Entity,Canada Primary Ledger,FIN_IMPL
300000075888561,Progress US Business Unit,Progress US BU SET,Progress US Legal Entity,Progress US Primary Ledger,FIN_IMPL
300000078974768,Progress UK Business Unit,Progress UK BU Set,,,FIN_IMPL
300000079037580,Mexico Business Unit,Mexico BU Set,Mexico Legal Entity,Mexico Primary Ledger,FIN_IMPL
300000087957781,US2 Business Unit,US2 BU Set,US2 Legal Entity,US Primary Ledger,HCM_IMPL
300000093962136,University US Business Unit,Higher Ed US BU Set,University US Legal Entity,University US Primary Ledger,FIN_IMPL
300000078974743,Healthcare US Business Unit,Healthcare BU Set,Healthcare US Legal Entity,Healthcare US Primary Ledger,FIN_IMPL
300000105431848,Taiwan Business Unit,Taiwan BU Set,,,HCM_IMPL
300000103055704,Brazil Business Unit,Brazil BU Set,,,HCM_IMPL
300000103055995,South Korea Business Unit,South Korea BU Set,,,HCM_IMPL
300000105006286,New Zealand Business Unit,New Zealand BU Set,,,HCM_IMPL
300000103055365,Ireland Business Unit,Ireland BU Set,,,HCM_IMPL
300000105492815,Denmark Business Unit,Denmark BU Set,,,HCM_IMPL
300000105647550,Malaysia Business Unit,Malaysia BU Set,,,HCM_IMPL
300000105647677,Kazakhstan Business Unit,Kazakhstan BU Set,,,HCM_IMPL
300000105578390,Switzerland Business Unit,Switzerland BU Set,Switzerland Legal Entity,Switzerland Primary Ledger,HCM_IMPL
300000105578322,Belgium Business Unit,Belgium BU Set,Belgium Legal Entity,Belgium Primary Ledger,HCM_IMPL
300000105647613,Ukraine Business Unit,Ukraine BU Set,,,HCM_IMPL
300000105647741,Finland Business Unit,Finland BU Set,,,HCM_IMPL
300000111055917,Vision Retail Business Unit,Retail BU Set,,,JOHN.DUNBAR
300000116771580,Norway Business Unit,Norway Business Unit Set,,,HCM_IMPL
300000116771655,Hungary Business Unit,Hungary Business Unit Set,,,HCM_IMPL
300000116771730,Liechtenstein Business Unit,Liechtenstein Business Unit Set,,,HCM_IMPL
300000116771755,Lithuania Business Unit,Lithuania Business Unit Set,,,HCM_IMPL
300000116771530,Austria Business Unit,Austria Business Unit Set,,,HCM_IMPL
300000116771555,Kuwait Business Unit,Kuwait Business Unit Set,,,HCM_IMPL
300000116771605,UAE Business Unit,UAE Business Unit Set,UAE Legal Entity,UAE Primary Ledger,HCM_IMPL
300000116771630,Bahrain Business Unit,Bahrain Business Unit Set,,,HCM_IMPL
300000116771680,Estonia Business Unit,Estonia Business Unit Set,,,HCM_IMPL
300000116771705,Latvia Business Unit,Latvia Business Unit Set,,,HCM_IMPL
300000116771780,Oman Business Unit,Oman Business Unit Set,,,HCM_IMPL
300000116771805,Qatar Business Unit,Qatar Business Unit Set,,,HCM_IMPL
300000123650589,Chile Business Unit,Chile Business Unit Set,,,BETTY.ANDERSON
300000123774676,Colombia Business Unit,Colombia Business Unit Set,,,BETTY.ANDERSON
300000123786588,Portugal Business Unit,Portugal Business Unit Set,,,BETTY.ANDERSON
300000123827898,Turkey Business Unit,Turkey Business Unit Set,Turkey Legal Entity,Turkey Primary Ledger,BETTY.ANDERSON
300000123998588,Indonesia Business Unit,Indonesia Business Unit Set,,,BETTY.ANDERSON
300000123795674,South Africa Business Unit,South Africa Business Unit Set,,,BETTY.ANDERSON
300000123913057,Argentina Business Unit,Argentina Business Unit Set,,,BETTY.ANDERSON
300000124087100,Vision E and C Business Unit,E and C BU Set,,,JOHN.DUNBAR
300000124171704,Czech Business Unit,Czech Business Unit Set,,,BETTY.ANDERSON
300000124181993,Greece Business Unit,Greece Business Unit Set,,,BETTY.ANDERSON
300000124184209,Algeria Business Unit,Algeria Business Unit Set,,,BETTY.ANDERSON
300000136439946,US INS Business Unit,US Insurance BU Set,US INS Legal Entity,Fin Svcs USGAAP INS PL,FIN_IMPL
300000126298397,Luxembourg Business Unit,Luxembourg Business Unit Set,,,BETTY.ANDERSON
300000126313049,Thailand Business Unit,Thailand Business Unit Set,,,BETTY.ANDERSON
300000129610421,Morocco Business Unit,Morocco Business Unit Set,,,BETTY.ANDERSON
300000180010546,Supremo US Business Unit,E360 US BU SET,Supremo US Legal Entity,US Primary Ledger,FIN_IMPL
300000186845781,University AU Business Unit,Higher Ed AU BU Set,,,HCM_IMPL
300000132179374,Fin Svcs UK Business Unit,Fin Svcs UK BU Set,Fin Svcs UK Legal Entity,Fin Svcs UK Primary ADB Ledger,FIN_IMPL
300000132179348,Fin Svcs US Business Unit,Fin Svcs US BU Set,Fin Svcs US Legal Entity,Fin Svcs US Primary ADB Ledger,FIN_IMPL
300000176102880,US1 External Learning,US1 BU Set,,,CURTIS.FEITTY
300000126322020,Venezuela Business Unit,Venezuela Business Unit Set,,,BETTY.ANDERSON
300000186345961,Supremo CH Business Unit,E360 CH BU SET,Supremo CH Legal Entity,Switzerland Primary Ledger,FIN_IMPL
300000126317723,Viet Nam Business Unit,Viet Nam Business Unit Set,,,BETTY.ANDERSON
300000126234057,Israel Business Unit,Israel Business Unit Set,,,BETTY.ANDERSON
300000126317911,Pakistan Business Unit,Pakistan Business Unit Set,,,BETTY.ANDERSON
300000126304829,Romania Business Unit,Romania Business Unit Set,,,BETTY.ANDERSON
300000126304804,Philippines Business Unit,Philippines Business Unit Set,,,BETTY.ANDERSON
300000236091469,Eswar Business Unit,Common Set,Eswar Hotel ,Eswar COA US,FUSION_ERP
300000246491561,PATHINFO TECH NODIA BU,Common Set,PATH INFOTECH LIMITED,PATHINFOTECH IN,Implementation.user
300000246491564,PATHINFO TECH MUMBAI BU,Common Set,PATH INFOTECH LIMITED,PATHINFOTECH IN,Implementation.user
300000246491567,PATHINFO TECH BANGALORE BU,Common Set,PATH INFOTECH LIMITED,PATHINFOTECH IN,Implementation.user
300000246491570,PATHINFOTECH SIGNAPORE BU,Common Set,PATH INFOTECH LTD SINGAPORE,PATHINFOTECH SG,Implementation.user
300000219208529,AU Council Business Unit,Common Set,AU  Council Legal Entity,AU Council Primary Ledger,FIN_IMPL
300000232398088,Fusion US Business Unit,Common Set,Fusion Legal Entity,Fusion US Primary Ledger,FUSION_ERP
300000234298671,OPKEY-BU,Common Set,US1 Legal Entity,US Primary Ledger,FIN_IMPL
300000243029797,OP_CABU,Common Set,OP_INDUS_LE,OP_INDUS_PL US,OP_EMP
300000243029800,OP_NJBU,Common Set,OP_INDUS_LE,OP_INDUS_PL US,OP_EMP
300000239924698,PATHINFO BUSINESS UNIT,Common Set,PATHINFO LEGAL ENTITY,PATHINFO PRIMARY LEDGER,PATH.INFO
300000217229393,Federal US Business Unit,Federal US BU Set,Federal US Legal Entity,Federal US Primary Ledger,FIN_IMPL
300000246738350,A.B Media LIMITED,Common Set,A.B Media LIMITED,ABTMV LTD IN,CASEY.BROWN
300000246952384,Noida Pvt . Ltd. ,Noida Limited,,,Implementation.user
300000242998906,OPKEY BUSINESS UNIT,Common Set,Opkey Legal Entity,OPKEY Primary Ledger,FIN_IMPL
300000246907510,XYZ Media India BU,XYZ Media Data Reference Set,XYZ. Media Legal Entity,XYZ Media Primary Ledger,Implementation.user
300000247044645,SS_BU,Common Set,SS_BU,SS_Ledger,SCM_IMPL
300000240184488,PATHINFO BUSINESS UNIT1,Enterprise Set,PATHINFO LEGAL ENTITY1,PATHINFO PRIMARY LEDGER,PATHINFO
300000240394933,NWPP Huntington1,Australia BU Set,,,FIN_IMPL
300000247688695,Sudhanshu_BU,Common Set,SS_BU,SS_Ledger,SCM_IMPL
300000240394916,NWPP Huntington,Australia BU Set,,,FIN_IMPL
300000247113636,TATA MOTORS BU,TATA_MOTORS_BU,,,Tata.Motors
300000240394891,NWPP Cardiology at Deer Park,Australia BU Set,,,FIN_IMPL
300000246451041,PATH NOIDA BU1,Common Set,PATH INFOTECH LTD,PATHNEW IN,Implementation.user
300000246451044,PATH MUMBAI BU2,Common Set,PATH INFOTECH LTD,PATHNEW IN,Implementation.user
300000246451047,PATH BANGALORE BU3,Common Set,PATH INFOTECH LTD,PATHNEW IN,Implementation.user
300000246451050,PATH SG BU4,Common Set,PATH INFOTECH LTD SG,PATHNEW SG,Implementation.user
300000217435697,Progress UK BU,Common Set,Progress UK Legal Entity,Progress UK GB,FIN_IMPL
300000223000597,US Federal Business Unit,US Fed Business Unit Set,,,HCM_IMPL
