BU_ID,BU_NAME,CREATED_BY
300000047568131,France Business Unit,FIN_IMPL
300000046987012,US1 Business Unit,FIN_IMPL
300000047498175,UK Business Unit,FIN_IMPL
300000047826665,India Business Unit 01,FIN_IMPL
300000047826669,Japan Business Unit,FIN_IMPL
300000047902198,Singapore Business Unit,HCM_IMPL
300000047902202,Hong Kong Business Unit,HCM_IMPL
300000047826657,China Business Unit,FIN_IMPL
300000047826661,Australia Business Unit,FIN_IMPL
300000048608413,Saudi Arabia Business Unit,FIN_IMPL
300000048608417,Italy Business Unit,FIN_IMPL
300000048608421,Russia Business Unit,FIN_IMPL
300000048608425,Germany Business Unit,FIN_IMPL
300000048608429,Netherlands Business Unit,FIN_IMPL
300000048716580,Poland Business Unit,HCM_IMPL
300000048716576,Spain Business Unit,HCM_IMPL
300000048716584,Sweden Business Unit,HCM_IMPL
300000049671153,Canada Business Unit,FIN_IMPL
300000075888561,Progress US Business Unit,FIN_IMPL
300000078974768,Progress UK Business Unit,FIN_IMPL
300000079037580,Mexico Business Unit,FIN_IMPL
300000087957781,US2 Business Unit,HCM_IMPL
300000093962136,University US Business Unit,FIN_IMPL
300000078974743,Healthcare US Business Unit,FIN_IMPL
300000105431848,Taiwan Business Unit,HCM_IMPL
300000103055704,Brazil Business Unit,HCM_IMPL
300000103055995,South Korea Business Unit,HCM_IMPL
300000105006286,New Zealand Business Unit,HCM_IMPL
300000103055365,Ireland Business Unit,HCM_IMPL
300000105492815,Denmark Business Unit,HCM_IMPL
300000105647550,Malaysia Business Unit,HCM_IMPL
300000105647677,Kazakhstan Business Unit,HCM_IMPL
300000105578390,Switzerland Business Unit,HCM_IMPL
300000105578322,Belgium Business Unit,HCM_IMPL
300000105647613,Ukraine Business Unit,HCM_IMPL
300000105647741,Finland Business Unit,HCM_IMPL
300000111055917,Vision Retail Business Unit,JOHN.DUNBAR
300000116771580,Norway Business Unit,HCM_IMPL
300000116771655,Hungary Business Unit,HCM_IMPL
300000116771730,Liechtenstein Business Unit,HCM_IMPL
300000116771755,Lithuania Business Unit,HCM_IMPL
300000116771530,Austria Business Unit,HCM_IMPL
300000116771555,Kuwait Business Unit,HCM_IMPL
300000116771605,UAE Business Unit,HCM_IMPL
300000116771630,Bahrain Business Unit,HCM_IMPL
300000116771680,Estonia Business Unit,HCM_IMPL
300000116771705,Latvia Business Unit,HCM_IMPL
300000116771780,Oman Business Unit,HCM_IMPL
300000116771805,Qatar Business Unit,HCM_IMPL
300000123650589,Chile Business Unit,BETTY.ANDERSON
300000123774676,Colombia Business Unit,BETTY.ANDERSON
300000123786588,Portugal Business Unit,BETTY.ANDERSON
300000123827898,Turkey Business Unit,BETTY.ANDERSON
300000123998588,Indonesia Business Unit,BETTY.ANDERSON
300000123795674,South Africa Business Unit,BETTY.ANDERSON
300000123913057,Argentina Business Unit,BETTY.ANDERSON
300000124087100,Vision E and C Business Unit,JOHN.DUNBAR
300000124171704,Czech Business Unit,BETTY.ANDERSON
300000124181993,Greece Business Unit,BETTY.ANDERSON
300000124184209,Algeria Business Unit,BETTY.ANDERSON
300000136439946,US INS Business Unit,FIN_IMPL
300000126298397,Luxembourg Business Unit,BETTY.ANDERSON
300000126313049,Thailand Business Unit,BETTY.ANDERSON
300000129610421,Morocco Business Unit,BETTY.ANDERSON
300000180010546,Supremo US Business Unit,FIN_IMPL
300000186845781,University AU Business Unit,HCM_IMPL
300000132179374,Fin Svcs UK Business Unit,FIN_IMPL
300000132179348,Fin Svcs US Business Unit,FIN_IMPL
300000176102880,US1 External Learning,CURTIS.FEITTY
300000126322020,Venezuela Business Unit,BETTY.ANDERSON
300000186345961,Supremo CH Business Unit,FIN_IMPL
300000126317723,Viet Nam Business Unit,BETTY.ANDERSON
300000126234057,Israel Business Unit,BETTY.ANDERSON
300000126317911,Pakistan Business Unit,BETTY.ANDERSON
300000126304829,Romania Business Unit,BETTY.ANDERSON
300000126304804,Philippines Business Unit,BETTY.ANDERSON
300000236091469,Eswar Business Unit,FUSION_ERP
300000246491561,PATHINFO TECH NODIA BU,Implementation.user
300000246491564,PATHINFO TECH MUMBAI BU,Implementation.user
300000246491567,PATHINFO TECH BANGALORE BU,Implementation.user
300000246491570,PATHINFOTECH SIGNAPORE BU,Implementation.user
300000219208529,AU Council Business Unit,FIN_IMPL
300000232398088,Fusion US Business Unit,FUSION_ERP
300000234298671,OPKEY-BU,FIN_IMPL
300000243029797,OP_CABU,OP_EMP
300000243029800,OP_NJBU,OP_EMP
300000239924698,PATHINFO BUSINESS UNIT,PATH.INFO
300000217229393,Federal US Business Unit,FIN_IMPL
300000246738350,A.B Media LIMITED,CASEY.BROWN
300000246952384,Noida Pvt . Ltd. ,Implementation.user
300000242998906,OPKEY BUSINESS UNIT,FIN_IMPL
300000246907510,XYZ Media India BU,Implementation.user
300000247044645,SS_BU,SCM_IMPL
300000240184488,PATHINFO BUSINESS UNIT1,PATHINFO
300000240394933,NWPP Huntington1,FIN_IMPL
300000247688695,Sudhanshu_BU,SCM_IMPL
300000240394916,NWPP Huntington,FIN_IMPL
300000247113636,TATA MOTORS BU,Tata.Motors
300000240394891,NWPP Cardiology at Deer Park,FIN_IMPL
300000246451041,PATH NOIDA BU1,Implementation.user
300000246451044,PATH MUMBAI BU2,Implementation.user
300000246451047,PATH BANGALORE BU3,Implementation.user
300000246451050,PATH SG BU4,Implementation.user
300000217435697,Progress UK BU,FIN_IMPL
300000223000597,US Federal Business Unit,HCM_IMPL
