LEDGER_ID,CURRENCY_CODE,CREATED_BY
300000046988965,USD,FIN_IMPL
300000101474319,USD,FIN_IMPL
300000117819959,EUR,FIN_IMPL
300000132744378,EUR,FIN_IMPL
300000136437848,USD,FIN_IMPL
300000136437854,USD,FIN_IMPL
300000166621973,EUR,FIN_IMPL
300000046988988,X,FIN_IMPL
300000047488112,GBP,FIN_IMPL
300000047546403,USD,FIN_IMPL
300000048443131,X,FIN_IMPL
300000074983539,CNY,FIN_IMPL
300000075935688,USD,FIN_IMPL
300000100509325,JPY,FIN_IMPL
300000110509153,EUR,FIN_IMPL
300000115625109,EUR,FIN_IMPL
300000116270105,USD,FIN_IMPL
300000117449137,USD,FIN_IMPL
300000117449147,GBP,FIN_IMPL
300000130210397,EUR,FIN_IMPL
300000131552112,EUR,FIN_IMPL
300000137440136,SEK,FIN_IMPL
300000046975971,USD,FIN_IMPL
300000048443133,X,FIN_IMPL
300000085666101,CAD,FIN_IMPL
300000100831269,USD,FIN_IMPL
300000107570320,EUR,FIN_IMPL
300000132430629,USD,FIN_IMPL
300000136437851,USD,FIN_IMPL
300000157698798,SAR,FIN_IMPL
300000169127685,X,FIN_IMPL
300000173090667,USD,FIN_IMPL
300000107691109,CHF,FIN_IMPL
300000129460415,AUD,FIN_IMPL
300000129460424,NZD,FIN_IMPL
300000141993058,TRY,FIN_IMPL
300000150998360,AED,FIN_IMPL
300000172606735,PLN,FIN_IMPL
300000047488121,EUR,FIN_IMPL
300000047566111,USD,FIN_IMPL
300000075526540,USD,FIN_IMPL
300000075887689,USD,FIN_IMPL
300000094024319,USD,FIN_IMPL
300000131989633,EUR,FIN_IMPL
300000132430623,GBP,FIN_IMPL
300000157763971,PAB,FIN_IMPL
300000184410368,INR,FIN_IMPL
300000184410412,USD,FIN_IMPL
300000195964379,MXN,FIN_IMPL
300000202882023,USD,FIN_IMPL
300000214165933,X,FIN_IMPL
300000216960831,USD,FIN_IMPL
300000217507763,GBP,FIN_IMPL
300000219190442,AUD,FIN_IMPL
300000232590586,USD,FUSION_ERP
300000232825059,INR,FUSION_ERP
300000232825067,INR,FUSION_ERP
300000232825076,INR,FUSION_ERP
300000232825101,INR,FUSION_ERP
300000232825224,GBP,FUSION_ERP
300000233096707,EUR,FUSION_ERP
300000233096721,EUR,FUSION_ERP
300000233096763,AED,FUSION_ERP
300000233097266,USD,FUSION_ERP
300000233178918,USD,FUSION_ERP
300000240141361,INR,PATH.INFO
300000245163142,INR,FIN_IMPL
300000245163297,INR,FIN_IMPL
300000246445736,INR,Implementation.user
300000246445737,SGD,Implementation.user
300000245163179,USD,FIN_IMPL
300000233179049,USD,FUSION_ERP
300000235627800,USD,FUSION_ERP
300000246602964,INR,CASEY.BROWN
300000246893541,INR,Implementation.user
300000247046804,USD,SCM_IMPL
300000247710424,USD,SCM_IMPL
300000245163139,USD,FIN_IMPL
300000245163064,INR,FIN_IMPL
300000245163110,INR,FIN_IMPL
300000245163136,INR,FIN_IMPL
300000243030400,USD,OP_EMP
300000246949736,X,Implementation.user
300000233301270,INR,FUSION_ERP
300000245163145,GBP,FIN_IMPL
300000246445595,INR,Implementation.user
300000246445596,SGD,Implementation.user
300000233179039,USD,FUSION_ERP
300000233301345,USD,FUSION_ERP
300000242790420,USD,Opkey.IMPL
300000245163107,INR,FIN_IMPL
