LOCATION_ID,LOCATION_NAME,CREATED_BY,ACTIVE_STATUS
300000048645844,Frankfurt,HCM_IMPL,A
300000050505637,Vancouver,HCM_IMPL,A
300000051347826,Sendai JP,SCM_IMPL,A
300000055019802,Louisville,BETTY.ANDERSON,A
300000076208545,Reston Transit Center,FUSION_APPS_HCM_ESS_LOADER_APPID,A
300000079207540,Milton Keynes,BETTY.ANDERSON,A
300000079207644,Leeds,BETTY.ANDERSON,A
300000047013170,Redwood City,FUSION_APPS_HCM_ESS_LOADER_APPID,A
300000107518270,Ballerup,FUSION_APPS_HCM_ESS_LOADER_APPID,A
300000107518280,Skanderborg,FUSION_APPS_HCM_ESS_LOADER_APPID,A
300000107518290,Odense,FUSION_APPS_HCM_ESS_LOADER_APPID,A
300000107518300,Aalborg,FUSION_APPS_HCM_ESS_LOADER_APPID,A
300000107526140,Turku,FUSION_APPS_HCM_ESS_LOADER_APPID,A
300000107526150,Kuopio,FUSION_APPS_HCM_ESS_LOADER_APPID,A
300000107526301,Kaohsiung,FUSION_APPS_HCM_ESS_LOADER_APPID,A
300000107526321,Hsinchu,FUSION_APPS_HCM_ESS_LOADER_APPID,A
300000107597316,Galway,FUSION_APPS_HCM_ESS_LOADER_APPID,A
300000107597326,Belfast,FUSION_APPS_HCM_ESS_LOADER_APPID,A
300000107781130,Geneva,FUSION_APPS_HCM_ESS_LOADER_APPID,A
300000107781150,Lugano,FUSION_APPS_HCM_ESS_LOADER_APPID,A
300000108190185,Cleveland Hospital,BETTY.ANDERSON,A
300000108278178,Indianapolis Hospital,BETTY.ANDERSON,A
300000047013310,Salt Lake City,FUSION_APPS_HCM_ESS_LOADER_APPID,A
300000047902880,Mumbai,HCM_IMPL,A
300000047013150,Headquarters,FUSION_APPS_HCM_ESS_LOADER_APPID,A
300000047013180,Chicago,FUSION_APPS_HCM_ESS_LOADER_APPID,A
300000047013190,Atlanta,FUSION_APPS_HCM_ESS_LOADER_APPID,A
300000047013220,Miami,FUSION_APPS_HCM_ESS_LOADER_APPID,A
300000047013240,Yorktown,FUSION_APPS_HCM_ESS_LOADER_APPID,A
300000047013260,Phoenix,FUSION_APPS_HCM_ESS_LOADER_APPID,A
300000047013280,Portland,FUSION_APPS_HCM_ESS_LOADER_APPID,A
300000047013290,Las Vegas,FUSION_APPS_HCM_ESS_LOADER_APPID,A
300000047826167,Paris,HCM_IMPL,A
300000047826265,Mulhouse,HCM_IMPL,A
300000047902386,Sydney,HCM_IMPL,A
300000047902484,Melbourne,HCM_IMPL,A
300000047902780,Xian,HCM_IMPL,A
300000047902829,Shenyang,HCM_IMPL,A
300000047902929,Hyderabad,HCM_IMPL,A
300000047903082,Tokyo JP,HCM_IMPL,A
300000047919131,Kanazawa JP,HCM_IMPL,A
300000047902731,Shenzhen,HCM_IMPL,A
300000074731541,See Below for Deliver Address,PRC_IMPL,A
300000047902682,Shanghai,HCM_IMPL,A
300000047597190,Belfast,FUSION_APPS_HCM_ESS_LOADER_APPID,A
300000047919180,Hiroshima JP,HCM_IMPL,A
300000047919229,Nagoya JP,HCM_IMPL,A
300000047919278,Hong Kong,HCM_IMPL,A
300000047919327,Singapore 1,HCM_IMPL,A
300000048645942,Munich,HCM_IMPL,A
300000048716589,Barcelona,HCM_IMPL,A
300000076167591,Reston,BETTY.ANDERSON,A
300000085338297,Ciudad de México,FUSION_APPS_HCM_ESS_LOADER_APPID,A
300000085338307,Monterrey,FUSION_APPS_HCM_ESS_LOADER_APPID,A
300000107518151,Antwerp,FUSION_APPS_HCM_ESS_LOADER_APPID,A
300000107518161,Charleroi,FUSION_APPS_HCM_ESS_LOADER_APPID,A
300000107518216,Vision São Paulo,FUSION_APPS_HCM_ESS_LOADER_APPID,A
300000107518226,Vision Porto Alegre,FUSION_APPS_HCM_ESS_LOADER_APPID,A
300000107518236,Vision Fortaleza,FUSION_APPS_HCM_ESS_LOADER_APPID,A
300000107518325,Auckland,FUSION_APPS_HCM_ESS_LOADER_APPID,A
300000107518335,Wellington,FUSION_APPS_HCM_ESS_LOADER_APPID,A
300000050505357,Canada Regional,HCM_IMPL,A
300000050505493,Halifax,HCM_IMPL,A
300000076208576,Adams Elementary School,FUSION_APPS_HCM_ESS_LOADER_APPID,A
300000076208588,Monroe Elementary School,FUSION_APPS_HCM_ESS_LOADER_APPID,A
300000076208612,Madison Middle School,FUSION_APPS_HCM_ESS_LOADER_APPID,A
300000076208622,Jefferson High School,FUSION_APPS_HCM_ESS_LOADER_APPID,A
300000095411151,Main Campus,FUSION_APPS_HCM_ESS_LOADER_APPID,A
300000095411161,North Campus,FUSION_APPS_HCM_ESS_LOADER_APPID,A
300000095411171,Virtual,FUSION_APPS_HCM_ESS_LOADER_APPID,A
300000107518355,Dunedin,FUSION_APPS_HCM_ESS_LOADER_APPID,A
300000107518379,HR North Location (HQ),FUSION_APPS_HCM_ESS_LOADER_APPID,A
300000107518389,HR Soth Location,FUSION_APPS_HCM_ESS_LOADER_APPID,A
300000107518399,HR East Location,FUSION_APPS_HCM_ESS_LOADER_APPID,A
300000107518409,HR West Location,FUSION_APPS_HCM_ESS_LOADER_APPID,A
300000107518443,KZ HR South Location,FUSION_APPS_HCM_ESS_LOADER_APPID,A
300000107518453,KZ HR East Location,FUSION_APPS_HCM_ESS_LOADER_APPID,A
300000107518463,KZ HR West Location,FUSION_APPS_HCM_ESS_LOADER_APPID,A
300000107526184,George Town,FUSION_APPS_HCM_ESS_LOADER_APPID,A
300000107526194,Ipoh,FUSION_APPS_HCM_ESS_LOADER_APPID,A
300000107526250,Seoul,FUSION_APPS_HCM_ESS_LOADER_APPID,A
300000107526260,Daejeon,FUSION_APPS_HCM_ESS_LOADER_APPID,A
300000107526270,Daegu,FUSION_APPS_HCM_ESS_LOADER_APPID,A
300000107597145,Dublin,BETTY.ANDERSON,A
300000108190165,Philadelphia Hospital,BETTY.ANDERSON,A
300000108278197,New York Hospital,BETTY.ANDERSON,A
300000048645991,Hamburg,HCM_IMPL,A
300000047597140,Manchester,FUSION_APPS_HCM_ESS_LOADER_APPID,A
300000047826314,Marseille,HCM_IMPL,A
300000047826216,Bordeaux,HCM_IMPL,A
300000048716687,Malaga,HCM_IMPL,A
300000048716736,Bilboa - Derio,HCM_IMPL,A
300000048716785,Bologna,HCM_IMPL,A
300000048716932,Naples,HCM_IMPL,A
300000048716981,Enschede,HCM_IMPL,A
300000048717079,Eindhoven,HCM_IMPL,A
300000048763177,Poznan,HCM_IMPL,A
300000048763275,Krakow,HCM_IMPL,A
300000048763324,Gdansk,HCM_IMPL,A
300000048763373,Moscow,HCM_IMPL,A
300000048763471,St. Petersburg,HCM_IMPL,A
300000048763520,Kazan,HCM_IMPL,A
300000048763618,Kista,HCM_IMPL,A
300000048763667,Goteborg,HCM_IMPL,A
300000048763765,Tabouk,HCM_IMPL,A
300000048763814,Riyadh,HCM_IMPL,A
300000048763863,Jeddah,HCM_IMPL,A
300000048763912,Abha,HCM_IMPL,A
300000051347776,Ichikawa JP,SCM_IMPL,A
300000079207591,Cambridge,BETTY.ANDERSON,A
300000107526120,Espoo,FUSION_APPS_HCM_ESS_LOADER_APPID,A
300000123786673,Braga,BETTY.ANDERSON,A
300000123828107,İzmir Ofis,BETTY.ANDERSON,A
300000126323771,Tel Aviv office,FUSION_APPS_HCM_ESS_LOADER_APPID,A
300000126323785,Beit Rubinshtein,FUSION_APPS_HCM_ESS_LOADER_APPID,A
300000126323797,Yaqneam ,FUSION_APPS_HCM_ESS_LOADER_APPID,A
300000126323808,Azorim Park ,FUSION_APPS_HCM_ESS_LOADER_APPID,A
300000126323825,Brasov,FUSION_APPS_HCM_ESS_LOADER_APPID,A
300000126323835,Cluj Napoca,FUSION_APPS_HCM_ESS_LOADER_APPID,A
300000126323845,Constanta,FUSION_APPS_HCM_ESS_LOADER_APPID,A
300000126323855,Hồ Chí Minh,FUSION_APPS_HCM_ESS_LOADER_APPID,A
300000126323865,Hà Nội,FUSION_APPS_HCM_ESS_LOADER_APPID,A
300000126323875,Đà Nẵng,FUSION_APPS_HCM_ESS_LOADER_APPID,A
300000126323885,Cần Thơ,FUSION_APPS_HCM_ESS_LOADER_APPID,A
300000126324181,Bucuresti,BETTY.ANDERSON,A
300000048717030,Amsterdam,HCM_IMPL,A
300000173370667,Bistro PA,BETTY.ANDERSON,A
300000177141092,3 West MS,SCM_IMPL,A
300000048716883,Milan,HCM_IMPL,A
300000123791454,Lisboa,BETTY.ANDERSON,A
300000123791677,Porto Salvo,BETTY.ANDERSON,A
300000123792380,Porto,BETTY.ANDERSON,A
300000123795760,Bloemfontein,BETTY.ANDERSON,A
300000123795880,Johannesburg,BETTY.ANDERSON,A
300000123827924,İstanbul Genel Müdürlük,BETTY.ANDERSON,A
300000123828044,Ankara Ofis,BETTY.ANDERSON,A
300000126323295,Capellen,FUSION_APPS_HCM_ESS_LOADER_APPID,A
300000126323305,Ettelbruck,FUSION_APPS_HCM_ESS_LOADER_APPID,A
300000126323315,Esch-Belval,FUSION_APPS_HCM_ESS_LOADER_APPID,A
300000126323325,Luxembourg-ville,FUSION_APPS_HCM_ESS_LOADER_APPID,A
300000126323335,Makati,FUSION_APPS_HCM_ESS_LOADER_APPID,A
300000126323346,Quezon City,FUSION_APPS_HCM_ESS_LOADER_APPID,A
300000126323367,Manila,FUSION_APPS_HCM_ESS_LOADER_APPID,A
300000126323388,Ortigas,FUSION_APPS_HCM_ESS_LOADER_APPID,A
300000126323403,Bangkok,FUSION_APPS_HCM_ESS_LOADER_APPID,A
300000126323415,Chiangmai,FUSION_APPS_HCM_ESS_LOADER_APPID,A
300000126323425,Khonkhan,FUSION_APPS_HCM_ESS_LOADER_APPID,A
300000126323435,Phuket,FUSION_APPS_HCM_ESS_LOADER_APPID,A
300000126323473,Islamabad,FUSION_APPS_HCM_ESS_LOADER_APPID,A
300000126323483,Karachi,FUSION_APPS_HCM_ESS_LOADER_APPID,A
300000126323493,Lahore,FUSION_APPS_HCM_ESS_LOADER_APPID,A
300000126323503,Vision Caracas,FUSION_APPS_HCM_ESS_LOADER_APPID,A
300000126323513,Vision Guayana,FUSION_APPS_HCM_ESS_LOADER_APPID,A
300000126323523,Vision Valencia,FUSION_APPS_HCM_ESS_LOADER_APPID,A
300000126323533,Vision Zulia,FUSION_APPS_HCM_ESS_LOADER_APPID,A
300000129617782,Casablanca,FUSION_APPS_HCM_ESS_LOADER_APPID,A
300000129617792,Rabat,FUSION_APPS_HCM_ESS_LOADER_APPID,A
300000129617802,Marakech,FUSION_APPS_HCM_ESS_LOADER_APPID,A
300000129617812,Agadir,FUSION_APPS_HCM_ESS_LOADER_APPID,A
300000048716638,Madrid,HCM_IMPL,A
300000048763569,Stockholm,HCM_IMPL,A
300000124087233,Trenton,BRIAN.JOSEPH,A
300000050505388,Montreal,HCM_IMPL,A
300000047597170,Norwich,FUSION_APPS_HCM_ESS_LOADER_APPID,A
300000142547195,Exeter,BETTY.ANDERSON,A
300000142613436,St. John's,BETTY.ANDERSON,A
300000142613695,Yellowknife,BETTY.ANDERSON,A
300000163899108,Wondercare Childrens Hospital,HCM_IMPL,A
300000123827984,İstanbul Anadolu Ofis,BETTY.ANDERSON,A
300000107781120,Zurich,FUSION_APPS_HCM_ESS_LOADER_APPID,A
300000175439448,Vision Retiree Location,BETTY.ANDERSON,A
300000177141166,4 Recovery ,SCM_IMPL,A
300000116940302,Store 104 - Barton Creek Square,BETTY.ANDERSON,A
300000116940428,Store 106 - Mall of America,BETTY.ANDERSON,A
300000116940550,Store 108 - Westfield Citrus Park,BETTY.ANDERSON,A
300000047013270,Boise,FUSION_APPS_HCM_ESS_LOADER_APPID,A
300000094179144,Dallas,SCM_IMPL,A
300000123774888,Usaquen,BETTY.ANDERSON,A
300000123775075,Suba,BETTY.ANDERSON,A
300000124184235,Γραφείο Αθήνας,BETTY.ANDERSON,A
300000124184356,Γραφείο Πάτρας,BETTY.ANDERSON,A
300000124184476,Alger,BETTY.ANDERSON,A
300000124184596,Oran,BETTY.ANDERSON,A
300000129617734,Vienna 01,FUSION_APPS_HCM_ESS_LOADER_APPID,A
300000129617744,Vienna 02,FUSION_APPS_HCM_ESS_LOADER_APPID,A
300000129617754,Salzburg,FUSION_APPS_HCM_ESS_LOADER_APPID,A
300000129617764,Graz,FUSION_APPS_HCM_ESS_LOADER_APPID,A
300000047902582,Beijing,HCM_IMPL,A
300000132523345,Fin Svcs UK Location 1,FIN_IMPL,A
300000132523417,Fin Svcs US Location 1,FIN_IMPL,A
300000142631856,Charlottetown,BETTY.ANDERSON,A
300000142632017,Calgary,BETTY.ANDERSON,A
300000107526311,Tainan,FUSION_APPS_HCM_ESS_LOADER_APPID,A
300000107597336,Cork,FUSION_APPS_HCM_ESS_LOADER_APPID,A
300000107781140,Bern,FUSION_APPS_HCM_ESS_LOADER_APPID,A
300000108278301,Hackensack Hospital,BETTY.ANDERSON,A
300000047013160,Global Ops,FUSION_APPS_HCM_ESS_LOADER_APPID,A
300000047902435,Perth,HCM_IMPL,A
300000119025632,Hokkaido Branch JP,BETTY.ANDERSON,A
300000123795700,Durban,BETTY.ANDERSON,A
300000123795820,Cape Town,BETTY.ANDERSON,A
300000124171791,Brno,BETTY.ANDERSON,A
300000124171913,Plzen,BETTY.ANDERSON,A
300000124172244,Av. De Mayo,BETTY.ANDERSON,A
300000124172376,Sarsfield,BETTY.ANDERSON,A
300000047013250,Pittsburgh,FUSION_APPS_HCM_ESS_LOADER_APPID,A
300000047013230,New York,FUSION_APPS_HCM_ESS_LOADER_APPID,A
300000047902631,Kunmig,HCM_IMPL,A
300000047902978,Bangalore,HCM_IMPL,A
300000047597150,London,FUSION_APPS_HCM_ESS_LOADER_APPID,A
300000047919376,Singapore 2,HCM_IMPL,A
300000085338317,Guadalajara,FUSION_APPS_HCM_ESS_LOADER_APPID,A
300000107518171,Evergem,FUSION_APPS_HCM_ESS_LOADER_APPID,A
300000107518246,Vision Belo Horizonte,FUSION_APPS_HCM_ESS_LOADER_APPID,A
300000107518345,Christchurch,FUSION_APPS_HCM_ESS_LOADER_APPID,A
300000107518433,KZ HR North Location (HQ),FUSION_APPS_HCM_ESS_LOADER_APPID,A
300000107526174,Kuala Lumpur,FUSION_APPS_HCM_ESS_LOADER_APPID,A
300000107526204,Johor Bahru,FUSION_APPS_HCM_ESS_LOADER_APPID,A
300000107526280,Busan,FUSION_APPS_HCM_ESS_LOADER_APPID,A
300000108190278,Las Vegas Hospital,BETTY.ANDERSON,A
300000048716834,Rome,HCM_IMPL,A
300000116810152,Lillestrøm,HCM_IMPL,A
300000116810303,Tromsø,HCM_IMPL,A
300000116810423,Block 320 Road 1910,HCM_IMPL,A
300000116810543,Block 320 Road 1911,HCM_IMPL,A
300000116810663,2nd Floor Abrar Building,HCM_IMPL,A
300000116810783,4th Floor Abrar Building,HCM_IMPL,A
300000116810903,Al Khuwair,HCM_IMPL,A
300000116811072,Muscat,HCM_IMPL,A
300000116815192,Suite No 13 R Building No 2,HCM_IMPL,A
300000116815312,Suite No 15 R Building No 2,HCM_IMPL,A
300000116815432,Al Fardan Center,HCM_IMPL,A
300000116815553,Head Quarters,HCM_IMPL,A
300000116815673,Szegedi iroda,HCM_IMPL,A
300000116815793,Debreceni iroda,HCM_IMPL,A
300000123774846,Fontibón,BETTY.ANDERSON,A
300000123775003,Chapinero,BETTY.ANDERSON,A
300000123998634,PT Bank Indonesia,BETTY.ANDERSON,A
300000123998796,PT Mandiri,BETTY.ANDERSON,A
300000124171730,Praha,BETTY.ANDERSON,A
300000124171852,Ostrava,BETTY.ANDERSON,A
300000124171974,Test_Loc,BETTY.ANDERSON,A
300000124172035,Los Molles,BETTY.ANDERSON,A
300000124172305,Deloqui,BETTY.ANDERSON,A
300000124184296,Γραφείο Θεσσαλονίκης ,BETTY.ANDERSON,A
300000124184416,Γραφείο Κρήτης,BETTY.ANDERSON,A
300000124184536,Tizi-Ouzou,BETTY.ANDERSON,A
300000124184656,Constantine,BETTY.ANDERSON,A
300000047902533,Brisbane,HCM_IMPL,A
300000142613372,Fredericton,BETTY.ANDERSON,A
300000142631813,Iqaluit,BETTY.ANDERSON,A
300000142631915,Regina,BETTY.ANDERSON,A
300000142631944,Whitehorse,BETTY.ANDERSON,A
300000048763128,Groningen,HCM_IMPL,A
300000048763422,Sochi,HCM_IMPL,A
300000048763716,Umea,HCM_IMPL,A
300000047013300,Culver City,FUSION_APPS_HCM_ESS_LOADER_APPID,A
300000116940110,Store 101 - Union Square,BETTY.ANDERSON,A
300000116940139,Store 102 - Downtown Seattle,BETTY.ANDERSON,A
300000116940242,Store 103 - Bellevue Square,BETTY.ANDERSON,A
300000116940364,Store 105 - Kenwood Towne Centre,BETTY.ANDERSON,A
300000116940490,Store 107 - Newbury,BETTY.ANDERSON,A
300000119025172,Kansai Branch JP,HCM_IMPL,A
300000119025383,Kyushu Branch JP,BETTY.ANDERSON,A
300000123650634,La Serena,BETTY.ANDERSON,A
300000123650795,Concepción,BETTY.ANDERSON,A
300000126324258,RawalPindi,BETTY.ANDERSON,A
300000107518141,Vilvoorde,FUSION_APPS_HCM_ESS_LOADER_APPID,A
300000047597180,Edinburgh,FUSION_APPS_HCM_ESS_LOADER_APPID,A
300000142613155,Winnipeg,BETTY.ANDERSON,A
300000107526130,Tampere,FUSION_APPS_HCM_ESS_LOADER_APPID,A
300000079120650,Redwood Shores Hospital,HCM_IMPL,A
300000163899077,Wondercare General Hospital,HCM_IMPL,A
300000163899137,Wondercare Outpatient Clinic,HCM_IMPL,A
300000173370597,Bistro OH,BETTY.ANDERSON,A
300000177141136,3 East HO,SCM_IMPL,A
300000085668332,"Laval, QC",HCM_IMPL,A
300000047597160,Bristol,FUSION_APPS_HCM_ESS_LOADER_APPID,A
300000050505587,Toronto,HCM_IMPL,A
300000116810122,Lysaker,HCM_IMPL,A
300000116810243,Hamar,HCM_IMPL,A
300000116810363,Block 319 Road 1910,HCM_IMPL,A
300000116810483,Block 319 Road 1911,HCM_IMPL,A
300000116810603,1st Floor Abrar Building,HCM_IMPL,A
300000116810723,3rd Floor Abrar Building,HCM_IMPL,A
300000116810843,Ruwi,HCM_IMPL,A
300000116810965,Sohar,HCM_IMPL,A
300000116815132,Suite No 12 R Building No 2 ,HCM_IMPL,A
300000116815252,Suite No 14 R Building No 2,HCM_IMPL,A
300000116815372,Al Maktoum Branch,HCM_IMPL,A
300000116815492,Marina Branch,HCM_IMPL,A
300000116815613,Budapesti iroda,HCM_IMPL,A
300000116815733,Pécsi iroda,HCM_IMPL,A
300000123650615,Antofagasta,BETTY.ANDERSON,A
300000123650735,Santiago,BETTY.ANDERSON,A
300000123998614,PT Oracle Indonesia,BETTY.ANDERSON,A
300000123998695,PT Bank Maluku,BETTY.ANDERSON,A
300000136439885,US Insurance Location,FIN_IMPL,A
300000142547151,Woking,BETTY.ANDERSON,A
300000047013210,Los Angeles,FUSION_APPS_HCM_ESS_LOADER_APPID,A
300000048763226,Warsaw,HCM_IMPL,A
300000180082666,Store 102 - Downtown Seattle,FUSION_APPS_HCM_ESS_LOADER_APPID,A
300000180082680,Los Angeles,FUSION_APPS_HCM_ESS_LOADER_APPID,A
300000180082694,Boise,FUSION_APPS_HCM_ESS_LOADER_APPID,A
300000180082708,Chicago,FUSION_APPS_HCM_ESS_LOADER_APPID,A
300000180082722,Store 107 - Newbury,FUSION_APPS_HCM_ESS_LOADER_APPID,A
300000180443494,Regional Parts Warehouse - East,FUSION_APPS_HCM_ESS_LOADER_APPID,A
300000180443526,Field Service Technicians,FUSION_APPS_HCM_ESS_LOADER_APPID,A
300000180443504,National Parts Warehouse,FUSION_APPS_HCM_ESS_LOADER_APPID,A
300000047013200,Seattle,FUSION_APPS_HCM_ESS_LOADER_APPID,A
300000047903027,New Delhi,HCM_IMPL,A
300000180010642,Dallas Inventory,CURTIS.FEITTY,A
300000180010673,Denver Maintenance,CURTIS.FEITTY,A
300000180924004,Defective Parts Warehouse,CURTIS.FEITTY,A
300000184197038,Louisville Hospital,CURTIS.FEITTY,A
300000180010715,Kansas City Distribution,CURTIS.FEITTY,A
300000181200183,Process Mfg - Inventory Org,CURTIS.FEITTY,A
300000180010611,Denver HQ,CURTIS.FEITTY,A
300000180082385,Store 101 - Union Square,FUSION_APPS_HCM_ESS_LOADER_APPID,A
300000180082400,Culver City,FUSION_APPS_HCM_ESS_LOADER_APPID,A
300000180082414,Portland,FUSION_APPS_HCM_ESS_LOADER_APPID,A
300000180082428,Las Vegas,FUSION_APPS_HCM_ESS_LOADER_APPID,A
300000180082442,New York,FUSION_APPS_HCM_ESS_LOADER_APPID,A
300000180082456,Redwood City,FUSION_APPS_HCM_ESS_LOADER_APPID,A
300000180082470,Louisville,FUSION_APPS_HCM_ESS_LOADER_APPID,A
300000180082484,Seattle,FUSION_APPS_HCM_ESS_LOADER_APPID,A
300000180082498,Yorktown,FUSION_APPS_HCM_ESS_LOADER_APPID,A
300000180082512,Atlanta,FUSION_APPS_HCM_ESS_LOADER_APPID,A
300000180082526,Dallas,FUSION_APPS_HCM_ESS_LOADER_APPID,A
300000180082540,Store 103 - Bellevue Square,FUSION_APPS_HCM_ESS_LOADER_APPID,A
300000180082554,Pittsburgh,FUSION_APPS_HCM_ESS_LOADER_APPID,A
300000180082568,Miami,FUSION_APPS_HCM_ESS_LOADER_APPID,A
300000180082582,Phoenix,FUSION_APPS_HCM_ESS_LOADER_APPID,A
300000180082596,Store 105 - Kenwood Towne Centre,FUSION_APPS_HCM_ESS_LOADER_APPID,A
300000180082610,Store 108 - Westfield Citrus Park,FUSION_APPS_HCM_ESS_LOADER_APPID,A
300000180082624,Store 106 - Mall of America,FUSION_APPS_HCM_ESS_LOADER_APPID,A
300000180082638,Salt Lake City,FUSION_APPS_HCM_ESS_LOADER_APPID,A
300000180082652,Store 104 - Barton Creek Square,FUSION_APPS_HCM_ESS_LOADER_APPID,A
300000186395591,Denver Maintenance SCF,CURTIS.FEITTY,A
300000186395512,Norwich - SCF,CURTIS.FEITTY,A
300000186395670,Denver Manufacturing SCF,CURTIS.FEITTY,A
300000186828859,New York Campus,BETTY.ANDERSON,A
300000186845800,Main Campus,HCM_IMPL,A
300000192798004,Stuttgart,CURTIS.FEITTY,A
300000186770830,Chennai,FIN_IMPL,A
300000186845891,North Campus,HCM_IMPL,A
300000187685798,Zurich (Manufacturing Plant D),CURTIS.FEITTY,A
300000188095918,Massachusetts,BETTY.ANDERSON,A
300000195712677,National Depot Repair,HCM_IMPL,A
300000186859982,South Campus,HCM_IMPL,A
300000187685606,Basel (Manufacturing Plant A),CURTIS.FEITTY,A
300000187685702,Basel (Maintenance Plant A),CURTIS.FEITTY,A
300000187685905,Geneva (Distribution Center 1),CURTIS.FEITTY,A
300000188095815,Washington DC,BETTY.ANDERSON,A
300000192798213,Düsseldorf,CURTIS.FEITTY,A
300000192798417,Potsdam,CURTIS.FEITTY,A
300000195690939,Florida,HCM_IMPL,A
300000212293306,Satellite,walter.gibson,A
300000215993720,Ottawa,FUSION_APPS_HCM_ESS_LOADER_APPID,A
300000215993726,Edmonton,FUSION_APPS_HCM_ESS_LOADER_APPID,A
300000215993734,Saskatoon,FUSION_APPS_HCM_ESS_LOADER_APPID,A
300000215993740,Gatineau,FUSION_APPS_HCM_ESS_LOADER_APPID,A
300000215993746,Quebec,FUSION_APPS_HCM_ESS_LOADER_APPID,A
300000219208931,"Topeka, KS",CURTIS.FEITTY,A
300000219208937,"Springfield, IL",CURTIS.FEITTY,A
300000219208943,"Juneau, AK",CURTIS.FEITTY,A
300000219208949,"Boston, MA",CURTIS.FEITTY,A
300000219208955,"Columbia, SC",CURTIS.FEITTY,A
300000219208961,"Frankfort, KY",CURTIS.FEITTY,A
300000219208967,"Austin, TX",CURTIS.FEITTY,A
300000219208973,"Salem, OR",CURTIS.FEITTY,A
300000219208979,"Nashville, TN",CURTIS.FEITTY,A
300000219208985,"Providence, RI",CURTIS.FEITTY,A
300000219208991,"Dover, DE",CURTIS.FEITTY,A
300000219208997,"Albany, NY",CURTIS.FEITTY,A
300000219209003,"Bismark, ND",CURTIS.FEITTY,A
300000219209009,"Pierre, SD",CURTIS.FEITTY,A
300000219209015,"Seaside, CA",CURTIS.FEITTY,A
300000219209021,"Carson City, NV",CURTIS.FEITTY,A
300000219209027,"Sacramento, CA",CURTIS.FEITTY,A
300000219209033,"Fayette, Alabama",CURTIS.FEITTY,A
300000219209039,"Indianapolis, IN",CURTIS.FEITTY,A
300000219209045,"Alexandria, VA",CURTIS.FEITTY,A
300000219209051,"Raleigh, NC",CURTIS.FEITTY,A
300000219209057,"St. Paul, MN",CURTIS.FEITTY,A
300000219209063,"Augusta, ME",CURTIS.FEITTY,A
300000219209069,"Hartford, CT",CURTIS.FEITTY,A
300000219209075,"Charleston, WV",CURTIS.FEITTY,A
300000219209081,"Olympia, WA",CURTIS.FEITTY,A
300000219209087,"Atlanta, Georgia, USA",CURTIS.FEITTY,A
300000219209093,"Concord, NH",CURTIS.FEITTY,A
300000219209099,"Cheyenne, WY",CURTIS.FEITTY,A
300000219209105,"Washington, District of Columbia",CURTIS.FEITTY,A
300000048645826,Berlin,HCM_IMPL,A
300000219209111,"Chicago, Illinois, USA",CURTIS.FEITTY,A
300000219209117,"Lansing, MI",CURTIS.FEITTY,A
300000219209123,"Trenton, NJ",CURTIS.FEITTY,A
300000219209129,"Harrisburg, PA",CURTIS.FEITTY,A
300000219209135,"Richmond, Virginia",CURTIS.FEITTY,A
300000219209141,"Montpelier, VT",CURTIS.FEITTY,A
300000219209147,"Jefferson City, MO",CURTIS.FEITTY,A
300000219209153,"Columbus, OH",CURTIS.FEITTY,A
300000219209159,"Tallahassee, FL",CURTIS.FEITTY,A
300000219209165,"Salt Lake City, UT",CURTIS.FEITTY,A
300000219209171,"Lincoln, NE",CURTIS.FEITTY,A
300000219209177,"Des Moines, IA",CURTIS.FEITTY,A
300000219209183,"Jackson, MS",CURTIS.FEITTY,A
300000219209189,"Phoenix, AZ",CURTIS.FEITTY,A
300000219209195,"San Juan, PR",CURTIS.FEITTY,A
300000219209201,"Baltimore, Maryland",CURTIS.FEITTY,A
300000219209207,"Santa Fe, NM",CURTIS.FEITTY,A
300000219209213,"Boise, ID",CURTIS.FEITTY,A
300000219209219,"Helena, MT",CURTIS.FEITTY,A
300000219209225,"Little Rock, AR",CURTIS.FEITTY,A
300000219209231,"San Francisco, CA",CURTIS.FEITTY,A
300000219209237,"Montgomery, AL",CURTIS.FEITTY,A
300000219209243,"Honolulu, HI",CURTIS.FEITTY,A
300000219209249,"Richmond, VA",CURTIS.FEITTY,A
300000219209255,"Madison, WI",CURTIS.FEITTY,A
300000219209261,"Baton Rouge, LA",CURTIS.FEITTY,A
300000219209267,"Annapolis, MD",CURTIS.FEITTY,A
300000219209273,"Traver, California",CURTIS.FEITTY,A
300000219209279,"Denver, CO",CURTIS.FEITTY,A
300000219209285,"Oklahoma City, OK",CURTIS.FEITTY,A
300000219226456,Maintenance Wondercare General Hospital,CURTIS.FEITTY,A
300000217225101,Reston VA,FIN_IMPL,A
300000222985708,"Fairfax, VA",HCM_IMPL,A
300000223001282,"Ames, IA",HCM_IMPL,A
300000222159846,Store 102 - Quebec,HCM_IMPL,A
300000222985617,"Richmond, VA",HCM_IMPL,A
300000223010373,"Peoria, IL",HCM_IMPL,A
300000223010464,"Bethesda, MD",HCM_IMPL,A
300000232397994,Fusion BU Location,FUSION_ERP,A
300000236103484,Eswar Fusion Location,FUSION_PAT,A
300000240816057,SR9_Location,SR9_IMPL,A
300000243040164,OpKey Location,HCM_IMPL,A
300000246806607,Delhi,Implementation.user,A
300000246907532,XYZ Media BU Location,Implementation.user,A
300000222985526,"Reston, VA",HCM_IMPL,A
300000239924602,PATHINFO BU LOCATION,PATH.INFO,A
300000246938467,XYZ_INV2,Implementation.user,A
300000246939053,XYZ_INV3,Implementation.user,A
300000246913359,XYZ_IMO_LOC1,Implementation.user,A
300000247113655,Tata Motors Chennai Plant,Tata.Motors,A
300000247316069,PUNE LOCATION,Implementation.user,A
300000247316166,AHMEDABAD LOCATION,Implementation.user,A
