PAYMENT_PROFILE_ID,PAYMENT_PROFILE_NAME,CREATED_BY
20098,Bank Transfer Request,SEED_DATA_FROM_APPLICATION
20099,Colombian Check 1,SEED_DATA_FROM_APPLICATION
20100,Colombian Check 2,SEED_DATA_FROM_APPLICATION
20101,Argentine Check,SEED_DATA_FROM_APPLICATION
20102,Brazilian Bordero,SEED_DATA_FROM_APPLICATION
20103,Brazilian Check,SEED_DATA_FROM_APPLICATION
20104,Chilean Check,SEED_DATA_FROM_APPLICATION
20105,German Check,SEED_DATA_FROM_APPLICATION
20106,German Check (Stub After Payment),SEED_DATA_FROM_APPLICATION
20107,Spanish Check,SEED_DATA_FROM_APPLICATION
20108,Standard Form Feed Check,SEED_DATA_FROM_APPLICATION
20109,Standard Form Feed Check (Stub After Payment),SEED_DATA_FROM_APPLICATION
20110,External Form Feed Check,SEED_DATA_FROM_APPLICATION
20111,External Form Feed Check (Stub After Payment),SEED_DATA_FROM_APPLICATION
20112,French Check,SEED_DATA_FROM_APPLICATION
20113,French Check (Stub After Payment),SEED_DATA_FROM_APPLICATION
20114,Laser Check,SEED_DATA_FROM_APPLICATION
20115,Laser Check (Stub After Payment),SEED_DATA_FROM_APPLICATION
20116,Portuguese Check,SEED_DATA_FROM_APPLICATION
20117,Standard Check,SEED_DATA_FROM_APPLICATION
20118,Standard Check (Stub After Payment),SEED_DATA_FROM_APPLICATION
20119,External Check,SEED_DATA_FROM_APPLICATION
20120,External Check (Stub After Payment),SEED_DATA_FROM_APPLICATION
20121,US Treasury,SEED_DATA_FROM_APPLICATION
20122,Oracle e-Commerce Gateway,SEED_DATA_FROM_APPLICATION
20123,ANSI X12 820,SEED_DATA_FROM_APPLICATION
20124,EDIFACT PAYMUL,SEED_DATA_FROM_APPLICATION
20125,SWIFT MT100,SEED_DATA_FROM_APPLICATION
20126,SWIFT MT103,SEED_DATA_FROM_APPLICATION
20127,UK BACS 1/2 Inch Tape,SEED_DATA_FROM_APPLICATION
20128,Swedish Domestic Bankgiro,SEED_DATA_FROM_APPLICATION
20129,Norwegian BBS,SEED_DATA_FROM_APPLICATION
20130,Polish Citibank MTMS EFT,SEED_DATA_FROM_APPLICATION
20131,Polish Pekao Credit Transfers,SEED_DATA_FROM_APPLICATION
20132,Belgian EFT,SEED_DATA_FROM_APPLICATION
20133,German Domestic EFT,SEED_DATA_FROM_APPLICATION
20134,Netherlands Domestic EFT,SEED_DATA_FROM_APPLICATION
20135,Swiss DTA,SEED_DATA_FROM_APPLICATION
20136,Spanish Magnetic,SEED_DATA_FROM_APPLICATION
20137,US Federal Bulk CCDP,SEED_DATA_FROM_APPLICATION
20138,US Federal Bulk NCR,SEED_DATA_FROM_APPLICATION
20139,US Federal Bulk Salary and Travel NCR,SEED_DATA_FROM_APPLICATION
20140,US Federal Bulk PPDP,SEED_DATA_FROM_APPLICATION
20141,US Federal CCDP Consolidated,SEED_DATA_FROM_APPLICATION
20142,US Federal CTX,SEED_DATA_FROM_APPLICATION
20143,US Federal CTX Consolidated,SEED_DATA_FROM_APPLICATION
20144,US Federal ECS CCD,SEED_DATA_FROM_APPLICATION
20145,US Federal ECS CCDP,SEED_DATA_FROM_APPLICATION
20146,US Federal ECS NCR,SEED_DATA_FROM_APPLICATION
20147,US Federal ECS PPD,SEED_DATA_FROM_APPLICATION
20148,US Federal ECS PPDP,SEED_DATA_FROM_APPLICATION
20149,US Federal PPDP Consolidated,SEED_DATA_FROM_APPLICATION
20150,US Federal SPS CCD,SEED_DATA_FROM_APPLICATION
20151,US Federal SPS CCDP,SEED_DATA_FROM_APPLICATION
20152,US Federal SPS NCR,SEED_DATA_FROM_APPLICATION
20153,US Federal SPS PPD,SEED_DATA_FROM_APPLICATION
20154,US Federal SPS PPDP,SEED_DATA_FROM_APPLICATION
20155,Belgian Foreign EFT,SEED_DATA_FROM_APPLICATION
20156,German International EFT,SEED_DATA_FROM_APPLICATION
20157,Netherlands Foreign EFT,SEED_DATA_FROM_APPLICATION
20158,Swedish Foreign Postgiro,SEED_DATA_FROM_APPLICATION
20159,French EFT,SEED_DATA_FROM_APPLICATION
20160,Italian EFT,SEED_DATA_FROM_APPLICATION
20161,Finnish LMP2 EFT,SEED_DATA_FROM_APPLICATION
20162,Finnish LMP3 EFT,SEED_DATA_FROM_APPLICATION
20163,Finnish LUM EFT,SEED_DATA_FROM_APPLICATION
20164,US NACHA CCDP,SEED_DATA_FROM_APPLICATION
20165,US NACHA CCD,SEED_DATA_FROM_APPLICATION
20166,US NACHA CTX,SEED_DATA_FROM_APPLICATION
20167,US NACHA PPD,SEED_DATA_FROM_APPLICATION
20168,US NACHA Generic,SEED_DATA_FROM_APPLICATION
20169,Polish Pekao Payment Order,SEED_DATA_FROM_APPLICATION
20170,Swedish Domestic Postgiro,SEED_DATA_FROM_APPLICATION
20171,Portuguese EFT,SEED_DATA_FROM_APPLICATION
20172,Swiss SAD,SEED_DATA_FROM_APPLICATION
20173,Swedish SISU Bankgiro,SEED_DATA_FROM_APPLICATION
20174,Norwegian Telepay EFT,SEED_DATA_FROM_APPLICATION
20175,Swedish UTLI Bankgiro,SEED_DATA_FROM_APPLICATION
20176,Japanese Zengin,SEED_DATA_FROM_APPLICATION
20177,Spanish Bill of Exchange,SEED_DATA_FROM_APPLICATION
20178,French Promissory Note,SEED_DATA_FROM_APPLICATION
20179,German Wire,SEED_DATA_FROM_APPLICATION
20180,Italian Wire,SEED_DATA_FROM_APPLICATION
20181,Portuguese Wire,SEED_DATA_FROM_APPLICATION
20379,ISO20022 CGI PAIN.001.001.03,SEED_DATA_FROM_APPLICATION
20380,ISO20022 SEPA v5.0,SEED_DATA_FROM_APPLICATION
20381,US NACHA IAT,SEED_DATA_FROM_APPLICATION
20383,French International EFT,SEED_DATA_FROM_APPLICATION
20395,PayPal,SEED_DATA_FROM_APPLICATION
20396,JPM ISO20022 CGI,SEED_DATA_FROM_APPLICATION
300000047479174,Laser Check - All Currency,FIN_IMPL
300000047479179,Standard Check - All Currency,FIN_IMPL
300000101102150,Japan Zengin EFT Format,FIN_IMPL
300000101102155,Japan Check,FIN_IMPL
300000132729348,Spain Check,FIN_IMPL
300000133247862,ISO SEPA,FIN_IMPL
300000137883911,SWEDEN BANKGIRO,FIN_IMPL
300000175356665,CH ISO20022 PAIN001.001.003(V2.0),FIN_IMPL
300000184841261,Standard Check INR,FIN_IMPL
300000194427174,Positive Pay CHECK,FIN_IMPL
300000194427179,Positive Pay EFT,FIN_IMPL
300000232661056,Fusion Payment Process Prolife,FUSION_ERP
300000235883639,FUSION NEW PPP,FUSION_PAT
300000243001608,OPKEY-PAYMENT-PROCESS-PROFILE,Opkey.Employee
300000244127787,OPKEY-PAY PROFILE,Opkey.Employee
300000246949777,XYZ PPP,Implementation.user
300100183857393,US Federal PAM Check,SEED_DATA_FROM_APPLICATION
300100183857404,US Federal PAM ACH,SEED_DATA_FROM_APPLICATION
300100183857409,US Federal SPS Check,SEED_DATA_FROM_APPLICATION
300100183857414,US Federal SPS ACH,SEED_DATA_FROM_APPLICATION
300100183857419,US Federal SPS Wire Same Day Payment,SEED_DATA_FROM_APPLICATION
