SYSTEM_PROFILE_CODE,SYSTEM_PROFILE_NAME,PROCESSING_TYPE,START_DATE,END_DATE,PAYMENT_FORMAT_CODE,CREATED_BY,CREATION_DATE
IBY_PAY_BANK_TRANSFER_REQ,Bank Transfer Request,PRINTED,1990-01-01T00:00:00.000+00:00,4712-12-31T00:00:00.000+00:00,IBY_PAY_BANK_TRANSFER_REQ,SEED_DATA_FROM_APPLICATION,2013-08-08T07:17:24.000+00:00
IBY_PAY_CHK_FORM_FEED_1,Standard Form Feed Check,PRINTED,1990-01-01T00:00:00.000+00:00,4712-12-31T00:00:00.000+00:00,IBY_PAY_CHK_FORM_FEED_1,SEED_DATA_FROM_APPLICATION,2013-08-08T07:17:26.233+00:00
IBY_PAY_CHK_FORM_FEED_1A,Standard Form Feed Check (Stub After Payment),PRINTED,1990-01-01T00:00:00.000+00:00,4712-12-31T00:00:00.000+00:00,IBY_PAY_CHK_FORM_FEED_1A,SEED_DATA_FROM_APPLICATION,2013-08-08T07:17:26.260+00:00
IBY_PAY_CHK_FORM_FEED_2,External Form Feed Check,PRINTED,1990-01-01T00:00:00.000+00:00,4712-12-31T00:00:00.000+00:00,IBY_PAY_CHK_FORM_FEED_2,SEED_DATA_FROM_APPLICATION,2013-08-08T07:17:26.290+00:00
IBY_PAY_CHK_FORM_FEED_2A,External Form Feed Check (Stub After Payment),PRINTED,1990-01-01T00:00:00.000+00:00,4712-12-31T00:00:00.000+00:00,IBY_PAY_CHK_FORM_FEED_2A,SEED_DATA_FROM_APPLICATION,2013-08-08T07:17:26.319+00:00
IBY_PAY_CHK_LASER,Laser Check,PRINTED,1990-01-01T00:00:00.000+00:00,4712-12-31T00:00:00.000+00:00,IBY_PAY_CHK_LASER,SEED_DATA_FROM_APPLICATION,2013-08-08T07:17:26.445+00:00
IBY_PAY_CHK_LASER_A,Laser Check (Stub After Payment),PRINTED,1990-01-01T00:00:00.000+00:00,4712-12-31T00:00:00.000+00:00,IBY_PAY_CHK_LASER_A,SEED_DATA_FROM_APPLICATION,2013-08-08T07:17:26.483+00:00
IBY_PAY_CHK_STANDARD_1A,Standard Check (Stub After Payment),PRINTED,1990-01-01T00:00:00.000+00:00,4712-12-31T00:00:00.000+00:00,IBY_PAY_CHK_STANDARD_1A,SEED_DATA_FROM_APPLICATION,2013-08-08T07:17:26.589+00:00
IBY_PAY_CHK_STANDARD_2,External Check,PRINTED,1990-01-01T00:00:00.000+00:00,4712-12-31T00:00:00.000+00:00,IBY_PAY_CHK_STANDARD_2,SEED_DATA_FROM_APPLICATION,2013-08-08T07:17:26.618+00:00
IBY_PAY_CHK_TREASURY,US Treasury,PRINTED,1990-01-01T00:00:00.000+00:00,4712-12-31T00:00:00.000+00:00,IBY_PAY_CHK_TREASURY,SEED_DATA_FROM_APPLICATION,2013-08-08T07:17:26.696+00:00
IBY_PAY_EDI_ANSI_X12_820,ANSI X12 820,ELECTRONIC,1990-01-01T00:00:00.000+00:00,4712-12-31T00:00:00.000+00:00,IBY_PAY_EDI_ANSI_X12_820,SEED_DATA_FROM_APPLICATION,2013-08-08T07:17:26.794+00:00
IBY_PAY_EDI_SWIFT_MT100,SWIFT MT100,ELECTRONIC,1990-01-01T00:00:00.000+00:00,4712-12-31T00:00:00.000+00:00,IBY_PAY_EDI_SWIFT_MT100,SEED_DATA_FROM_APPLICATION,2013-08-08T07:17:26.865+00:00
IBY_PAY_EDI_SWIFT_MT103,SWIFT MT103,ELECTRONIC,1990-01-01T00:00:00.000+00:00,4712-12-31T00:00:00.000+00:00,IBY_PAY_EDI_SWIFT_MT103,SEED_DATA_FROM_APPLICATION,2013-08-08T07:17:26.909+00:00
IBY_ISO20022_CGI,ISO20022 CGI PAIN.001.001.03,ELECTRONIC,2011-12-16T00:00:00.000+00:00,4712-12-31T00:00:00.000+00:00,IBY_ISO20022_CGI,SEED_DATA_FROM_APPLICATION,2014-07-16T15:50:32.000+00:00
IBY_ISO20022_SEPA,ISO20022 SEPA v5.0,ELECTRONIC,2011-12-16T00:00:00.000+00:00,4712-12-31T00:00:00.000+00:00,IBY_ISO20022_SEPA,SEED_DATA_FROM_APPLICATION,2014-07-16T15:50:34.759+00:00
IBY_PAY_CHK_LASER_ALL,Laser Check - All Currency,PRINTED,2012-01-01T00:00:00.000+00:00,4712-12-31T00:00:00.000+00:00,IBY_PAY_CHK_LASER,FIN_IMPL,2013-11-11T19:43:49.000+00:00
IBY_PAY_CHK_STANDARD_ALL,Standard Check - All Currency,PRINTED,2012-01-01T00:00:00.000+00:00,4712-12-31T00:00:00.000+00:00,IBY_PAY_CHK_STANDARD_1,FIN_IMPL,2013-11-11T19:47:56.235+00:00
JP_IBY_PAY_ZENGIN,Japan Zengin EFT Format,ELECTRONIC,2014-01-01T00:00:00.000+00:00,4712-12-31T00:00:00.000+00:00,IBY_PAY_EFT_ZENGIN_JP,FIN_IMPL,2015-03-31T21:40:10.068+00:00
JP_IBY_PAY_CHECK,Japan Check,PRINTED,2014-01-01T00:00:00.000+00:00,4712-12-31T00:00:00.000+00:00,IBY_PAY_BANK_TRANSFER_REQ,FIN_IMPL,2015-03-31T21:44:06.246+00:00
GSE_ES_IBY_PAY_CHK,Spain Check,PRINTED,2014-01-01T00:00:00.000+00:00,4712-12-31T00:00:00.000+00:00,IBY_PAY_CHK_ES,FIN_IMPL,2016-10-12T20:50:05.000+00:00
GSE_IBY_ISO20022_SEPA,ISO SEPA,ELECTRONIC,2014-01-01T00:00:00.000+00:00,4712-12-31T00:00:00.000+00:00,IBY_ISO20022_SEPA,FIN_IMPL,2016-10-21T18:32:12.000+00:00
CH_ISO20022_V2.0,CH ISO20022 PAIN001.001.003(V2.0),ELECTRONIC,2018-01-01T00:00:00.000+00:00,4712-12-31T00:00:00.000+00:00,CH_ISO20022_V2.0,FIN_IMPL,2018-10-05T06:43:07.000+00:00
GSE_SE_BG,SWEDEN BANKGIRO,ELECTRONIC,2001-01-01T00:00:00.000+00:00,4712-12-31T00:00:00.000+00:00,IBY_PAY_EFT_BANKGIRO_SE,FIN_IMPL,2017-02-02T21:40:49.000+00:00
Standard Check INR,Standard Check INR,PRINTED,2015-01-01T00:00:00.000+00:00,4712-12-31T00:00:00.000+00:00,IBY_PAY_CHK_STANDARD_1,FIN_IMPL,2019-07-03T05:49:33.000+00:00
POSITIVE_PAY_CHECK,Positive Pay CHECK,PRINTED,2011-01-01T00:00:00.000+00:00,4712-12-31T00:00:00.000+00:00,IBY_PAY_CHK_STANDARD_1,FIN_IMPL,2020-02-10T05:46:11.440+00:00
IBY_PAYPAL,PayPal,ELECTRONIC,2015-04-21T00:00:00.000+00:00,4712-12-31T00:00:00.000+00:00,IBY_PAY_EFT_PAYPAL,SEED_DATA_FROM_APPLICATION,2017-03-19T08:10:03.000+00:00
IBY_PAY_CHK_STANDARD_1,Standard Check,PRINTED,1990-01-01T00:00:00.000+00:00,4712-12-31T00:00:00.000+00:00,IBY_PAY_CHK_STANDARD_1,SEED_DATA_FROM_APPLICATION,2013-08-08T07:17:26.560+00:00
IBY_PAY_CHK_STANDARD_2A,External Check (Stub After Payment),PRINTED,1990-01-01T00:00:00.000+00:00,4712-12-31T00:00:00.000+00:00,IBY_PAY_CHK_STANDARD_2A,SEED_DATA_FROM_APPLICATION,2013-08-08T07:17:26.664+00:00
IBY_PAY_EDI_PAYMUL,EDIFACT PAYMUL,ELECTRONIC,1990-01-01T00:00:00.000+00:00,4712-12-31T00:00:00.000+00:00,IBY_PAY_EDI_PAYMUL,SEED_DATA_FROM_APPLICATION,2013-08-08T07:17:26.829+00:00
Fusion_PPP,Fusion Payment Process Prolife,PRINTED,2021-09-14T00:00:00.000+00:00,4712-12-31T00:00:00.000+00:00,IBY_PAY_CHK_STANDARD_1,FUSION_ERP,2021-09-14T12:44:35.000+00:00
FUSION NEW PPP,FUSION NEW PPP,PRINTED,2021-10-01T00:00:00.000+00:00,4712-12-31T00:00:00.000+00:00,IBY_PAY_CHK_STANDARD_1,FUSION_PAT,2021-11-06T07:36:47.000+00:00
OPKEY_PAYMENT_PROCESS_PROFILE,OPKEY-PAYMENT-PROCESS-PROFILE,ELECTRONIC,2022-03-01T00:00:00.000+00:00,4712-12-31T00:00:00.000+00:00,IBY_PAY_CHK_STANDARD_1,Opkey.Employee,2022-03-24T10:01:29.000+00:00
OPKEY-PAY PROFILE,OPKEY-PAY PROFILE,ELECTRONIC,2022-05-03T00:00:00.000+00:00,4712-12-31T00:00:00.000+00:00,IBY_PAY_CHK_STANDARD_1,Opkey.Employee,2022-05-03T12:15:18.000+00:00
IBY_JPMC_ISO20022_CGI,JPM ISO20022 CGI,ELECTRONIC,2022-02-01T00:00:00.000+00:00,4712-12-31T00:00:00.000+00:00,IBY_JPMC_ISO20022_CGI,SEED_DATA_FROM_APPLICATION,2022-07-20T04:57:14.888+00:00
XYX_PPP,XYZ PPP,ELECTRONIC,2022-04-01T00:00:00.000+00:00,4712-12-31T00:00:00.000+00:00,IBY_PAY_BANK_TRANSFER_REQ,Implementation.user,2022-09-28T04:33:51.000+00:00
IBY_FV_PAY_EFT_SPS_ACH,US Federal SPS ACH,ELECTRONIC,2020-04-22T00:00:00.000+00:00,4712-12-31T00:00:00.000+00:00,IBY_FV_PAY_EFT_SPS,SEED_DATA_FROM_APPLICATION,2020-09-18T19:12:00.530+00:00
IBY_FV_PAY_EFT_PAM_ACH,US Federal PAM ACH,ELECTRONIC,2020-04-22T00:00:00.000+00:00,4712-12-31T00:00:00.000+00:00,IBY_FV_PAY_EFT_PAM,SEED_DATA_FROM_APPLICATION,2020-09-18T19:12:00.530+00:00
IBY_FV_PAY_EFT_PAM_CHK,US Federal PAM Check,ELECTRONIC,2020-04-22T00:00:00.000+00:00,4712-12-31T00:00:00.000+00:00,IBY_FV_PAY_CHK_PAM,SEED_DATA_FROM_APPLICATION,2020-09-18T19:12:00.530+00:00
IBY_FV_PAY_EFT_SPS_CHK,US Federal SPS Check,ELECTRONIC,2020-04-22T00:00:00.000+00:00,4712-12-31T00:00:00.000+00:00,IBY_FV_PAY_CHK_SPS,SEED_DATA_FROM_APPLICATION,2020-09-18T19:12:00.530+00:00
IBY_FV_PAY_EFT_SPS_SDP,US Federal SPS Wire Same Day Payment,ELECTRONIC,2020-04-22T00:00:00.000+00:00,4712-12-31T00:00:00.000+00:00,IBY_FV_PAY_EFT_SPS_SDP,SEED_DATA_FROM_APPLICATION,2020-09-18T19:12:00.530+00:00
