PAYMENT_METHOD_CODE,PAYMENT_METHOD_NAME,LANGUAGE,CREATED_BY
ACH,ACH (e-Commerce Gateway),US,SEED_DATA_FROM_APPLICATION
BACS,BACS (e-Commerce Gateway),US,SEED_DATA_FROM_APPLICATION
BILLS_PAYABLE,Bills Payable,US,SEED_DATA_FROM_APPLICATION
BOP,BOP (e-Commerce Gateway),US,SEED_DATA_FROM_APPLICATION
CHECK,Check,US,SEED_DATA_FROM_APPLICATION
CLEARING,Clearing,US,SEED_DATA_FROM_APPLICATION
CWT,CWT (e-Commerce Gateway),US,SEED_DATA_FROM_APPLICATION
DK_1,Domestic Check,US,SEED_DATA_FROM_APPLICATION
DK_10,Foreign Transfer with Exchange and Green Notice,US,SEED_DATA_FROM_APPLICATION
DK_2,Domestic Transfer Short Notice,US,SEED_DATA_FROM_APPLICATION
DK_3,Domestic Transfer Long Notice,US,SEED_DATA_FROM_APPLICATION
DK_4,"Giro Inpayment Form, Type 01",US,SEED_DATA_FROM_APPLICATION
DK_5,"Giro Inpayment Form, Type 04",US,SEED_DATA_FROM_APPLICATION
DK_6,"Giro Inpayment Form, Type 15",US,SEED_DATA_FROM_APPLICATION
DK_7,"Giro Inpayment Form, Type 71",US,SEED_DATA_FROM_APPLICATION
DK_8,Foreign Check Sent to Payee,US,SEED_DATA_FROM_APPLICATION
DK_9,Foreign Check Sent to Payer,US,SEED_DATA_FROM_APPLICATION
EFT,Electronic,US,SEED_DATA_FROM_APPLICATION
FEW,FEW (e-Commerce Gateway),US,SEED_DATA_FROM_APPLICATION
FWT,FWT (e-Commerce Gateway),US,SEED_DATA_FROM_APPLICATION
OUTSOURCED_CHECK,Outsourced Check,US,SEED_DATA_FROM_APPLICATION
SWT,SWT (e-Commerce Gateway),US,SEED_DATA_FROM_APPLICATION
WIRE,Wire,US,SEED_DATA_FROM_APPLICATION
ZZZ,ZZZ (e-Commerce Gateway),US,SEED_DATA_FROM_APPLICATION
ACH,ACH (بوابة التجارة الإلكترونية),AR,SEED_DATA_FROM_APPLICATION
BACS,BACS (بوابة التجارة الإلكترونية),AR,SEED_DATA_FROM_APPLICATION
BILLS_PAYABLE,أوراق الدفع,AR,SEED_DATA_FROM_APPLICATION
BOP,BOP (بوابة التجارة الإلكترونية),AR,SEED_DATA_FROM_APPLICATION
CHECK,شيك,AR,SEED_DATA_FROM_APPLICATION
CLEARING,المقاصة,AR,SEED_DATA_FROM_APPLICATION
CWT,CWT (بوابة التجارة الإلكترونية),AR,SEED_DATA_FROM_APPLICATION
DK_1,شيك محلي,AR,SEED_DATA_FROM_APPLICATION
DK_10,تحويل أجنبي بإشعار أخضر وسعر صرف,AR,SEED_DATA_FROM_APPLICATION
DK_2,تحويل محلي - إشعار مختصر,AR,SEED_DATA_FROM_APPLICATION
DK_3,تحويل محلي - إشعار طويل,AR,SEED_DATA_FROM_APPLICATION
DK_4,نموذج دفع جيرو، النوع 01,AR,SEED_DATA_FROM_APPLICATION
DK_5,نموذج دفع جيرو، النوع 04,AR,SEED_DATA_FROM_APPLICATION
DK_6,نموذج دفع جيرو، النوع 15,AR,SEED_DATA_FROM_APPLICATION
DK_7,نموذج دفع جيرو، النوع 71,AR,SEED_DATA_FROM_APPLICATION
DK_8,شيك أجنبي مرسل للمدفوع له,AR,SEED_DATA_FROM_APPLICATION
DK_9,شيك أجنبي مرسل للدافع,AR,SEED_DATA_FROM_APPLICATION
EFT,إلكتروني,AR,SEED_DATA_FROM_APPLICATION
FEW,FEW (بوابة التجارة الإلكترونية),AR,SEED_DATA_FROM_APPLICATION
FWT,FWT (بوابة التجارة الإلكترونية),AR,SEED_DATA_FROM_APPLICATION
OUTSOURCED_CHECK,شيك خارجي,AR,SEED_DATA_FROM_APPLICATION
SWT,SWT (بوابة التجارة الإلكترونية),AR,SEED_DATA_FROM_APPLICATION
WIRE,برقيا,AR,SEED_DATA_FROM_APPLICATION
ZZZ,ZZZ (بوابة التجارة الإلكترونية),AR,SEED_DATA_FROM_APPLICATION
EFT-SEPA,Electronic - SEPA,ZHT,FIN_IMPL
EFT-SEPA,Electronic - SEPA,ZHS,FIN_IMPL
EFT-SEPA,Electronic - SEPA,TR,FIN_IMPL
EFT-SEPA,Electronic - SEPA,SF,FIN_IMPL
EFT-SEPA,Electronic - SEPA,S,FIN_IMPL
EFT-SEPA,Electronic - SEPA,RU,FIN_IMPL
EFT-SEPA,Electronic - SEPA,RO,FIN_IMPL
EFT-SEPA,Electronic - SEPA,PTB,FIN_IMPL
EFT-SEPA,Electronic - SEPA,PL,FIN_IMPL
EFT-SEPA,Electronic - SEPA,NL,FIN_IMPL
EFT-SEPA,Electronic - SEPA,N,FIN_IMPL
EFT-SEPA,Electronic - SEPA,KO,FIN_IMPL
EFT-SEPA,Electronic - SEPA,JA,FIN_IMPL
EFT-SEPA,Electronic - SEPA,IW,FIN_IMPL
EFT-SEPA,Electronic - SEPA,I,FIN_IMPL
EFT-SEPA,Electronic - SEPA,FRC,FIN_IMPL
EFT-SEPA,Electronic - SEPA,F,FIN_IMPL
ACH,ACH (modul e-Commerce Gateway),CS,SEED_DATA_FROM_APPLICATION
BACS,BACS (modul e-Commerce Gateway),CS,SEED_DATA_FROM_APPLICATION
BILLS_PAYABLE,Směnečné závazky,CS,SEED_DATA_FROM_APPLICATION
BOP,BOP (modul e-Commerce Gateway),CS,SEED_DATA_FROM_APPLICATION
CHECK,Šek,CS,SEED_DATA_FROM_APPLICATION
CLEARING,Vypořádání ,CS,SEED_DATA_FROM_APPLICATION
CWT,CWT (modul e-Commerce Gateway),CS,SEED_DATA_FROM_APPLICATION
DK_1,Šek v tuzemské měně,CS,SEED_DATA_FROM_APPLICATION
DK_10,Převod do zahraničí se směnou a zeleným upozorněním,CS,SEED_DATA_FROM_APPLICATION
DK_2,Převod v tuzemské měně - krátká zpráva,CS,SEED_DATA_FROM_APPLICATION
DK_3,Převod v tuzemské měně - dlouhá zpráva,CS,SEED_DATA_FROM_APPLICATION
DK_4,Formulář pro platbu žira - typ 01,CS,SEED_DATA_FROM_APPLICATION
DK_5,Formulář pro platbu žira - typ 04,CS,SEED_DATA_FROM_APPLICATION
DK_6,Formulář pro platbu žira - typ 15,CS,SEED_DATA_FROM_APPLICATION
DK_7,Formulář pro platbu žira - typ 71,CS,SEED_DATA_FROM_APPLICATION
DK_8,Šek v cizí měně odeslaný příjemci,CS,SEED_DATA_FROM_APPLICATION
DK_9,Šek v cizí měně odeslaný plátci,CS,SEED_DATA_FROM_APPLICATION
EFT,Elektronicky,CS,SEED_DATA_FROM_APPLICATION
FEW,FEW (modul e-Commerce Gateway),CS,SEED_DATA_FROM_APPLICATION
FWT,FWT (modul e-Commerce Gateway),CS,SEED_DATA_FROM_APPLICATION
OUTSOURCED_CHECK,Šek vytištěný externím dodavatelem,CS,SEED_DATA_FROM_APPLICATION
SWT,SWT (modul e-Commerce Gateway),CS,SEED_DATA_FROM_APPLICATION
WIRE,Telegraficky,CS,SEED_DATA_FROM_APPLICATION
ZZZ,ZZZ (modul e-Commerce Gateway),CS,SEED_DATA_FROM_APPLICATION
ACH,ACH (e-Commerce Gateway),DK,SEED_DATA_FROM_APPLICATION
BACS,BACS (e-Commerce Gateway),DK,SEED_DATA_FROM_APPLICATION
BILLS_PAYABLE,Veksler,DK,SEED_DATA_FROM_APPLICATION
BOP,BOP (e-Commerce Gateway),DK,SEED_DATA_FROM_APPLICATION
CHECK,Check,DK,SEED_DATA_FROM_APPLICATION
CLEARING,Afregning,DK,SEED_DATA_FROM_APPLICATION
CWT,CWT (e-Commerce Gateway),DK,SEED_DATA_FROM_APPLICATION
DK_1,Dansk check,DK,SEED_DATA_FROM_APPLICATION
DK_10,"Udenlandsk overførsel, standard",DK,SEED_DATA_FROM_APPLICATION
DK_2,Dansk kontooverførsel med kort advisering,DK,SEED_DATA_FROM_APPLICATION
DK_3,Dansk kontooverførsel med udvidet advisering,DK,SEED_DATA_FROM_APPLICATION
DK_4,"Indenlandsk indbetalingskort, kortart 01",DK,SEED_DATA_FROM_APPLICATION
DK_5,"Indenlandsk indbetalingskort, kortart 04",DK,SEED_DATA_FROM_APPLICATION
DK_6,"Indenlandsk indbetalingskort, kortart 15",DK,SEED_DATA_FROM_APPLICATION
DK_7,"Indenlandsk indbetalingskort, kortart 71",DK,SEED_DATA_FROM_APPLICATION
DK_8,Udenlandsk check sendt til checkmodtager,DK,SEED_DATA_FROM_APPLICATION
DK_9,Udenlandsk check sendt til checkafsender,DK,SEED_DATA_FROM_APPLICATION
EFT,Elektronisk,DK,SEED_DATA_FROM_APPLICATION
FEW,FEW (e-Commerce Gateway),DK,SEED_DATA_FROM_APPLICATION
FWT,FWT (e-Commerce Gateway),DK,SEED_DATA_FROM_APPLICATION
OUTSOURCED_CHECK,Outsourcet check,DK,SEED_DATA_FROM_APPLICATION
SWT,SWT (e-Commerce Gateway),DK,SEED_DATA_FROM_APPLICATION
WIRE,Elektronisk,DK,SEED_DATA_FROM_APPLICATION
ZZZ,ZZZ (e-Commerce Gateway),DK,SEED_DATA_FROM_APPLICATION
ACH,ACH (e-Commerce Gateway),D,SEED_DATA_FROM_APPLICATION
BACS,BACS (e-Commerce Gateway),D,SEED_DATA_FROM_APPLICATION
BILLS_PAYABLE,Wechselverbindlichkeit,D,SEED_DATA_FROM_APPLICATION
BOP,BOP (e-Commerce Gateway),D,SEED_DATA_FROM_APPLICATION
CHECK,Scheck,D,SEED_DATA_FROM_APPLICATION
CLEARING,Verrechnung,D,SEED_DATA_FROM_APPLICATION
CWT,CWT (e-Commerce Gateway),D,SEED_DATA_FROM_APPLICATION
DK_1,Inlandsscheck,D,SEED_DATA_FROM_APPLICATION
DK_10,Auslandsüberweisung mit Benachrichtigung zu Umrechnungskursen/grünen Kursen,D,SEED_DATA_FROM_APPLICATION
DK_2,Inlandsüberweisung (Kurzbenachrichtigung),D,SEED_DATA_FROM_APPLICATION
DK_3,Inlandsüberweisung (reguläre Benachrichtigung),D,SEED_DATA_FROM_APPLICATION
DK_4,"Giroeinzahlung, Typ 01",D,SEED_DATA_FROM_APPLICATION
DK_5,"Giroeinzahlung, Typ 04",D,SEED_DATA_FROM_APPLICATION
DK_6,"Giroeinzahlung, Typ 15",D,SEED_DATA_FROM_APPLICATION
DK_7,"Giroeinzahlung, Typ 71",D,SEED_DATA_FROM_APPLICATION
DK_8,Auslandsscheck an Zahlungsempfänger gesendet,D,SEED_DATA_FROM_APPLICATION
DK_9,Auslandsscheck an Zahler gesendet,D,SEED_DATA_FROM_APPLICATION
EFT,Elektronisch,D,SEED_DATA_FROM_APPLICATION
FEW,FEW (e-Commerce Gateway),D,SEED_DATA_FROM_APPLICATION
FWT,FWT (e-Commerce Gateway),D,SEED_DATA_FROM_APPLICATION
OUTSOURCED_CHECK,Externer Scheck,D,SEED_DATA_FROM_APPLICATION
SWT,SWT (e-Commerce Gateway),D,SEED_DATA_FROM_APPLICATION
WIRE,Überweisung,D,SEED_DATA_FROM_APPLICATION
ZZZ,ZZZ (e-Commerce Gateway),D,SEED_DATA_FROM_APPLICATION
ACH,ACH (e-Commerce Gateway),E,SEED_DATA_FROM_APPLICATION
BACS,BACS (e-Commerce Gateway),E,SEED_DATA_FROM_APPLICATION
BILLS_PAYABLE,Letras a pagar,E,SEED_DATA_FROM_APPLICATION
BOP,BOP (e-Commerce Gateway),E,SEED_DATA_FROM_APPLICATION
CHECK,Cheque,E,SEED_DATA_FROM_APPLICATION
CLEARING,Compensación,E,SEED_DATA_FROM_APPLICATION
CWT,CWT (e-Commerce Gateway),E,SEED_DATA_FROM_APPLICATION
DK_1,Cheque nacional,E,SEED_DATA_FROM_APPLICATION
DK_10,Transferencia en moneda extranjera con cambio y notificación consultiva,E,SEED_DATA_FROM_APPLICATION
DK_2,Notificación breve de transferencia en moneda nacional,E,SEED_DATA_FROM_APPLICATION
DK_3,Notificación extensa de transferencia en moneda nacional,E,SEED_DATA_FROM_APPLICATION
DK_4,"Formulario de giro postal, tipo 01",E,SEED_DATA_FROM_APPLICATION
DK_5,"Formulario de giro postal, tipo 04",E,SEED_DATA_FROM_APPLICATION
DK_6,"Formulario de giro postal, tipo 15",E,SEED_DATA_FROM_APPLICATION
DK_7,"Formulario de giro postal, tipo 71",E,SEED_DATA_FROM_APPLICATION
DK_8,Cheque en moneda extranjera enviado a beneficiario,E,SEED_DATA_FROM_APPLICATION
DK_9,Cheque en moneda extranjera enviado a pagador,E,SEED_DATA_FROM_APPLICATION
EFT,Electrónico,E,SEED_DATA_FROM_APPLICATION
FEW,FEW (e-Commerce Gateway),E,SEED_DATA_FROM_APPLICATION
FWT,FWT (e-Commerce Gateway),E,SEED_DATA_FROM_APPLICATION
OUTSOURCED_CHECK,Cheque de terceros,E,SEED_DATA_FROM_APPLICATION
SWT,SWT (e-Commerce Gateway),E,SEED_DATA_FROM_APPLICATION
WIRE,Giro,E,SEED_DATA_FROM_APPLICATION
ZZZ,ZZZ (e-Commerce Gateway),E,SEED_DATA_FROM_APPLICATION
ACH,ACH (Sähköisen kaupankäynnin yhdyskäytävä),SF,SEED_DATA_FROM_APPLICATION
BACS,BACS (Sähköisen kaupankäynnin yhdyskäytävä),SF,SEED_DATA_FROM_APPLICATION
BILLS_PAYABLE,Ostoreskontran laskut,SF,SEED_DATA_FROM_APPLICATION
BOP,BOP (Sähköisen kaupankäynnin yhdyskäytävä),SF,SEED_DATA_FROM_APPLICATION
CHECK,Sekki,SF,SEED_DATA_FROM_APPLICATION
CLEARING,Selvitys,SF,SEED_DATA_FROM_APPLICATION
CWT,CWT (Sähköisen kaupankäynnin yhdyskäytävä),SF,SEED_DATA_FROM_APPLICATION
DK_1,Kotimaan sekki,SF,SEED_DATA_FROM_APPLICATION
DK_10,Ulkomaan siirto sisältäen valuutanvaihdon ja vihreän ilmoituksen ,SF,SEED_DATA_FROM_APPLICATION
DK_2,Kotimaan siirron lyhyt ilmoitus,SF,SEED_DATA_FROM_APPLICATION
DK_3,Kotimaan siirron pitkä ilmoitus,SF,SEED_DATA_FROM_APPLICATION
DK_4,"Tilisiirtosuorituslomake, tyyppi 01",SF,SEED_DATA_FROM_APPLICATION
DK_5,"Tilisiirtosuorituslomake, tyyppi 04",SF,SEED_DATA_FROM_APPLICATION
DK_6,"Tilisiirtosuorituslomake, tyyppi 15",SF,SEED_DATA_FROM_APPLICATION
DK_7,"Tilisiirtosuorituslomake, tyyppi 71",SF,SEED_DATA_FROM_APPLICATION
DK_8,Ulkomaan sekki lähetetty maksun saajalle,SF,SEED_DATA_FROM_APPLICATION
DK_9,Ulkomaan sekki lähetetty maksajalle,SF,SEED_DATA_FROM_APPLICATION
EFT,Elektroninen,SF,SEED_DATA_FROM_APPLICATION
FEW,FEW (Sähköisen kaupankäynnin yhdyskäytävä),SF,SEED_DATA_FROM_APPLICATION
FWT,FWT (Sähköisen kaupankäynnin yhdyskäytävä),SF,SEED_DATA_FROM_APPLICATION
OUTSOURCED_CHECK,Ulkoistettu sekki,SF,SEED_DATA_FROM_APPLICATION
SWT,SWT (Sähköisen kaupankäynnin yhdyskäytävä),SF,SEED_DATA_FROM_APPLICATION
WIRE,Pikamääräys,SF,SEED_DATA_FROM_APPLICATION
ZZZ,ZZZ (Sähköisen kaupankäynnin yhdyskäytävä),SF,SEED_DATA_FROM_APPLICATION
ACH,ACH (e-Commerce Gateway),F,SEED_DATA_FROM_APPLICATION
BACS,BACS (e-Commerce Gateway),F,SEED_DATA_FROM_APPLICATION
BILLS_PAYABLE,Effets à payer,F,SEED_DATA_FROM_APPLICATION
BOP,BOP (e-Commerce Gateway),F,SEED_DATA_FROM_APPLICATION
CHECK,Chèque,F,SEED_DATA_FROM_APPLICATION
CLEARING,Compensation,F,SEED_DATA_FROM_APPLICATION
CWT,CWT (e-Commerce Gateway),F,SEED_DATA_FROM_APPLICATION
DK_1,Chèque national,F,SEED_DATA_FROM_APPLICATION
DK_10,Transfert étranger accompagné d'un avis d'échange vert,F,SEED_DATA_FROM_APPLICATION
DK_2,Avis à court terme de transfert national,F,SEED_DATA_FROM_APPLICATION
DK_3,Avis à long terme de transfert national,F,SEED_DATA_FROM_APPLICATION
DK_4,Type de formulaire de paiement par virement 01,F,SEED_DATA_FROM_APPLICATION
DK_5,Type de formulaire de paiement par virement 04,F,SEED_DATA_FROM_APPLICATION
DK_6,Type de formulaire de paiement par virement 15,F,SEED_DATA_FROM_APPLICATION
DK_7,Type de formulaire de paiement par virement 71,F,SEED_DATA_FROM_APPLICATION
DK_8,Chèque étranger envoyé au bénéficiaire,F,SEED_DATA_FROM_APPLICATION
DK_9,Chèque étranger envoyé au payeur,F,SEED_DATA_FROM_APPLICATION
EFT,Electronique,F,SEED_DATA_FROM_APPLICATION
FEW,FEW (e-Commerce Gateway),F,SEED_DATA_FROM_APPLICATION
FWT,FWT (e-Commerce Gateway),F,SEED_DATA_FROM_APPLICATION
OUTSOURCED_CHECK,Chèque externalisé,F,SEED_DATA_FROM_APPLICATION
SWT,SWT (e-Commerce Gateway),F,SEED_DATA_FROM_APPLICATION
WIRE,Télévirement,F,SEED_DATA_FROM_APPLICATION
ZZZ,ZZZ (e-Commerce Gateway),F,SEED_DATA_FROM_APPLICATION
ACH,ACH (e-Commerce Gateway),FRC,SEED_DATA_FROM_APPLICATION
BACS,BACS (e-Commerce Gateway),FRC,SEED_DATA_FROM_APPLICATION
BILLS_PAYABLE,Effets à payer,FRC,SEED_DATA_FROM_APPLICATION
BOP,BOP (e-Commerce Gateway),FRC,SEED_DATA_FROM_APPLICATION
CHECK,Chèque,FRC,SEED_DATA_FROM_APPLICATION
CLEARING,Compensation,FRC,SEED_DATA_FROM_APPLICATION
CWT,CWT (e-Commerce Gateway),FRC,SEED_DATA_FROM_APPLICATION
DK_1,Chèque en devise nationale,FRC,SEED_DATA_FROM_APPLICATION
DK_10,Transfert en devise avec opération de change et avis vert,FRC,SEED_DATA_FROM_APPLICATION
DK_2,Avis à court terme de transfert interne,FRC,SEED_DATA_FROM_APPLICATION
DK_3,Avis à long terme de transfert interne,FRC,SEED_DATA_FROM_APPLICATION
DK_4,"Écran d'encaissement giro, type 01",FRC,SEED_DATA_FROM_APPLICATION
DK_5,"Écran d'encaissement giro, type 04",FRC,SEED_DATA_FROM_APPLICATION
DK_6,"Écran d'encaissement giro, type 15",FRC,SEED_DATA_FROM_APPLICATION
DK_7,"Écran d'encaissement giro, type 71",FRC,SEED_DATA_FROM_APPLICATION
DK_8,Chèque en devise étrangère envoyé au bénéficiaire,FRC,SEED_DATA_FROM_APPLICATION
DK_9,Chèque en devise étrangère envoyé au payeur,FRC,SEED_DATA_FROM_APPLICATION
EFT,Électronique,FRC,SEED_DATA_FROM_APPLICATION
FEW,FEW (e-Commerce Gateway),FRC,SEED_DATA_FROM_APPLICATION
FWT,FWT (e-Commerce Gateway),FRC,SEED_DATA_FROM_APPLICATION
OUTSOURCED_CHECK,Impression du chèque externalisée,FRC,SEED_DATA_FROM_APPLICATION
SWT,SWT (e-Commerce Gateway),FRC,SEED_DATA_FROM_APPLICATION
WIRE,Câble,FRC,SEED_DATA_FROM_APPLICATION
ZZZ,ZZZ (e-Commerce Gateway),FRC,SEED_DATA_FROM_APPLICATION
ACH,ACH (elektronikus kereskedelmi átjáró),HU,SEED_DATA_FROM_APPLICATION
BACS,BACS (elektronikus kereskedelmi átjáró),HU,SEED_DATA_FROM_APPLICATION
BILLS_PAYABLE,Váltók,HU,SEED_DATA_FROM_APPLICATION
BOP,BOP (elektronikus kereskedelmi átjáró),HU,SEED_DATA_FROM_APPLICATION
CHECK,Csekk,HU,SEED_DATA_FROM_APPLICATION
CLEARING,Elszámolás,HU,SEED_DATA_FROM_APPLICATION
CWT,CWT (elektronikus kereskedelmi átjáró),HU,SEED_DATA_FROM_APPLICATION
DK_1,Belföldi csekk,HU,SEED_DATA_FROM_APPLICATION
DK_10,Devizaátutalás átváltással és zöld bizonylattal,HU,SEED_DATA_FROM_APPLICATION
DK_2,Belföldi átutalás rövid határidővel,HU,SEED_DATA_FROM_APPLICATION
DK_3,Belföldi átutalás hosszú határidővel,HU,SEED_DATA_FROM_APPLICATION
DK_4,1. típusú zsíró befizetési űrlap,HU,SEED_DATA_FROM_APPLICATION
DK_5,4. típusú zsíró befizetési űrlap,HU,SEED_DATA_FROM_APPLICATION
DK_6,15. típusú zsíró befizetési űrlap,HU,SEED_DATA_FROM_APPLICATION
DK_7,71. típusú zsíró befizetési űrlap,HU,SEED_DATA_FROM_APPLICATION
DK_8,A kedvezményezettnek küldött külföldi csekk,HU,SEED_DATA_FROM_APPLICATION
DK_9,A kifizetőnek küldött külföldi csekk,HU,SEED_DATA_FROM_APPLICATION
EFT,Elektronikus,HU,SEED_DATA_FROM_APPLICATION
FEW,FEW (elektronikus kereskedelmi átjáró),HU,SEED_DATA_FROM_APPLICATION
FWT,FWT (elektronikus kereskedelmi átjáró),HU,SEED_DATA_FROM_APPLICATION
OUTSOURCED_CHECK,Kiszervezett csekk,HU,SEED_DATA_FROM_APPLICATION
SWT,SWT (elektronikus kereskedelmi átjáró),HU,SEED_DATA_FROM_APPLICATION
WIRE,Átutalás,HU,SEED_DATA_FROM_APPLICATION
ZZZ,ZZZ (elektronikus kereskedelmi átjáró),HU,SEED_DATA_FROM_APPLICATION
ACH,Stanza liquidazione automatica (gateway e-commerce),I,SEED_DATA_FROM_APPLICATION
BACS,Sistema automatico liquidazione banche (gateway e-commerce),I,SEED_DATA_FROM_APPLICATION
BILLS_PAYABLE,Transazioni di pagamento,I,SEED_DATA_FROM_APPLICATION
BOP,BOP (gateway e-commerce),I,SEED_DATA_FROM_APPLICATION
CHECK,Assegno,I,SEED_DATA_FROM_APPLICATION
CLEARING,Liquidazione,I,SEED_DATA_FROM_APPLICATION
CWT,CWT (gateway e-commerce),I,SEED_DATA_FROM_APPLICATION
DK_1,Assegno nazionale,I,SEED_DATA_FROM_APPLICATION
DK_10,Trasferimento estero con cambio e Green Notice,I,SEED_DATA_FROM_APPLICATION
DK_2,Avviso breve trasferimento nazionale,I,SEED_DATA_FROM_APPLICATION
DK_3,Avviso lungo trasferimento nazionale,I,SEED_DATA_FROM_APPLICATION
DK_4,"Maschera Giro inpayment, tipo 01",I,SEED_DATA_FROM_APPLICATION
DK_5,"Maschera Giro inpayment, tipo 04",I,SEED_DATA_FROM_APPLICATION
DK_6,"Maschera Giro inpayment, tipo 15",I,SEED_DATA_FROM_APPLICATION
DK_7,"Maschera Giro inpayment, tipo 71",I,SEED_DATA_FROM_APPLICATION
DK_8,Assegno estero inviato a beneficiario,I,SEED_DATA_FROM_APPLICATION
DK_9,Assegno estero inviato a responsabile pagamento,I,SEED_DATA_FROM_APPLICATION
EFT,Elettronico,I,SEED_DATA_FROM_APPLICATION
FEW,FEW (gateway e-commerce),I,SEED_DATA_FROM_APPLICATION
FWT,FWT (gateway e-commerce),I,SEED_DATA_FROM_APPLICATION
OUTSOURCED_CHECK,Assegno gestito esternamente,I,SEED_DATA_FROM_APPLICATION
SWT,SWT (gateway e-commerce),I,SEED_DATA_FROM_APPLICATION
WIRE,Bonifico,I,SEED_DATA_FROM_APPLICATION
ZZZ,ZZZ (gateway e-commerce),I,SEED_DATA_FROM_APPLICATION
ACH,ACH - שער למסחר אלקטרוני,IW,SEED_DATA_FROM_APPLICATION
BACS,BACS - שער למסחר אלקטרוני,IW,SEED_DATA_FROM_APPLICATION
BILLS_PAYABLE,שטרות לשלם,IW,SEED_DATA_FROM_APPLICATION
BOP,BOP - שער למסחר אלקטרוני,IW,SEED_DATA_FROM_APPLICATION
CHECK,שיק,IW,SEED_DATA_FROM_APPLICATION
CLEARING,סליקה,IW,SEED_DATA_FROM_APPLICATION
CWT,CWT - שער למסחר אלקטרוני,IW,SEED_DATA_FROM_APPLICATION
DK_1,שיק מקומי,IW,SEED_DATA_FROM_APPLICATION
DK_10,העברה לחו\""ל עם חליפין והודעה ירוקה,IW,SEED_DATA_FROM_APPLICATION
DK_2,הודעה קצרה להעברה מקומית,IW,SEED_DATA_FROM_APPLICATION
DK_3,הודעה ארוכה להעברה מקומית,IW,SEED_DATA_FROM_APPLICATION
DK_4,"טופס תשלום GIRO, סוג 01",IW,SEED_DATA_FROM_APPLICATION
DK_5,"טופס תשלום GIRO, סוג 04",IW,SEED_DATA_FROM_APPLICATION
DK_6,"טופס תשלום GIRO, סוג 15",IW,SEED_DATA_FROM_APPLICATION
DK_7,"טופס תשלום GIRO, סוג 71",IW,SEED_DATA_FROM_APPLICATION
DK_8,שיק חוץ שנשלח למקבל התשלום,IW,SEED_DATA_FROM_APPLICATION
DK_9,שיק חוץ שנשלח למשלם,IW,SEED_DATA_FROM_APPLICATION
EFT,אלקטרוני,IW,SEED_DATA_FROM_APPLICATION
FEW,FEW - שער למסחר אלקטרוני,IW,SEED_DATA_FROM_APPLICATION
FWT,FWT - שער למסחר אלקטרוני,IW,SEED_DATA_FROM_APPLICATION
OUTSOURCED_CHECK,שיק במיקור חוץ,IW,SEED_DATA_FROM_APPLICATION
SWT,SWT - שער למסחר אלקטרוני,IW,SEED_DATA_FROM_APPLICATION
WIRE,תשלום בשידור,IW,SEED_DATA_FROM_APPLICATION
ZZZ,ZZZ - שער למסחר אלקטרוני,IW,SEED_DATA_FROM_APPLICATION
ACH,ACH (E-Commerce Gateway),JA,SEED_DATA_FROM_APPLICATION
BACS,BACS (E-Commerce Gateway),JA,SEED_DATA_FROM_APPLICATION
BILLS_PAYABLE,支払手形,JA,SEED_DATA_FROM_APPLICATION
BOP,BOP (E-Commerce Gateway),JA,SEED_DATA_FROM_APPLICATION
CHECK,小切手,JA,SEED_DATA_FROM_APPLICATION
CLEARING,決済,JA,SEED_DATA_FROM_APPLICATION
CWT,CWT (E-Commerce Gateway),JA,SEED_DATA_FROM_APPLICATION
DK_1,国内小切手,JA,SEED_DATA_FROM_APPLICATION
DK_10,換算およびグリーン・ノーティス付き国外送金,JA,SEED_DATA_FROM_APPLICATION
DK_2,国内送金(緊急),JA,SEED_DATA_FROM_APPLICATION
DK_3,国内送金(通常),JA,SEED_DATA_FROM_APPLICATION
DK_4,"Giro Inpayment Form, Type 01",JA,SEED_DATA_FROM_APPLICATION
DK_5,"Giro Inpayment Form, Type 04",JA,SEED_DATA_FROM_APPLICATION
DK_6,"Giro Inpayment Form, Type 15",JA,SEED_DATA_FROM_APPLICATION
DK_7,"Giro Inpayment Form, Type 71",JA,SEED_DATA_FROM_APPLICATION
DK_8,受取人に送信する国外小切手,JA,SEED_DATA_FROM_APPLICATION
DK_9,支払人に送信する国外小切手,JA,SEED_DATA_FROM_APPLICATION
EFT,電子,JA,SEED_DATA_FROM_APPLICATION
FEW,FEW (E-Commerce Gateway),JA,SEED_DATA_FROM_APPLICATION
FWT,FWT (E-Commerce Gateway),JA,SEED_DATA_FROM_APPLICATION
OUTSOURCED_CHECK,外部委託の小切手,JA,SEED_DATA_FROM_APPLICATION
SWT,SWT (E-Commerce Gateway),JA,SEED_DATA_FROM_APPLICATION
WIRE,電信,JA,SEED_DATA_FROM_APPLICATION
ZZZ,ZZZ (E-Commerce Gateway),JA,SEED_DATA_FROM_APPLICATION
ACH,ACH(e-Commerce Gateway),KO,SEED_DATA_FROM_APPLICATION
BACS,BACS(e-Commerce Gateway),KO,SEED_DATA_FROM_APPLICATION
BILLS_PAYABLE,지급 어음,KO,SEED_DATA_FROM_APPLICATION
BOP,BOP(e-Commerce Gateway),KO,SEED_DATA_FROM_APPLICATION
CHECK,수표,KO,SEED_DATA_FROM_APPLICATION
CLEARING,정산,KO,SEED_DATA_FROM_APPLICATION
CWT,CWT(e-Commerce Gateway),KO,SEED_DATA_FROM_APPLICATION
DK_1,국내 수표,KO,SEED_DATA_FROM_APPLICATION
DK_10,교환 및 그린 통지로 해외 이체,KO,SEED_DATA_FROM_APPLICATION
DK_2,국내 이체 짧은 통지,KO,SEED_DATA_FROM_APPLICATION
DK_3,국내 이체 긴 통지,KO,SEED_DATA_FROM_APPLICATION
DK_4,"지로 지급 폼, 유형 01",KO,SEED_DATA_FROM_APPLICATION
DK_5,"지로 지급 폼, 유형 04",KO,SEED_DATA_FROM_APPLICATION
DK_6,"지로 지급 폼, 유형 15",KO,SEED_DATA_FROM_APPLICATION
DK_7,"지로 지급 폼, 유형 71",KO,SEED_DATA_FROM_APPLICATION
DK_8,수취인에게 보낸 해외 수표,KO,SEED_DATA_FROM_APPLICATION
DK_9,지급인에게 보낸 해외 수표,KO,SEED_DATA_FROM_APPLICATION
EFT,전자,KO,SEED_DATA_FROM_APPLICATION
FEW,FEW(e-Commerce Gateway),KO,SEED_DATA_FROM_APPLICATION
FWT,FWT(e-Commerce Gateway),KO,SEED_DATA_FROM_APPLICATION
OUTSOURCED_CHECK,외주 수표,KO,SEED_DATA_FROM_APPLICATION
SWT,SWT(e-Commerce Gateway),KO,SEED_DATA_FROM_APPLICATION
WIRE,전신환,KO,SEED_DATA_FROM_APPLICATION
ZZZ,ZZZ(e-Commerce Gateway),KO,SEED_DATA_FROM_APPLICATION
ACH,ACH (e-Commerce Gateway),NL,SEED_DATA_FROM_APPLICATION
BACS,BACS (e-Commerce Gateway),NL,SEED_DATA_FROM_APPLICATION
BILLS_PAYABLE,Te betalen wissels,NL,SEED_DATA_FROM_APPLICATION
BOP,BOP (e-Commerce Gateway),NL,SEED_DATA_FROM_APPLICATION
CHECK,Cheque,NL,SEED_DATA_FROM_APPLICATION
CLEARING,Acquittering,NL,SEED_DATA_FROM_APPLICATION
CWT,CWT (e-Commerce Gateway),NL,SEED_DATA_FROM_APPLICATION
DK_1,Binnenlandse cheque,NL,SEED_DATA_FROM_APPLICATION
DK_10,Buitenlandse overboeking met verlenging en goedkeuringsbericht voor de nationale bank,NL,SEED_DATA_FROM_APPLICATION
DK_2,Kort bericht binnenlandse overboeking,NL,SEED_DATA_FROM_APPLICATION
DK_3,Lang bericht binnenlandse overboeking,NL,SEED_DATA_FROM_APPLICATION
DK_4,"Giro in betalingsformulier, soort 01",NL,SEED_DATA_FROM_APPLICATION
DK_5,"Giro in betalingsformulier, soort 04",NL,SEED_DATA_FROM_APPLICATION
DK_6,"Giro in betalingsformulier, soort 15",NL,SEED_DATA_FROM_APPLICATION
DK_7,"Giro in betalingsformulier, soort 71",NL,SEED_DATA_FROM_APPLICATION
DK_8,"Buitenlandse cheque, verstuurd naar begunstigde",NL,SEED_DATA_FROM_APPLICATION
DK_9,"Buitenlandse cheque, verstuurd naar betaler",NL,SEED_DATA_FROM_APPLICATION
EFT,Elektronisch,NL,SEED_DATA_FROM_APPLICATION
FEW,FEW (e-Commerce Gateway),NL,SEED_DATA_FROM_APPLICATION
FWT,FWT (e-Commerce Gateway),NL,SEED_DATA_FROM_APPLICATION
OUTSOURCED_CHECK,Uitbestede cheque,NL,SEED_DATA_FROM_APPLICATION
SWT,SWT (e-Commerce Gateway),NL,SEED_DATA_FROM_APPLICATION
WIRE,Telefonisch,NL,SEED_DATA_FROM_APPLICATION
ZZZ,ZZZ (e-Commerce Gateway),NL,SEED_DATA_FROM_APPLICATION
ACH,ACH (e-Commerce Gateway),N,SEED_DATA_FROM_APPLICATION
BACS,BACS (e-Commerce Gateway),N,SEED_DATA_FROM_APPLICATION
BILLS_PAYABLE,Vekselgjeld,N,SEED_DATA_FROM_APPLICATION
BOP,BOP (e-Commerce Gateway),N,SEED_DATA_FROM_APPLICATION
CHECK,Sjekk,N,SEED_DATA_FROM_APPLICATION
CLEARING,Avregning,N,SEED_DATA_FROM_APPLICATION
CWT,CWT (e-Commerce Gateway),N,SEED_DATA_FROM_APPLICATION
DK_1,Innenlandsk sjekk,N,SEED_DATA_FROM_APPLICATION
DK_10,Overføring i fremmedvaluta med omregning og grønn melding,N,SEED_DATA_FROM_APPLICATION
DK_2,Kort melding for innenlandsk overføring,N,SEED_DATA_FROM_APPLICATION
DK_3,Lang melding for innenlandsk overføring,N,SEED_DATA_FROM_APPLICATION
DK_4,"Skjermbilde for inngående girobetaling, type 01",N,SEED_DATA_FROM_APPLICATION
DK_5,"Skjermbilde for inngående girobetaling, type 04",N,SEED_DATA_FROM_APPLICATION
DK_6,"Skjermbilde for inngående girobetaling, type 15",N,SEED_DATA_FROM_APPLICATION
DK_7,"Skjermbilde for inngående girobetaling, type 71",N,SEED_DATA_FROM_APPLICATION
DK_8,Sjekk i fremmedvaluta sendt til remittent,N,SEED_DATA_FROM_APPLICATION
DK_9,Sjekk i fremmedvaluta sendt til betaler,N,SEED_DATA_FROM_APPLICATION
EFT,Elektronisk,N,SEED_DATA_FROM_APPLICATION
FEW,FEW (e-Commerce Gateway),N,SEED_DATA_FROM_APPLICATION
FWT,FWT (e-Commerce Gateway),N,SEED_DATA_FROM_APPLICATION
OUTSOURCED_CHECK,Utkontrahert sjekk,N,SEED_DATA_FROM_APPLICATION
SWT,SWT (e-Commerce Gateway),N,SEED_DATA_FROM_APPLICATION
WIRE,Telegrafisk,N,SEED_DATA_FROM_APPLICATION
ZZZ,ZZZ (e-Commerce Gateway),N,SEED_DATA_FROM_APPLICATION
ACH,ACH (bramka e-Commerce),PL,SEED_DATA_FROM_APPLICATION
BACS,BACS (bramka e-Commerce),PL,SEED_DATA_FROM_APPLICATION
BILLS_PAYABLE,Zobowiązania wekslowe,PL,SEED_DATA_FROM_APPLICATION
BOP,BOP (bramka e-Commerce),PL,SEED_DATA_FROM_APPLICATION
CHECK,Przelew,PL,SEED_DATA_FROM_APPLICATION
CLEARING,Rozliczenie,PL,SEED_DATA_FROM_APPLICATION
CWT,CWT (bramka e-Commerce),PL,SEED_DATA_FROM_APPLICATION
DK_1,Przelew krajowy,PL,SEED_DATA_FROM_APPLICATION
DK_10,Transfer zagraniczny z wymianą i kartą międzynarodowego ubezpieczenia samochodowego,PL,SEED_DATA_FROM_APPLICATION
DK_2,Transfer krajowy - krótkie powiadomienie,PL,SEED_DATA_FROM_APPLICATION
DK_3,Transfer krajowy - długie powiadomienie,PL,SEED_DATA_FROM_APPLICATION
DK_4,"Formularz płatności Giro, typ 01",PL,SEED_DATA_FROM_APPLICATION
DK_5,"Formularz płatności Giro, typ 04",PL,SEED_DATA_FROM_APPLICATION
DK_6,"Formularz płatności Giro, typ 15",PL,SEED_DATA_FROM_APPLICATION
DK_7,"Formularz płatności Giro, typ 71",PL,SEED_DATA_FROM_APPLICATION
DK_8,Przelew zagraniczny - wysłany do odbiorcy płatności,PL,SEED_DATA_FROM_APPLICATION
DK_9,Przelew zagraniczny - wysłany do płatnika,PL,SEED_DATA_FROM_APPLICATION
EFT,Elektroniczne,PL,SEED_DATA_FROM_APPLICATION
FEW,FEW (bramka e-Commerce),PL,SEED_DATA_FROM_APPLICATION
FWT,FWT (bramka e-Commerce),PL,SEED_DATA_FROM_APPLICATION
OUTSOURCED_CHECK,Przelew zewnętrzny,PL,SEED_DATA_FROM_APPLICATION
SWT,SWT (bramka e-Commerce),PL,SEED_DATA_FROM_APPLICATION
WIRE,Telegraficzne,PL,SEED_DATA_FROM_APPLICATION
ZZZ,ZZZ (bramka e-Commerce),PL,SEED_DATA_FROM_APPLICATION
ACH,ACH (e-Commerce Gateway),PTB,SEED_DATA_FROM_APPLICATION
BACS,BACS (e-Commerce Gateway),PTB,SEED_DATA_FROM_APPLICATION
BILLS_PAYABLE,Faturas a Pagar,PTB,SEED_DATA_FROM_APPLICATION
BOP,BOP (e-Commerce Gateway),PTB,SEED_DATA_FROM_APPLICATION
CHECK,Cheque,PTB,SEED_DATA_FROM_APPLICATION
CLEARING,Compensação,PTB,SEED_DATA_FROM_APPLICATION
CWT,CWT (e-Commerce Gateway),PTB,SEED_DATA_FROM_APPLICATION
DK_1,Cheque Nacional,PTB,SEED_DATA_FROM_APPLICATION
DK_10,Transferência Estrangeira com Câmbio e Aviso Verde,PTB,SEED_DATA_FROM_APPLICATION
DK_2,Aviso Breve de Transferência Nacional,PTB,SEED_DATA_FROM_APPLICATION
DK_3,Aviso Longo de Transferência Nacional,PTB,SEED_DATA_FROM_APPLICATION
DK_4,"Giro Inpayment Form, Type 01",PTB,SEED_DATA_FROM_APPLICATION
DK_5,"Giro Inpayment Form, Type 04",PTB,SEED_DATA_FROM_APPLICATION
DK_6,"Giro Inpayment Form, Type 15",PTB,SEED_DATA_FROM_APPLICATION
DK_7,"Giro Inpayment Form, Type 71",PTB,SEED_DATA_FROM_APPLICATION
DK_8,Cheque Estrangeiro Enviado ao Beneficiário,PTB,SEED_DATA_FROM_APPLICATION
DK_9,Cheque Estrangeiro Enviado ao Pagador,PTB,SEED_DATA_FROM_APPLICATION
EFT,Eletrônico,PTB,SEED_DATA_FROM_APPLICATION
FEW,FEW (e-Commerce Gateway),PTB,SEED_DATA_FROM_APPLICATION
FWT,FWT (e-Commerce Gateway),PTB,SEED_DATA_FROM_APPLICATION
OUTSOURCED_CHECK,Cheque Terceirizado,PTB,SEED_DATA_FROM_APPLICATION
SWT,SWT (e-Commerce Gateway),PTB,SEED_DATA_FROM_APPLICATION
WIRE,Remoto,PTB,SEED_DATA_FROM_APPLICATION
ZZZ,ZZZ (e-Commerce Gateway),PTB,SEED_DATA_FROM_APPLICATION
ACH,ACH (e-Commerce Gateway),RO,SEED_DATA_FROM_APPLICATION
BACS,BACS (e-Commerce Gateway),RO,SEED_DATA_FROM_APPLICATION
BILLS_PAYABLE,Obligaţii de facturat,RO,SEED_DATA_FROM_APPLICATION
BOP,BOP (e-Commerce Gateway),RO,SEED_DATA_FROM_APPLICATION
CHECK,Cec,RO,SEED_DATA_FROM_APPLICATION
CLEARING,Regularizare,RO,SEED_DATA_FROM_APPLICATION
CWT,CWT (e-Commerce Gateway),RO,SEED_DATA_FROM_APPLICATION
DK_1,Cec intern,RO,SEED_DATA_FROM_APPLICATION
DK_10,Transfer extern cu aviz de schimb şi cu aviz verde,RO,SEED_DATA_FROM_APPLICATION
DK_2,Aviz cu termen scurt pentru transfer intern,RO,SEED_DATA_FROM_APPLICATION
DK_3,Aviz cu termen lung pentru transfer intern,RO,SEED_DATA_FROM_APPLICATION
DK_4,"Formular de plată internă Giro, tip 01",RO,SEED_DATA_FROM_APPLICATION
DK_5,"Formular de plată internă Giro, tip 04",RO,SEED_DATA_FROM_APPLICATION
DK_6,"Formular de plată internă Giro, tip 15",RO,SEED_DATA_FROM_APPLICATION
DK_7,"Formular de plată internă Giro, tip 71",RO,SEED_DATA_FROM_APPLICATION
DK_8,Cec extern trimis beneficiarului plăţii,RO,SEED_DATA_FROM_APPLICATION
DK_9,Cec extern trimis plătitorului,RO,SEED_DATA_FROM_APPLICATION
EFT,Electronică,RO,SEED_DATA_FROM_APPLICATION
FEW,FEW (e-Commerce Gateway),RO,SEED_DATA_FROM_APPLICATION
FWT,FWT (e-Commerce Gateway),RO,SEED_DATA_FROM_APPLICATION
OUTSOURCED_CHECK,Cec externalizat,RO,SEED_DATA_FROM_APPLICATION
SWT,SWT (e-Commerce Gateway),RO,SEED_DATA_FROM_APPLICATION
WIRE,Telegrafică,RO,SEED_DATA_FROM_APPLICATION
ZZZ,ZZZ (e-Commerce Gateway),RO,SEED_DATA_FROM_APPLICATION
ACH,Автоматический взаимозачет (шлюз EDI),RU,SEED_DATA_FROM_APPLICATION
BACS,BACS (шлюз EDI),RU,SEED_DATA_FROM_APPLICATION
BILLS_PAYABLE,Счета к оплате,RU,SEED_DATA_FROM_APPLICATION
BOP,BOP (шлюз EDI),RU,SEED_DATA_FROM_APPLICATION
CHECK,Чек,RU,SEED_DATA_FROM_APPLICATION
CLEARING,Перерасчет,RU,SEED_DATA_FROM_APPLICATION
CWT,CWT (шлюз EDI),RU,SEED_DATA_FROM_APPLICATION
DK_1,Внутренний чек,RU,SEED_DATA_FROM_APPLICATION
DK_10,Международный перевод с обменом и зеленым уведомлением,RU,SEED_DATA_FROM_APPLICATION
DK_2,Краткое уведомление о внутреннем переводе,RU,SEED_DATA_FROM_APPLICATION
DK_3,Длинное уведомление о внутреннем переводе,RU,SEED_DATA_FROM_APPLICATION
DK_4,"Форма для поступления по жирорасчетам, тип 01",RU,SEED_DATA_FROM_APPLICATION
DK_5,"Форма для поступления по жирорасчетам, тип 04",RU,SEED_DATA_FROM_APPLICATION
DK_6,"Форма для поступления по жирорасчетам, тип 15",RU,SEED_DATA_FROM_APPLICATION
DK_7,"Форма для поступления по жирорасчетам, тип 71",RU,SEED_DATA_FROM_APPLICATION
DK_8,"Международный чек, отправленный получателю платежа",RU,SEED_DATA_FROM_APPLICATION
DK_9,"Международный чек, отправленный плательщику",RU,SEED_DATA_FROM_APPLICATION
EFT,Электронный,RU,SEED_DATA_FROM_APPLICATION
FEW,FEW (шлюз EDI),RU,SEED_DATA_FROM_APPLICATION
FWT,FWT (шлюз EDI),RU,SEED_DATA_FROM_APPLICATION
OUTSOURCED_CHECK,Чек для внешней печати,RU,SEED_DATA_FROM_APPLICATION
SWT,SWT (шлюз EDI),RU,SEED_DATA_FROM_APPLICATION
WIRE,Банковский перевод,RU,SEED_DATA_FROM_APPLICATION
ZZZ,ZZZ (шлюз EDI),RU,SEED_DATA_FROM_APPLICATION
EFT-SEPA,Electronic - SEPA,E,FIN_IMPL
EFT-SEPA,Electronic - SEPA,DK,FIN_IMPL
EFT-SEPA,Electronic - SEPA,D,FIN_IMPL
EFT-SEPA,Electronic - SEPA,CS,FIN_IMPL
EFT-SEPA,Electronic - SEPA,AR,FIN_IMPL
EFT-SEPA,Electronic - SEPA,US,FIN_IMPL
ES_TF,Transferencia,ZHT,FIN_IMPL
ES_TF,Transferencia,ZHS,FIN_IMPL
ES_TF,Transferencia,SF,FIN_IMPL
ES_TF,Transferencia,S,FIN_IMPL
ES_TF,Transferencia,RU,FIN_IMPL
ES_TF,Transferencia,PTB,FIN_IMPL
ES_TF,Transferencia,PL,FIN_IMPL
ES_TF,Transferencia,NL,FIN_IMPL
ES_TF,Transferencia,N,FIN_IMPL
ES_TF,Transferencia,KO,FIN_IMPL
ES_TF,Transferencia,JA,FIN_IMPL
ES_TF,Transferencia,I,FIN_IMPL
ES_TF,Transferencia,FRC,FIN_IMPL
ES_TF,Transferencia,F,FIN_IMPL
ES_TF,Transferencia,E,FIN_IMPL
ES_TF,Transferencia,DK,FIN_IMPL
ES_TF,Transferencia,D,FIN_IMPL
ES_TF,Transferencia,AR,FIN_IMPL
ACH,Automatiserad clearingcentral (ACH) (e-Commerce Gateway),S,SEED_DATA_FROM_APPLICATION
BACS,BACS (e-Commerce Gateway),S,SEED_DATA_FROM_APPLICATION
BILLS_PAYABLE,Växelskulder,S,SEED_DATA_FROM_APPLICATION
BOP,Inköpsregister (e-Commerce Gateway),S,SEED_DATA_FROM_APPLICATION
CHECK,Check,S,SEED_DATA_FROM_APPLICATION
CLEARING,Clearing,S,SEED_DATA_FROM_APPLICATION
CWT,CWT (e-Commerce Gateway),S,SEED_DATA_FROM_APPLICATION
DK_1,Inhemsk check,S,SEED_DATA_FROM_APPLICATION
DK_10,Utländsk överföring med växelkurs och grön avisering,S,SEED_DATA_FROM_APPLICATION
DK_2,Inhemsk överföring med kort varsel,S,SEED_DATA_FROM_APPLICATION
DK_3,Inhemsk överföring med långt varsel,S,SEED_DATA_FROM_APPLICATION
DK_4,"Giroinbetalningsformulär, typ 01",S,SEED_DATA_FROM_APPLICATION
DK_5,"Giroinbetalningsformulär, typ 04",S,SEED_DATA_FROM_APPLICATION
DK_6,"Giroinbetalningsformulär, typ 15",S,SEED_DATA_FROM_APPLICATION
DK_7,"Giroinbetalningsformulär, typ 71",S,SEED_DATA_FROM_APPLICATION
DK_8,Utländsk check skickad till betalningsmottagare,S,SEED_DATA_FROM_APPLICATION
DK_9,Utländsk check skickad till betalare,S,SEED_DATA_FROM_APPLICATION
EFT,Elektronisk,S,SEED_DATA_FROM_APPLICATION
FEW,FEW (e-Commerce Gateway),S,SEED_DATA_FROM_APPLICATION
FWT,FWT (e-Commerce Gateway),S,SEED_DATA_FROM_APPLICATION
OUTSOURCED_CHECK,Check som är externt utlagd,S,SEED_DATA_FROM_APPLICATION
SWT,SWT (e-Commerce Gateway),S,SEED_DATA_FROM_APPLICATION
WIRE,Giro,S,SEED_DATA_FROM_APPLICATION
ZZZ,ZZZ (e-Commerce Gateway),S,SEED_DATA_FROM_APPLICATION
ACH,ACh (e-Ticaret Tekli Ödeme Geçidi),TR,SEED_DATA_FROM_APPLICATION
BACS,BACS (e-Ticaret Tekli Ödeme Geçidi),TR,SEED_DATA_FROM_APPLICATION
BILLS_PAYABLE,Borç Senetleri Hesabı,TR,SEED_DATA_FROM_APPLICATION
BOP,BOP (e-Ticaret Tekli Ödeme Geçidi),TR,SEED_DATA_FROM_APPLICATION
CHECK,Çek,TR,SEED_DATA_FROM_APPLICATION
CLEARING,Tahsil,TR,SEED_DATA_FROM_APPLICATION
CWT,CWT (e-Ticaret Tekli Ödeme Geçidi),TR,SEED_DATA_FROM_APPLICATION
DK_1,Yerel Çek,TR,SEED_DATA_FROM_APPLICATION
DK_10,Döviz Kuruyla Döviz Transferi ve Yeşil Bildirim,TR,SEED_DATA_FROM_APPLICATION
DK_2,Yerel Transfer Kısa Bildirimi,TR,SEED_DATA_FROM_APPLICATION
DK_3,Yerel Transfer Uzun Bildirimi,TR,SEED_DATA_FROM_APPLICATION
DK_4,"Giro Ödeme Ekranı, Tip 01",TR,SEED_DATA_FROM_APPLICATION
DK_5,"Giro Ödeme Ekranı, Tip 04",TR,SEED_DATA_FROM_APPLICATION
DK_6,"Giro Ödeme Ekranı, Tip 15",TR,SEED_DATA_FROM_APPLICATION
DK_7,"Giro Ödeme Ekranı, Tip 71",TR,SEED_DATA_FROM_APPLICATION
DK_8,Alacaklıya Gönderilen Yabancı Çek,TR,SEED_DATA_FROM_APPLICATION
DK_9,Ödeyene Gönderilen Yabancı Çek,TR,SEED_DATA_FROM_APPLICATION
EFT,Elektronik,TR,SEED_DATA_FROM_APPLICATION
FEW,FEW (e-Ticaret Tekli Ödeme Geçidi),TR,SEED_DATA_FROM_APPLICATION
FWT,FWT (e-Ticaret Tekli Ödeme Geçidi),TR,SEED_DATA_FROM_APPLICATION
OUTSOURCED_CHECK,Dış Kaynaklı Çek,TR,SEED_DATA_FROM_APPLICATION
SWT,SWT (e-Ticaret Tekli Ödeme Geçidi),TR,SEED_DATA_FROM_APPLICATION
WIRE,EFT,TR,SEED_DATA_FROM_APPLICATION
ZZZ,ZZZ (e-Ticaret Tekli Ödeme Geçidi),TR,SEED_DATA_FROM_APPLICATION
ACH,ACH（电子商务网关）,ZHS,SEED_DATA_FROM_APPLICATION
BACS,BACS（电子商务网关）,ZHS,SEED_DATA_FROM_APPLICATION
BILLS_PAYABLE,应付票据,ZHS,SEED_DATA_FROM_APPLICATION
BOP,BOP（电子商务网关）,ZHS,SEED_DATA_FROM_APPLICATION
CHECK,支票,ZHS,SEED_DATA_FROM_APPLICATION
CLEARING,结算,ZHS,SEED_DATA_FROM_APPLICATION
CWT,CWT（电子商务网关）,ZHS,SEED_DATA_FROM_APPLICATION
DK_1,国内支票,ZHS,SEED_DATA_FROM_APPLICATION
DK_10,国外转账，含汇率和绿色通知,ZHS,SEED_DATA_FROM_APPLICATION
DK_2,国内转账简短通知,ZHS,SEED_DATA_FROM_APPLICATION
DK_3,国内转账详细通知,ZHS,SEED_DATA_FROM_APPLICATION
DK_4,Giro 转账付款表单，类型 01,ZHS,SEED_DATA_FROM_APPLICATION
DK_5,Giro 转账付款表单，类型 04,ZHS,SEED_DATA_FROM_APPLICATION
DK_6,Giro 转账付款表单，类型 15,ZHS,SEED_DATA_FROM_APPLICATION
DK_7,Giro 转账付款表单，类型 71,ZHS,SEED_DATA_FROM_APPLICATION
DK_8,国外支票 - 发送至收款人,ZHS,SEED_DATA_FROM_APPLICATION
DK_9,国外支票 - 发送至付款人,ZHS,SEED_DATA_FROM_APPLICATION
EFT,电子,ZHS,SEED_DATA_FROM_APPLICATION
FEW,FEW（电子商务网关）,ZHS,SEED_DATA_FROM_APPLICATION
FWT,FWT（电子商务网关）,ZHS,SEED_DATA_FROM_APPLICATION
OUTSOURCED_CHECK,外包支票,ZHS,SEED_DATA_FROM_APPLICATION
SWT,SWT（电子商务网关）,ZHS,SEED_DATA_FROM_APPLICATION
WIRE,电汇,ZHS,SEED_DATA_FROM_APPLICATION
ZZZ,ZZZ（电子商务网关）,ZHS,SEED_DATA_FROM_APPLICATION
ACH,ACH（電子商務閘道）,ZHT,SEED_DATA_FROM_APPLICATION
BACS,BACS（電子商務閘道）,ZHT,SEED_DATA_FROM_APPLICATION
BILLS_PAYABLE,應付票據,ZHT,SEED_DATA_FROM_APPLICATION
BOP,BOP（電子商務閘道）,ZHT,SEED_DATA_FROM_APPLICATION
CHECK,支票,ZHT,SEED_DATA_FROM_APPLICATION
CLEARING,結清,ZHT,SEED_DATA_FROM_APPLICATION
CWT,CWT（電子商務閘道）,ZHT,SEED_DATA_FROM_APPLICATION
DK_1,國內支票,ZHT,SEED_DATA_FROM_APPLICATION
DK_10,含匯兌與付款通知的國外轉帳,ZHT,SEED_DATA_FROM_APPLICATION
DK_2,國內轉帳短期通知,ZHT,SEED_DATA_FROM_APPLICATION
DK_3,國內轉帳遠期通知,ZHT,SEED_DATA_FROM_APPLICATION
DK_4,Giro 收款表單類型 01,ZHT,SEED_DATA_FROM_APPLICATION
DK_5,Giro 收款表單類型 04,ZHT,SEED_DATA_FROM_APPLICATION
DK_6,Giro 收款表單類型 15,ZHT,SEED_DATA_FROM_APPLICATION
DK_7,Giro 收款表單類型 71,ZHT,SEED_DATA_FROM_APPLICATION
DK_8,國外支票寄送給受款人,ZHT,SEED_DATA_FROM_APPLICATION
DK_9,國外支票寄送給付款人,ZHT,SEED_DATA_FROM_APPLICATION
EFT,電子轉帳,ZHT,SEED_DATA_FROM_APPLICATION
FEW,FEW（電子商務閘道）,ZHT,SEED_DATA_FROM_APPLICATION
FWT,FWT（電子商務閘道）,ZHT,SEED_DATA_FROM_APPLICATION
OUTSOURCED_CHECK,外部支票,ZHT,SEED_DATA_FROM_APPLICATION
SWT,SWT（電子商務閘道）,ZHT,SEED_DATA_FROM_APPLICATION
WIRE,電匯,ZHT,SEED_DATA_FROM_APPLICATION
ZZZ,ZZZ（電子商務閘道）,ZHT,SEED_DATA_FROM_APPLICATION
EFT-SEPA,Electronic - SEPA,HU,FIN_IMPL
ES_TF,Transferencia,US,FIN_IMPL
ES_DB,Domiciliacion Bancaria,ZHT,FIN_IMPL
ES_DB,Domiciliacion Bancaria,ZHS,FIN_IMPL
ES_DB,Domiciliacion Bancaria,SF,FIN_IMPL
ES_DB,Domiciliacion Bancaria,S,FIN_IMPL
ES_DB,Domiciliacion Bancaria,RU,FIN_IMPL
ES_DB,Domiciliacion Bancaria,PTB,FIN_IMPL
ES_DB,Domiciliacion Bancaria,PL,FIN_IMPL
ES_DB,Domiciliacion Bancaria,NL,FIN_IMPL
ES_DB,Domiciliacion Bancaria,N,FIN_IMPL
ES_DB,Domiciliacion Bancaria,KO,FIN_IMPL
ES_DB,Domiciliacion Bancaria,JA,FIN_IMPL
ES_DB,Domiciliacion Bancaria,I,FIN_IMPL
ES_DB,Domiciliacion Bancaria,FRC,FIN_IMPL
ES_DB,Domiciliacion Bancaria,F,FIN_IMPL
ES_DB,Domiciliacion Bancaria,E,FIN_IMPL
ES_DB,Domiciliacion Bancaria,DK,FIN_IMPL
ES_DB,Domiciliacion Bancaria,D,FIN_IMPL
ES_DB,Domiciliacion Bancaria,AR,FIN_IMPL
ES_DB,Domiciliacion Bancaria,US,FIN_IMPL
ES_CHQ,Cheque,ZHT,FIN_IMPL
ES_CHQ,Cheque,ZHS,FIN_IMPL
ES_CHQ,Cheque,SF,FIN_IMPL
ES_CHQ,Cheque,S,FIN_IMPL
ES_CHQ,Cheque,RU,FIN_IMPL
ES_CHQ,Cheque,PTB,FIN_IMPL
ES_CHQ,Cheque,PL,FIN_IMPL
ES_CHQ,Cheque,NL,FIN_IMPL
ES_CHQ,Cheque,N,FIN_IMPL
ES_CHQ,Cheque,KO,FIN_IMPL
ES_CHQ,Cheque,JA,FIN_IMPL
ES_CHQ,Cheque,I,FIN_IMPL
ES_CHQ,Cheque,FRC,FIN_IMPL
ES_CHQ,Cheque,F,FIN_IMPL
ES_CHQ,Cheque,E,FIN_IMPL
ES_CHQ,Cheque,DK,FIN_IMPL
ES_CHQ,Cheque,D,FIN_IMPL
ES_CHQ,Cheque,AR,FIN_IMPL
ES_CHQ,Cheque,US,FIN_IMPL
ES_PGR,Pagare,ZHT,FIN_IMPL
ES_PGR,Pagare,ZHS,FIN_IMPL
ES_PGR,Pagare,SF,FIN_IMPL
ES_PGR,Pagare,S,FIN_IMPL
ES_PGR,Pagare,RU,FIN_IMPL
ES_PGR,Pagare,PTB,FIN_IMPL
ES_PGR,Pagare,PL,FIN_IMPL
ES_PGR,Pagare,NL,FIN_IMPL
ES_PGR,Pagare,N,FIN_IMPL
ES_PGR,Pagare,KO,FIN_IMPL
ES_PGR,Pagare,JA,FIN_IMPL
ES_PGR,Pagare,I,FIN_IMPL
ES_PGR,Pagare,FRC,FIN_IMPL
ES_PGR,Pagare,F,FIN_IMPL
ES_PGR,Pagare,E,FIN_IMPL
ES_PGR,Pagare,DK,FIN_IMPL
ES_PGR,Pagare,D,FIN_IMPL
ES_PGR,Pagare,AR,FIN_IMPL
ES_PGR,Pagare,US,FIN_IMPL
ES_RCB,Recibo,ZHT,FIN_IMPL
ES_RCB,Recibo,ZHS,FIN_IMPL
ES_RCB,Recibo,SF,FIN_IMPL
ES_RCB,Recibo,S,FIN_IMPL
ES_RCB,Recibo,RU,FIN_IMPL
ES_RCB,Recibo,PTB,FIN_IMPL
ES_RCB,Recibo,PL,FIN_IMPL
ES_RCB,Recibo,NL,FIN_IMPL
ES_RCB,Recibo,N,FIN_IMPL
ES_RCB,Recibo,KO,FIN_IMPL
ES_RCB,Recibo,JA,FIN_IMPL
ES_RCB,Recibo,I,FIN_IMPL
ES_RCB,Recibo,FRC,FIN_IMPL
ES_RCB,Recibo,F,FIN_IMPL
ES_RCB,Recibo,E,FIN_IMPL
ES_RCB,Recibo,DK,FIN_IMPL
ES_RCB,Recibo,D,FIN_IMPL
ES_RCB,Recibo,AR,FIN_IMPL
ES_RCB,Recibo,US,FIN_IMPL
SE_BG,Bankgiro,ZHT,FIN_IMPL
SE_BG,Bankgiro,ZHS,FIN_IMPL
SE_BG,Bankgiro,SF,FIN_IMPL
SE_BG,Bankgiro,S,FIN_IMPL
SE_BG,Bankgiro,RU,FIN_IMPL
SE_BG,Bankgiro,PTB,FIN_IMPL
SE_BG,Bankgiro,PL,FIN_IMPL
SE_BG,Bankgiro,NL,FIN_IMPL
SE_BG,Bankgiro,N,FIN_IMPL
SE_BG,Bankgiro,KO,FIN_IMPL
SE_BG,Bankgiro,JA,FIN_IMPL
SE_BG,Bankgiro,I,FIN_IMPL
SE_BG,Bankgiro,FRC,FIN_IMPL
SE_BG,Bankgiro,F,FIN_IMPL
SE_BG,Bankgiro,E,FIN_IMPL
SE_BG,Bankgiro,DK,FIN_IMPL
SE_BG,Bankgiro,D,FIN_IMPL
SE_BG,Bankgiro,AR,FIN_IMPL
SE_BG,Bankgiro,US,FIN_IMPL
SE_PG,Plusgiro,ZHT,FIN_IMPL
SE_PG,Plusgiro,ZHS,FIN_IMPL
SE_PG,Plusgiro,SF,FIN_IMPL
SE_PG,Plusgiro,S,FIN_IMPL
SE_PG,Plusgiro,RU,FIN_IMPL
SE_PG,Plusgiro,PTB,FIN_IMPL
SE_PG,Plusgiro,PL,FIN_IMPL
SE_PG,Plusgiro,NL,FIN_IMPL
SE_PG,Plusgiro,N,FIN_IMPL
SE_PG,Plusgiro,KO,FIN_IMPL
SE_PG,Plusgiro,JA,FIN_IMPL
SE_PG,Plusgiro,I,FIN_IMPL
SE_PG,Plusgiro,FRC,FIN_IMPL
SE_PG,Plusgiro,F,FIN_IMPL
SE_PG,Plusgiro,E,FIN_IMPL
SE_PG,Plusgiro,DK,FIN_IMPL
SE_PG,Plusgiro,D,FIN_IMPL
SE_PG,Plusgiro,AR,FIN_IMPL
SE_PG,Plusgiro,US,FIN_IMPL
ES_TF,Transferencia,CS,FIN_IMPL
ES_TF,Transferencia,HU,FIN_IMPL
ES_TF,Transferencia,IW,FIN_IMPL
ES_TF,Transferencia,RO,FIN_IMPL
ES_TF,Transferencia,TR,FIN_IMPL
ES_DB,Domiciliacion Bancaria,CS,FIN_IMPL
ES_DB,Domiciliacion Bancaria,HU,FIN_IMPL
ES_DB,Domiciliacion Bancaria,IW,FIN_IMPL
ES_DB,Domiciliacion Bancaria,RO,FIN_IMPL
ES_DB,Domiciliacion Bancaria,TR,FIN_IMPL
ES_CHQ,Cheque,CS,FIN_IMPL
ES_CHQ,Cheque,HU,FIN_IMPL
ES_CHQ,Cheque,IW,FIN_IMPL
ES_CHQ,Cheque,RO,FIN_IMPL
ES_CHQ,Cheque,TR,FIN_IMPL
ES_PGR,Pagare,CS,FIN_IMPL
ES_PGR,Pagare,HU,FIN_IMPL
ES_PGR,Pagare,IW,FIN_IMPL
ES_PGR,Pagare,RO,FIN_IMPL
ES_PGR,Pagare,TR,FIN_IMPL
ES_RCB,Recibo,CS,FIN_IMPL
ES_RCB,Recibo,HU,FIN_IMPL
ES_RCB,Recibo,IW,FIN_IMPL
ES_RCB,Recibo,RO,FIN_IMPL
ES_RCB,Recibo,TR,FIN_IMPL
SE_BG,Bankgiro,CS,FIN_IMPL
SE_BG,Bankgiro,HU,FIN_IMPL
SE_BG,Bankgiro,IW,FIN_IMPL
SE_BG,Bankgiro,RO,FIN_IMPL
SE_BG,Bankgiro,TR,FIN_IMPL
SE_PG,Plusgiro,CS,FIN_IMPL
SE_PG,Plusgiro,HU,FIN_IMPL
SE_PG,Plusgiro,IW,FIN_IMPL
SE_PG,Plusgiro,RO,FIN_IMPL
SE_PG,Plusgiro,TR,FIN_IMPL
ACH,ACH (เกตเวย์อีคอมเมิร์ซ),TH,SEED_DATA_FROM_APPLICATION
BACS,BACS (เกตเวย์อีคอมเมิร์ซ),TH,SEED_DATA_FROM_APPLICATION
BILLS_PAYABLE,บัญชีเจ้าหนี้ที่เรียกเก็บ,TH,SEED_DATA_FROM_APPLICATION
BOP,BOP (เกตเวย์อีคอมเมิร์ซ),TH,SEED_DATA_FROM_APPLICATION
CHECK,เช็ค,TH,SEED_DATA_FROM_APPLICATION
CLEARING,หักบัญชี,TH,SEED_DATA_FROM_APPLICATION
CWT,CWT (เกตเวย์อีคอมเมิร์ซ),TH,SEED_DATA_FROM_APPLICATION
DK_1,เช็คภายในประเทศ,TH,SEED_DATA_FROM_APPLICATION
DK_10,การโอนต่างประเทศด้วย Exchange and Green Notice,TH,SEED_DATA_FROM_APPLICATION
DK_2,หนังสือแจ้งแบบย่อสำหรับการโอนภายในประเทศ,TH,SEED_DATA_FROM_APPLICATION
DK_3,หนังสือแจ้งแบบเต็มสำหรับการโอนภายในประเทศ,TH,SEED_DATA_FROM_APPLICATION
DK_4,ฟอร์มคำสั่งชำระเงิน Giro ประเภท 01,TH,SEED_DATA_FROM_APPLICATION
DK_5,ฟอร์มคำสั่งชำระเงิน Giro ประเภท 04,TH,SEED_DATA_FROM_APPLICATION
DK_6,ฟอร์มคำสั่งชำระเงิน Giro ประเภท 15,TH,SEED_DATA_FROM_APPLICATION
DK_7,ฟอร์มคำสั่งชำระเงิน Giro ประเภท 71,TH,SEED_DATA_FROM_APPLICATION
DK_8,เช็คจากต่างประเทศส่งให้ผู้รับชำระ,TH,SEED_DATA_FROM_APPLICATION
DK_9,เช็คจากต่างประเทศส่งให้ผู้ชำระ,TH,SEED_DATA_FROM_APPLICATION
EFT,อิเล็กทรอนิกส์,TH,SEED_DATA_FROM_APPLICATION
FEW,FEW (เกตเวย์อีคอมเมิร์ซ),TH,SEED_DATA_FROM_APPLICATION
FWT,FWT (เกตเวย์อีคอมเมิร์ซ),TH,SEED_DATA_FROM_APPLICATION
OUTSOURCED_CHECK,เช็คภายนอก,TH,SEED_DATA_FROM_APPLICATION
SWT,SWT (เกตเวย์อีคอมเมิร์ซ),TH,SEED_DATA_FROM_APPLICATION
WIRE,ผ่านธนาคาร,TH,SEED_DATA_FROM_APPLICATION
ZZZ,ZZZ (เกตเวย์อีคอมเมิร์ซ),TH,SEED_DATA_FROM_APPLICATION
EFT-SEPA,Electronic - SEPA,TH,FIN_IMPL
ES_TF,Transferencia,TH,FIN_IMPL
ES_DB,Domiciliacion Bancaria,TH,FIN_IMPL
ES_CHQ,Cheque,TH,FIN_IMPL
ES_PGR,Pagare,TH,FIN_IMPL
ES_RCB,Recibo,TH,FIN_IMPL
SE_BG,Bankgiro,TH,FIN_IMPL
SE_PG,Plusgiro,TH,FIN_IMPL
ACH,ACH (e-Commerce Gateway),EL,SEED_DATA_FROM_APPLICATION
ACH,ACH (e-Commerce Gateway),ESA,SEED_DATA_FROM_APPLICATION
ACH,ACH (e-Commerce Gateway),HR,SEED_DATA_FROM_APPLICATION
ACH,ACH (e-Commerce Gateway),IS,SEED_DATA_FROM_APPLICATION
ACH,ACH (e-Commerce Gateway),LT,SEED_DATA_FROM_APPLICATION
ACH,ACH (e-Commerce Gateway),PT,SEED_DATA_FROM_APPLICATION
ACH,ACH (e-Commerce Gateway),SK,SEED_DATA_FROM_APPLICATION
ACH,ACH (e-Commerce Gateway),SL,SEED_DATA_FROM_APPLICATION
ACH,ACH (e-Commerce Gateway),ET,SEED_DATA_FROM_APPLICATION
ACH,ACH (e-Commerce Gateway),LV,SEED_DATA_FROM_APPLICATION
BACS,BACS (e-Commerce Gateway),EL,SEED_DATA_FROM_APPLICATION
BACS,BACS (e-Commerce Gateway),ESA,SEED_DATA_FROM_APPLICATION
BACS,BACS (e-Commerce Gateway),HR,SEED_DATA_FROM_APPLICATION
BACS,BACS (e-Commerce Gateway),IS,SEED_DATA_FROM_APPLICATION
BACS,BACS (e-Commerce Gateway),LT,SEED_DATA_FROM_APPLICATION
BACS,BACS (e-Commerce Gateway),PT,SEED_DATA_FROM_APPLICATION
BACS,BACS (e-Commerce Gateway),SK,SEED_DATA_FROM_APPLICATION
BACS,BACS (e-Commerce Gateway),SL,SEED_DATA_FROM_APPLICATION
BACS,BACS (e-Commerce Gateway),ET,SEED_DATA_FROM_APPLICATION
BACS,BACS (e-Commerce Gateway),LV,SEED_DATA_FROM_APPLICATION
BILLS_PAYABLE,Bills Payable,EL,SEED_DATA_FROM_APPLICATION
BILLS_PAYABLE,Bills Payable,ESA,SEED_DATA_FROM_APPLICATION
BILLS_PAYABLE,Bills Payable,HR,SEED_DATA_FROM_APPLICATION
BILLS_PAYABLE,Bills Payable,IS,SEED_DATA_FROM_APPLICATION
BILLS_PAYABLE,Bills Payable,LT,SEED_DATA_FROM_APPLICATION
BILLS_PAYABLE,Bills Payable,PT,SEED_DATA_FROM_APPLICATION
BILLS_PAYABLE,Bills Payable,SK,SEED_DATA_FROM_APPLICATION
BILLS_PAYABLE,Bills Payable,SL,SEED_DATA_FROM_APPLICATION
BILLS_PAYABLE,Bills Payable,ET,SEED_DATA_FROM_APPLICATION
BILLS_PAYABLE,Bills Payable,LV,SEED_DATA_FROM_APPLICATION
BOP,BOP (e-Commerce Gateway),EL,SEED_DATA_FROM_APPLICATION
BOP,BOP (e-Commerce Gateway),ESA,SEED_DATA_FROM_APPLICATION
BOP,BOP (e-Commerce Gateway),HR,SEED_DATA_FROM_APPLICATION
BOP,BOP (e-Commerce Gateway),IS,SEED_DATA_FROM_APPLICATION
BOP,BOP (e-Commerce Gateway),LT,SEED_DATA_FROM_APPLICATION
BOP,BOP (e-Commerce Gateway),PT,SEED_DATA_FROM_APPLICATION
BOP,BOP (e-Commerce Gateway),SK,SEED_DATA_FROM_APPLICATION
BOP,BOP (e-Commerce Gateway),SL,SEED_DATA_FROM_APPLICATION
BOP,BOP (e-Commerce Gateway),ET,SEED_DATA_FROM_APPLICATION
BOP,BOP (e-Commerce Gateway),LV,SEED_DATA_FROM_APPLICATION
CHECK,Check,EL,SEED_DATA_FROM_APPLICATION
CHECK,Check,ESA,SEED_DATA_FROM_APPLICATION
CHECK,Check,HR,SEED_DATA_FROM_APPLICATION
CHECK,Check,IS,SEED_DATA_FROM_APPLICATION
CHECK,Check,LT,SEED_DATA_FROM_APPLICATION
CHECK,Check,PT,SEED_DATA_FROM_APPLICATION
CHECK,Check,SK,SEED_DATA_FROM_APPLICATION
CHECK,Check,SL,SEED_DATA_FROM_APPLICATION
CHECK,Check,ET,SEED_DATA_FROM_APPLICATION
CHECK,Check,LV,SEED_DATA_FROM_APPLICATION
CLEARING,Clearing,EL,SEED_DATA_FROM_APPLICATION
CLEARING,Clearing,ESA,SEED_DATA_FROM_APPLICATION
CLEARING,Clearing,HR,SEED_DATA_FROM_APPLICATION
CLEARING,Clearing,IS,SEED_DATA_FROM_APPLICATION
CLEARING,Clearing,LT,SEED_DATA_FROM_APPLICATION
CLEARING,Clearing,PT,SEED_DATA_FROM_APPLICATION
CLEARING,Clearing,SK,SEED_DATA_FROM_APPLICATION
CLEARING,Clearing,SL,SEED_DATA_FROM_APPLICATION
CLEARING,Clearing,ET,SEED_DATA_FROM_APPLICATION
CLEARING,Clearing,LV,SEED_DATA_FROM_APPLICATION
CWT,CWT (e-Commerce Gateway),EL,SEED_DATA_FROM_APPLICATION
CWT,CWT (e-Commerce Gateway),ESA,SEED_DATA_FROM_APPLICATION
CWT,CWT (e-Commerce Gateway),HR,SEED_DATA_FROM_APPLICATION
CWT,CWT (e-Commerce Gateway),IS,SEED_DATA_FROM_APPLICATION
CWT,CWT (e-Commerce Gateway),LT,SEED_DATA_FROM_APPLICATION
CWT,CWT (e-Commerce Gateway),PT,SEED_DATA_FROM_APPLICATION
CWT,CWT (e-Commerce Gateway),SK,SEED_DATA_FROM_APPLICATION
CWT,CWT (e-Commerce Gateway),SL,SEED_DATA_FROM_APPLICATION
CWT,CWT (e-Commerce Gateway),ET,SEED_DATA_FROM_APPLICATION
CWT,CWT (e-Commerce Gateway),LV,SEED_DATA_FROM_APPLICATION
DK_1,Domestic Check,EL,SEED_DATA_FROM_APPLICATION
DK_1,Domestic Check,ESA,SEED_DATA_FROM_APPLICATION
DK_1,Domestic Check,HR,SEED_DATA_FROM_APPLICATION
DK_1,Domestic Check,IS,SEED_DATA_FROM_APPLICATION
DK_1,Domestic Check,LT,SEED_DATA_FROM_APPLICATION
DK_1,Domestic Check,PT,SEED_DATA_FROM_APPLICATION
DK_1,Domestic Check,SK,SEED_DATA_FROM_APPLICATION
DK_1,Domestic Check,SL,SEED_DATA_FROM_APPLICATION
DK_1,Domestic Check,ET,SEED_DATA_FROM_APPLICATION
DK_1,Domestic Check,LV,SEED_DATA_FROM_APPLICATION
DK_10,Foreign Transfer with Exchange and Green Notice,EL,SEED_DATA_FROM_APPLICATION
DK_10,Foreign Transfer with Exchange and Green Notice,ESA,SEED_DATA_FROM_APPLICATION
DK_10,Foreign Transfer with Exchange and Green Notice,HR,SEED_DATA_FROM_APPLICATION
DK_10,Foreign Transfer with Exchange and Green Notice,IS,SEED_DATA_FROM_APPLICATION
DK_10,Foreign Transfer with Exchange and Green Notice,LT,SEED_DATA_FROM_APPLICATION
DK_10,Foreign Transfer with Exchange and Green Notice,PT,SEED_DATA_FROM_APPLICATION
DK_10,Foreign Transfer with Exchange and Green Notice,SK,SEED_DATA_FROM_APPLICATION
DK_10,Foreign Transfer with Exchange and Green Notice,SL,SEED_DATA_FROM_APPLICATION
DK_10,Foreign Transfer with Exchange and Green Notice,ET,SEED_DATA_FROM_APPLICATION
DK_10,Foreign Transfer with Exchange and Green Notice,LV,SEED_DATA_FROM_APPLICATION
DK_2,Domestic Transfer Short Notice,EL,SEED_DATA_FROM_APPLICATION
DK_2,Domestic Transfer Short Notice,ESA,SEED_DATA_FROM_APPLICATION
DK_2,Domestic Transfer Short Notice,HR,SEED_DATA_FROM_APPLICATION
DK_2,Domestic Transfer Short Notice,IS,SEED_DATA_FROM_APPLICATION
DK_2,Domestic Transfer Short Notice,LT,SEED_DATA_FROM_APPLICATION
DK_2,Domestic Transfer Short Notice,PT,SEED_DATA_FROM_APPLICATION
DK_2,Domestic Transfer Short Notice,SK,SEED_DATA_FROM_APPLICATION
DK_2,Domestic Transfer Short Notice,SL,SEED_DATA_FROM_APPLICATION
DK_2,Domestic Transfer Short Notice,ET,SEED_DATA_FROM_APPLICATION
DK_2,Domestic Transfer Short Notice,LV,SEED_DATA_FROM_APPLICATION
DK_3,Domestic Transfer Long Notice,EL,SEED_DATA_FROM_APPLICATION
DK_3,Domestic Transfer Long Notice,ESA,SEED_DATA_FROM_APPLICATION
DK_3,Domestic Transfer Long Notice,HR,SEED_DATA_FROM_APPLICATION
DK_3,Domestic Transfer Long Notice,IS,SEED_DATA_FROM_APPLICATION
DK_3,Domestic Transfer Long Notice,LT,SEED_DATA_FROM_APPLICATION
DK_3,Domestic Transfer Long Notice,PT,SEED_DATA_FROM_APPLICATION
DK_3,Domestic Transfer Long Notice,SK,SEED_DATA_FROM_APPLICATION
DK_3,Domestic Transfer Long Notice,SL,SEED_DATA_FROM_APPLICATION
DK_3,Domestic Transfer Long Notice,ET,SEED_DATA_FROM_APPLICATION
DK_3,Domestic Transfer Long Notice,LV,SEED_DATA_FROM_APPLICATION
DK_4,"Giro Inpayment Form, Type 01",EL,SEED_DATA_FROM_APPLICATION
DK_4,"Giro Inpayment Form, Type 01",ESA,SEED_DATA_FROM_APPLICATION
DK_4,"Giro Inpayment Form, Type 01",HR,SEED_DATA_FROM_APPLICATION
DK_4,"Giro Inpayment Form, Type 01",IS,SEED_DATA_FROM_APPLICATION
DK_4,"Giro Inpayment Form, Type 01",LT,SEED_DATA_FROM_APPLICATION
DK_4,"Giro Inpayment Form, Type 01",PT,SEED_DATA_FROM_APPLICATION
DK_4,"Giro Inpayment Form, Type 01",SK,SEED_DATA_FROM_APPLICATION
DK_4,"Giro Inpayment Form, Type 01",SL,SEED_DATA_FROM_APPLICATION
DK_4,"Giro Inpayment Form, Type 01",ET,SEED_DATA_FROM_APPLICATION
DK_4,"Giro Inpayment Form, Type 01",LV,SEED_DATA_FROM_APPLICATION
DK_5,"Giro Inpayment Form, Type 04",EL,SEED_DATA_FROM_APPLICATION
DK_5,"Giro Inpayment Form, Type 04",ESA,SEED_DATA_FROM_APPLICATION
DK_5,"Giro Inpayment Form, Type 04",HR,SEED_DATA_FROM_APPLICATION
DK_5,"Giro Inpayment Form, Type 04",IS,SEED_DATA_FROM_APPLICATION
DK_5,"Giro Inpayment Form, Type 04",LT,SEED_DATA_FROM_APPLICATION
DK_5,"Giro Inpayment Form, Type 04",PT,SEED_DATA_FROM_APPLICATION
DK_5,"Giro Inpayment Form, Type 04",SK,SEED_DATA_FROM_APPLICATION
DK_5,"Giro Inpayment Form, Type 04",SL,SEED_DATA_FROM_APPLICATION
DK_5,"Giro Inpayment Form, Type 04",ET,SEED_DATA_FROM_APPLICATION
DK_5,"Giro Inpayment Form, Type 04",LV,SEED_DATA_FROM_APPLICATION
DK_6,"Giro Inpayment Form, Type 15",EL,SEED_DATA_FROM_APPLICATION
DK_6,"Giro Inpayment Form, Type 15",ESA,SEED_DATA_FROM_APPLICATION
DK_6,"Giro Inpayment Form, Type 15",HR,SEED_DATA_FROM_APPLICATION
DK_6,"Giro Inpayment Form, Type 15",IS,SEED_DATA_FROM_APPLICATION
DK_6,"Giro Inpayment Form, Type 15",LT,SEED_DATA_FROM_APPLICATION
DK_6,"Giro Inpayment Form, Type 15",PT,SEED_DATA_FROM_APPLICATION
DK_6,"Giro Inpayment Form, Type 15",SK,SEED_DATA_FROM_APPLICATION
DK_6,"Giro Inpayment Form, Type 15",SL,SEED_DATA_FROM_APPLICATION
DK_6,"Giro Inpayment Form, Type 15",ET,SEED_DATA_FROM_APPLICATION
DK_6,"Giro Inpayment Form, Type 15",LV,SEED_DATA_FROM_APPLICATION
DK_7,"Giro Inpayment Form, Type 71",EL,SEED_DATA_FROM_APPLICATION
DK_7,"Giro Inpayment Form, Type 71",ESA,SEED_DATA_FROM_APPLICATION
DK_7,"Giro Inpayment Form, Type 71",HR,SEED_DATA_FROM_APPLICATION
DK_7,"Giro Inpayment Form, Type 71",IS,SEED_DATA_FROM_APPLICATION
DK_7,"Giro Inpayment Form, Type 71",LT,SEED_DATA_FROM_APPLICATION
DK_7,"Giro Inpayment Form, Type 71",PT,SEED_DATA_FROM_APPLICATION
DK_7,"Giro Inpayment Form, Type 71",SK,SEED_DATA_FROM_APPLICATION
DK_7,"Giro Inpayment Form, Type 71",SL,SEED_DATA_FROM_APPLICATION
DK_7,"Giro Inpayment Form, Type 71",ET,SEED_DATA_FROM_APPLICATION
DK_7,"Giro Inpayment Form, Type 71",LV,SEED_DATA_FROM_APPLICATION
DK_8,Foreign Check Sent to Payee,EL,SEED_DATA_FROM_APPLICATION
DK_8,Foreign Check Sent to Payee,ESA,SEED_DATA_FROM_APPLICATION
DK_8,Foreign Check Sent to Payee,HR,SEED_DATA_FROM_APPLICATION
DK_8,Foreign Check Sent to Payee,IS,SEED_DATA_FROM_APPLICATION
DK_8,Foreign Check Sent to Payee,LT,SEED_DATA_FROM_APPLICATION
DK_8,Foreign Check Sent to Payee,PT,SEED_DATA_FROM_APPLICATION
DK_8,Foreign Check Sent to Payee,SK,SEED_DATA_FROM_APPLICATION
DK_8,Foreign Check Sent to Payee,SL,SEED_DATA_FROM_APPLICATION
DK_8,Foreign Check Sent to Payee,ET,SEED_DATA_FROM_APPLICATION
DK_8,Foreign Check Sent to Payee,LV,SEED_DATA_FROM_APPLICATION
DK_9,Foreign Check Sent to Payer,EL,SEED_DATA_FROM_APPLICATION
DK_9,Foreign Check Sent to Payer,ESA,SEED_DATA_FROM_APPLICATION
DK_9,Foreign Check Sent to Payer,HR,SEED_DATA_FROM_APPLICATION
DK_9,Foreign Check Sent to Payer,IS,SEED_DATA_FROM_APPLICATION
DK_9,Foreign Check Sent to Payer,LT,SEED_DATA_FROM_APPLICATION
DK_9,Foreign Check Sent to Payer,PT,SEED_DATA_FROM_APPLICATION
DK_9,Foreign Check Sent to Payer,SK,SEED_DATA_FROM_APPLICATION
DK_9,Foreign Check Sent to Payer,SL,SEED_DATA_FROM_APPLICATION
DK_9,Foreign Check Sent to Payer,ET,SEED_DATA_FROM_APPLICATION
DK_9,Foreign Check Sent to Payer,LV,SEED_DATA_FROM_APPLICATION
EFT,Electronic,EL,SEED_DATA_FROM_APPLICATION
EFT,Electronic,ESA,SEED_DATA_FROM_APPLICATION
EFT,Electronic,HR,SEED_DATA_FROM_APPLICATION
EFT,Electronic,IS,SEED_DATA_FROM_APPLICATION
EFT,Electronic,LT,SEED_DATA_FROM_APPLICATION
EFT,Electronic,PT,SEED_DATA_FROM_APPLICATION
EFT,Electronic,SK,SEED_DATA_FROM_APPLICATION
EFT,Electronic,SL,SEED_DATA_FROM_APPLICATION
EFT,Electronic,ET,SEED_DATA_FROM_APPLICATION
EFT,Electronic,LV,SEED_DATA_FROM_APPLICATION
FEW,FEW (e-Commerce Gateway),EL,SEED_DATA_FROM_APPLICATION
FEW,FEW (e-Commerce Gateway),ESA,SEED_DATA_FROM_APPLICATION
FEW,FEW (e-Commerce Gateway),HR,SEED_DATA_FROM_APPLICATION
FEW,FEW (e-Commerce Gateway),IS,SEED_DATA_FROM_APPLICATION
FEW,FEW (e-Commerce Gateway),LT,SEED_DATA_FROM_APPLICATION
FEW,FEW (e-Commerce Gateway),PT,SEED_DATA_FROM_APPLICATION
FEW,FEW (e-Commerce Gateway),SK,SEED_DATA_FROM_APPLICATION
FEW,FEW (e-Commerce Gateway),SL,SEED_DATA_FROM_APPLICATION
FEW,FEW (e-Commerce Gateway),ET,SEED_DATA_FROM_APPLICATION
FEW,FEW (e-Commerce Gateway),LV,SEED_DATA_FROM_APPLICATION
FWT,FWT (e-Commerce Gateway),EL,SEED_DATA_FROM_APPLICATION
FWT,FWT (e-Commerce Gateway),ESA,SEED_DATA_FROM_APPLICATION
FWT,FWT (e-Commerce Gateway),HR,SEED_DATA_FROM_APPLICATION
FWT,FWT (e-Commerce Gateway),IS,SEED_DATA_FROM_APPLICATION
FWT,FWT (e-Commerce Gateway),LT,SEED_DATA_FROM_APPLICATION
FWT,FWT (e-Commerce Gateway),PT,SEED_DATA_FROM_APPLICATION
FWT,FWT (e-Commerce Gateway),SK,SEED_DATA_FROM_APPLICATION
FWT,FWT (e-Commerce Gateway),SL,SEED_DATA_FROM_APPLICATION
FWT,FWT (e-Commerce Gateway),ET,SEED_DATA_FROM_APPLICATION
FWT,FWT (e-Commerce Gateway),LV,SEED_DATA_FROM_APPLICATION
OUTSOURCED_CHECK,Outsourced Check,EL,SEED_DATA_FROM_APPLICATION
OUTSOURCED_CHECK,Outsourced Check,ESA,SEED_DATA_FROM_APPLICATION
OUTSOURCED_CHECK,Outsourced Check,HR,SEED_DATA_FROM_APPLICATION
OUTSOURCED_CHECK,Outsourced Check,IS,SEED_DATA_FROM_APPLICATION
OUTSOURCED_CHECK,Outsourced Check,LT,SEED_DATA_FROM_APPLICATION
OUTSOURCED_CHECK,Outsourced Check,PT,SEED_DATA_FROM_APPLICATION
OUTSOURCED_CHECK,Outsourced Check,SK,SEED_DATA_FROM_APPLICATION
OUTSOURCED_CHECK,Outsourced Check,SL,SEED_DATA_FROM_APPLICATION
OUTSOURCED_CHECK,Outsourced Check,ET,SEED_DATA_FROM_APPLICATION
OUTSOURCED_CHECK,Outsourced Check,LV,SEED_DATA_FROM_APPLICATION
SWT,SWT (e-Commerce Gateway),EL,SEED_DATA_FROM_APPLICATION
SWT,SWT (e-Commerce Gateway),ESA,SEED_DATA_FROM_APPLICATION
SWT,SWT (e-Commerce Gateway),HR,SEED_DATA_FROM_APPLICATION
SWT,SWT (e-Commerce Gateway),IS,SEED_DATA_FROM_APPLICATION
SWT,SWT (e-Commerce Gateway),LT,SEED_DATA_FROM_APPLICATION
SWT,SWT (e-Commerce Gateway),PT,SEED_DATA_FROM_APPLICATION
SWT,SWT (e-Commerce Gateway),SK,SEED_DATA_FROM_APPLICATION
SWT,SWT (e-Commerce Gateway),SL,SEED_DATA_FROM_APPLICATION
SWT,SWT (e-Commerce Gateway),ET,SEED_DATA_FROM_APPLICATION
SWT,SWT (e-Commerce Gateway),LV,SEED_DATA_FROM_APPLICATION
WIRE,Wire,EL,SEED_DATA_FROM_APPLICATION
WIRE,Wire,ESA,SEED_DATA_FROM_APPLICATION
WIRE,Wire,HR,SEED_DATA_FROM_APPLICATION
WIRE,Wire,IS,SEED_DATA_FROM_APPLICATION
WIRE,Wire,LT,SEED_DATA_FROM_APPLICATION
WIRE,Wire,PT,SEED_DATA_FROM_APPLICATION
WIRE,Wire,SK,SEED_DATA_FROM_APPLICATION
WIRE,Wire,SL,SEED_DATA_FROM_APPLICATION
WIRE,Wire,ET,SEED_DATA_FROM_APPLICATION
WIRE,Wire,LV,SEED_DATA_FROM_APPLICATION
ZZZ,ZZZ (e-Commerce Gateway),EL,SEED_DATA_FROM_APPLICATION
ZZZ,ZZZ (e-Commerce Gateway),ESA,SEED_DATA_FROM_APPLICATION
ZZZ,ZZZ (e-Commerce Gateway),HR,SEED_DATA_FROM_APPLICATION
ZZZ,ZZZ (e-Commerce Gateway),IS,SEED_DATA_FROM_APPLICATION
ZZZ,ZZZ (e-Commerce Gateway),LT,SEED_DATA_FROM_APPLICATION
ZZZ,ZZZ (e-Commerce Gateway),PT,SEED_DATA_FROM_APPLICATION
ZZZ,ZZZ (e-Commerce Gateway),SK,SEED_DATA_FROM_APPLICATION
ZZZ,ZZZ (e-Commerce Gateway),SL,SEED_DATA_FROM_APPLICATION
ZZZ,ZZZ (e-Commerce Gateway),ET,SEED_DATA_FROM_APPLICATION
ZZZ,ZZZ (e-Commerce Gateway),LV,SEED_DATA_FROM_APPLICATION
EFT-SEPA,Electronic - SEPA,EL,FIN_IMPL
EFT-SEPA,Electronic - SEPA,ESA,FIN_IMPL
EFT-SEPA,Electronic - SEPA,HR,FIN_IMPL
EFT-SEPA,Electronic - SEPA,IS,FIN_IMPL
EFT-SEPA,Electronic - SEPA,LT,FIN_IMPL
EFT-SEPA,Electronic - SEPA,PT,FIN_IMPL
EFT-SEPA,Electronic - SEPA,SK,FIN_IMPL
EFT-SEPA,Electronic - SEPA,SL,FIN_IMPL
EFT-SEPA,Electronic - SEPA,ET,FIN_IMPL
EFT-SEPA,Electronic - SEPA,LV,FIN_IMPL
ES_TF,Transferencia,EL,FIN_IMPL
ES_TF,Transferencia,ESA,FIN_IMPL
ES_TF,Transferencia,HR,FIN_IMPL
ES_TF,Transferencia,IS,FIN_IMPL
ES_TF,Transferencia,LT,FIN_IMPL
ES_TF,Transferencia,PT,FIN_IMPL
ES_TF,Transferencia,SK,FIN_IMPL
ES_TF,Transferencia,SL,FIN_IMPL
ES_TF,Transferencia,ET,FIN_IMPL
ES_TF,Transferencia,LV,FIN_IMPL
ES_DB,Domiciliacion Bancaria,EL,FIN_IMPL
ES_DB,Domiciliacion Bancaria,ESA,FIN_IMPL
ES_DB,Domiciliacion Bancaria,HR,FIN_IMPL
ES_DB,Domiciliacion Bancaria,IS,FIN_IMPL
ES_DB,Domiciliacion Bancaria,LT,FIN_IMPL
ES_DB,Domiciliacion Bancaria,PT,FIN_IMPL
ES_DB,Domiciliacion Bancaria,SK,FIN_IMPL
ES_DB,Domiciliacion Bancaria,SL,FIN_IMPL
ES_DB,Domiciliacion Bancaria,ET,FIN_IMPL
ES_DB,Domiciliacion Bancaria,LV,FIN_IMPL
ES_CHQ,Cheque,EL,FIN_IMPL
ES_CHQ,Cheque,ESA,FIN_IMPL
ES_CHQ,Cheque,HR,FIN_IMPL
ES_CHQ,Cheque,IS,FIN_IMPL
ES_CHQ,Cheque,LT,FIN_IMPL
ES_CHQ,Cheque,PT,FIN_IMPL
ES_CHQ,Cheque,SK,FIN_IMPL
ES_CHQ,Cheque,SL,FIN_IMPL
ES_CHQ,Cheque,ET,FIN_IMPL
ES_CHQ,Cheque,LV,FIN_IMPL
ES_PGR,Pagare,EL,FIN_IMPL
ES_PGR,Pagare,ESA,FIN_IMPL
ES_PGR,Pagare,HR,FIN_IMPL
ES_PGR,Pagare,IS,FIN_IMPL
ES_PGR,Pagare,LT,FIN_IMPL
ES_PGR,Pagare,PT,FIN_IMPL
ES_PGR,Pagare,SK,FIN_IMPL
ES_PGR,Pagare,SL,FIN_IMPL
ES_PGR,Pagare,ET,FIN_IMPL
ES_PGR,Pagare,LV,FIN_IMPL
ES_RCB,Recibo,EL,FIN_IMPL
ES_RCB,Recibo,ESA,FIN_IMPL
ES_RCB,Recibo,HR,FIN_IMPL
ES_RCB,Recibo,IS,FIN_IMPL
ES_RCB,Recibo,LT,FIN_IMPL
ES_RCB,Recibo,PT,FIN_IMPL
ES_RCB,Recibo,SK,FIN_IMPL
ES_RCB,Recibo,SL,FIN_IMPL
ES_RCB,Recibo,ET,FIN_IMPL
ES_RCB,Recibo,LV,FIN_IMPL
SE_BG,Bankgiro,EL,FIN_IMPL
SE_BG,Bankgiro,ESA,FIN_IMPL
SE_BG,Bankgiro,HR,FIN_IMPL
SE_BG,Bankgiro,IS,FIN_IMPL
SE_BG,Bankgiro,LT,FIN_IMPL
SE_BG,Bankgiro,PT,FIN_IMPL
SE_BG,Bankgiro,SK,FIN_IMPL
SE_BG,Bankgiro,SL,FIN_IMPL
SE_BG,Bankgiro,ET,FIN_IMPL
SE_BG,Bankgiro,LV,FIN_IMPL
SE_PG,Plusgiro,EL,FIN_IMPL
SE_PG,Plusgiro,ESA,FIN_IMPL
SE_PG,Plusgiro,HR,FIN_IMPL
SE_PG,Plusgiro,IS,FIN_IMPL
SE_PG,Plusgiro,LT,FIN_IMPL
SE_PG,Plusgiro,PT,FIN_IMPL
SE_PG,Plusgiro,SK,FIN_IMPL
SE_PG,Plusgiro,SL,FIN_IMPL
SE_PG,Plusgiro,ET,FIN_IMPL
SE_PG,Plusgiro,LV,FIN_IMPL
FUSION NEW PAYMENT METHOD,FUSION NEW PAYMENT METHOD,ZHT,FUSION_PAT
FUSION NEW PAYMENT METHOD,FUSION NEW PAYMENT METHOD,ZHS,FUSION_PAT
FUSION NEW PAYMENT METHOD,FUSION NEW PAYMENT METHOD,TR,FUSION_PAT
FUSION NEW PAYMENT METHOD,FUSION NEW PAYMENT METHOD,SF,FUSION_PAT
FUSION NEW PAYMENT METHOD,FUSION NEW PAYMENT METHOD,S,FUSION_PAT
FUSION NEW PAYMENT METHOD,FUSION NEW PAYMENT METHOD,RU,FUSION_PAT
FUSION NEW PAYMENT METHOD,FUSION NEW PAYMENT METHOD,PTB,FUSION_PAT
FUSION NEW PAYMENT METHOD,FUSION NEW PAYMENT METHOD,PL,FUSION_PAT
FUSION NEW PAYMENT METHOD,FUSION NEW PAYMENT METHOD,NL,FUSION_PAT
FUSION NEW PAYMENT METHOD,FUSION NEW PAYMENT METHOD,KO,FUSION_PAT
FUSION NEW PAYMENT METHOD,FUSION NEW PAYMENT METHOD,JA,FUSION_PAT
FUSION NEW PAYMENT METHOD,FUSION NEW PAYMENT METHOD,I,FUSION_PAT
FUSION NEW PAYMENT METHOD,FUSION NEW PAYMENT METHOD,FRC,FUSION_PAT
FUSION NEW PAYMENT METHOD,FUSION NEW PAYMENT METHOD,F,FUSION_PAT
FUSION NEW PAYMENT METHOD,FUSION NEW PAYMENT METHOD,E,FUSION_PAT
FUSION NEW PAYMENT METHOD,FUSION NEW PAYMENT METHOD,DK,FUSION_PAT
FUSION NEW PAYMENT METHOD,FUSION NEW PAYMENT METHOD,D,FUSION_PAT
FUSION NEW PAYMENT METHOD,FUSION NEW PAYMENT METHOD,AR,FUSION_PAT
FUSION NEW PAYMENT METHOD,FUSION NEW PAYMENT METHOD,US,FUSION_PAT
ORA_JPMC_EFT_PM,JPM EFT Payment Method,US,SEED_DATA_FROM_APPLICATION
FUSION BILLS PAYMENT METHOD,FUSION BILLS PAYMENT METHOD,ZHT,FUSION_PAT
FUSION BILLS PAYMENT METHOD,FUSION BILLS PAYMENT METHOD,ZHS,FUSION_PAT
FUSION BILLS PAYMENT METHOD,FUSION BILLS PAYMENT METHOD,TR,FUSION_PAT
FUSION BILLS PAYMENT METHOD,FUSION BILLS PAYMENT METHOD,SF,FUSION_PAT
FUSION BILLS PAYMENT METHOD,FUSION BILLS PAYMENT METHOD,S,FUSION_PAT
FUSION BILLS PAYMENT METHOD,FUSION BILLS PAYMENT METHOD,RU,FUSION_PAT
FUSION BILLS PAYMENT METHOD,FUSION BILLS PAYMENT METHOD,PTB,FUSION_PAT
FUSION BILLS PAYMENT METHOD,FUSION BILLS PAYMENT METHOD,PL,FUSION_PAT
FUSION BILLS PAYMENT METHOD,FUSION BILLS PAYMENT METHOD,NL,FUSION_PAT
FUSION BILLS PAYMENT METHOD,FUSION BILLS PAYMENT METHOD,KO,FUSION_PAT
FUSION BILLS PAYMENT METHOD,FUSION BILLS PAYMENT METHOD,JA,FUSION_PAT
FUSION BILLS PAYMENT METHOD,FUSION BILLS PAYMENT METHOD,I,FUSION_PAT
FUSION BILLS PAYMENT METHOD,FUSION BILLS PAYMENT METHOD,FRC,FUSION_PAT
FUSION BILLS PAYMENT METHOD,FUSION BILLS PAYMENT METHOD,F,FUSION_PAT
FUSION BILLS PAYMENT METHOD,FUSION BILLS PAYMENT METHOD,E,FUSION_PAT
FUSION BILLS PAYMENT METHOD,FUSION BILLS PAYMENT METHOD,DK,FUSION_PAT
FUSION BILLS PAYMENT METHOD,FUSION BILLS PAYMENT METHOD,D,FUSION_PAT
FUSION BILLS PAYMENT METHOD,FUSION BILLS PAYMENT METHOD,AR,FUSION_PAT
FUSION BILLS PAYMENT METHOD,FUSION BILLS PAYMENT METHOD,US,FUSION_PAT
NETTING,AP/AR Netting,ZHT,Implementation.user
NETTING,AP/AR Netting,ZHS,Implementation.user
NETTING,AP/AR Netting,US,Implementation.user
NETTING,AP/AR Netting,TR,Implementation.user
NETTING,AP/AR Netting,TH,Implementation.user
NETTING,AP/AR Netting,SF,Implementation.user
NETTING,AP/AR Netting,S,Implementation.user
NETTING,AP/AR Netting,RU,Implementation.user
NETTING,AP/AR Netting,RO,Implementation.user
NETTING,AP/AR Netting,PTB,Implementation.user
NETTING,AP/AR Netting,PL,Implementation.user
NETTING,AP/AR Netting,NL,Implementation.user
NETTING,AP/AR Netting,N,Implementation.user
NETTING,AP/AR Netting,KO,Implementation.user
NETTING,AP/AR Netting,JA,Implementation.user
NETTING,AP/AR Netting,IW,Implementation.user
NETTING,AP/AR Netting,I,Implementation.user
NETTING,AP/AR Netting,HU,Implementation.user
NETTING,AP/AR Netting,FRC,Implementation.user
NETTING,AP/AR Netting,F,Implementation.user
NETTING,AP/AR Netting,E,Implementation.user
NETTING,AP/AR Netting,DK,Implementation.user
NETTING,AP/AR Netting,D,Implementation.user
NETTING,AP/AR Netting,CS,Implementation.user
NETTING,AP/AR Netting,AR,Implementation.user
CASH,Cash,ZHT,Implementation.user
CASH,Cash,ZHS,Implementation.user
CASH,Cash,US,Implementation.user
CASH,Cash,TR,Implementation.user
CASH,Cash,TH,Implementation.user
CASH,Cash,SF,Implementation.user
CASH,Cash,S,Implementation.user
CASH,Cash,RU,Implementation.user
CASH,Cash,RO,Implementation.user
CASH,Cash,PTB,Implementation.user
CASH,Cash,PL,Implementation.user
CASH,Cash,NL,Implementation.user
CASH,Cash,N,Implementation.user
CASH,Cash,KO,Implementation.user
CASH,Cash,JA,Implementation.user
CASH,Cash,IW,Implementation.user
CASH,Cash,I,Implementation.user
CASH,Cash,HU,Implementation.user
CASH,Cash,FRC,Implementation.user
CASH,Cash,F,Implementation.user
CASH,Cash,E,Implementation.user
CASH,Cash,DK,Implementation.user
CASH,Cash,D,Implementation.user
CASH,Cash,CS,Implementation.user
CASH,Cash,AR,Implementation.user
FUSION NEW PAYMENT METHOD,FUSION NEW PAYMENT METHOD,CS,FUSION_PAT
FUSION NEW PAYMENT METHOD,FUSION NEW PAYMENT METHOD,HU,FUSION_PAT
FUSION NEW PAYMENT METHOD,FUSION NEW PAYMENT METHOD,IW,FUSION_PAT
FUSION NEW PAYMENT METHOD,FUSION NEW PAYMENT METHOD,N,FUSION_PAT
FUSION NEW PAYMENT METHOD,FUSION NEW PAYMENT METHOD,RO,FUSION_PAT
FUSION NEW PAYMENT METHOD,FUSION NEW PAYMENT METHOD,TH,FUSION_PAT
FUSION BILLS PAYMENT METHOD,FUSION BILLS PAYMENT METHOD,CS,FUSION_PAT
FUSION BILLS PAYMENT METHOD,FUSION BILLS PAYMENT METHOD,HU,FUSION_PAT
FUSION BILLS PAYMENT METHOD,FUSION BILLS PAYMENT METHOD,IW,FUSION_PAT
FUSION BILLS PAYMENT METHOD,FUSION BILLS PAYMENT METHOD,N,FUSION_PAT
FUSION BILLS PAYMENT METHOD,FUSION BILLS PAYMENT METHOD,RO,FUSION_PAT
FUSION BILLS PAYMENT METHOD,FUSION BILLS PAYMENT METHOD,TH,FUSION_PAT
ORA_JPMC_EFT_PM,طريقة السداد بالتحويل الإلكتروني للأموال لأجل JPM,AR,SEED_DATA_FROM_APPLICATION
ORA_JPMC_EFT_PM,JPM - způsob platby EPFP,CS,SEED_DATA_FROM_APPLICATION
ORA_JPMC_EFT_PM,JPM EFT-Zahlungsart,D,SEED_DATA_FROM_APPLICATION
ORA_JPMC_EFT_PM,JPM EFT-betalingsmåde,DK,SEED_DATA_FROM_APPLICATION
ORA_JPMC_EFT_PM,Método de pago de TEF de JPM,E,SEED_DATA_FROM_APPLICATION
ORA_JPMC_EFT_PM,Mode de paiement par TEF JPM,F,SEED_DATA_FROM_APPLICATION
ORA_JPMC_EFT_PM,Mode de paiement TEF JPM,FRC,SEED_DATA_FROM_APPLICATION
ORA_JPMC_EFT_PM,JPM - Elektronikus banki átutalás kifizetési módja,HU,SEED_DATA_FROM_APPLICATION
ORA_JPMC_EFT_PM,Metodo di pagamento TEF JPM,I,SEED_DATA_FROM_APPLICATION
ORA_JPMC_EFT_PM,שיטת תשלום JPM EFT,IW,SEED_DATA_FROM_APPLICATION
ORA_JPMC_EFT_PM,JPM EFT支払方法,JA,SEED_DATA_FROM_APPLICATION
ORA_JPMC_EFT_PM,JPM EFT 지급 방법,KO,SEED_DATA_FROM_APPLICATION
ORA_JPMC_EFT_PM,EFT-betalingsmåte for JPM,N,SEED_DATA_FROM_APPLICATION
ORA_JPMC_EFT_PM,JPM EFT: Betalingswijze,NL,SEED_DATA_FROM_APPLICATION
ORA_JPMC_EFT_PM,Metoda płatności ETF JPM,PL,SEED_DATA_FROM_APPLICATION
ORA_JPMC_EFT_PM,JPM - Método de Pagamento TEF,PTB,SEED_DATA_FROM_APPLICATION
ORA_JPMC_EFT_PM,JPM: Metodă de plată EFT,RO,SEED_DATA_FROM_APPLICATION
ORA_JPMC_EFT_PM,JPM: метод платежа EFT,RU,SEED_DATA_FROM_APPLICATION
ORA_JPMC_EFT_PM,JPM - betalningssättet Girering,S,SEED_DATA_FROM_APPLICATION
ORA_JPMC_EFT_PM,JPM EFT-maksumuoto,SF,SEED_DATA_FROM_APPLICATION
ORA_JPMC_EFT_PM,วิธีชำระเงินผ่าน JPM EFT,TH,SEED_DATA_FROM_APPLICATION
ORA_JPMC_EFT_PM,JPM EFT Ödeme Yöntemi,TR,SEED_DATA_FROM_APPLICATION
ORA_JPMC_EFT_PM,JPM EFT 付款方式,ZHS,SEED_DATA_FROM_APPLICATION
ORA_JPMC_EFT_PM,JPM EFT 付款方式,ZHT,SEED_DATA_FROM_APPLICATION
