UNIT_OF_MEASURE_ID,UOM_CODE,UNIT_OF_MEASURE,DISABLE_DATE,CREATED_BY
300000156597723,QTR,QTR,null,AVA.CLARK
300000177175104,zzB,Bx,null,SCM_IMPL
300000047284445,zzx,in,null,SCM_IMPL
300000047284451,zzv,Month,null,SCM_IMPL
300000047284457,zzt,Hr,null,SCM_IMPL
300000047284460,zzs,cu in,null,SCM_IMPL
300000047284467,zzp,TB,null,SCM_IMPL
300000047284469,zzn,cm,null,SCM_IMPL
300000047284471,zzl,mm,null,SCM_IMPL
300000047284473,zzj,Yr,null,SCM_IMPL
300000047284476,zzg,Min,null,SCM_IMPL
300000047284478,zze,Week,null,SCM_IMPL
300000047284480,zzc,cu ft,null,SCM_IMPL
300000047284482,zza,mL,null,SCM_IMPL
300000047284484,zzY,oz,null,SCM_IMPL
300000047284486,zzW,mg,null,SCM_IMPL
300000069554922,zzT,GBP,null,SCM_IMPL
300000069554923,zzS,EUR,null,SCM_IMPL
300000069554924,zzR,CNY,null,SCM_IMPL
300000116443105,zzQ,kWh,null,SCM_IMPL
300000152243443,mi,mi,null,SCM_IMPL
300000177175172,zzG,Bg,null,SCM_IMPL
300000177175173,zzO,Bt,null,SCM_IMPL
300000069554919,zzU,USD,null,SCM_IMPL
300000152242640,MHz,MHz,null,SCM_IMPL
300000152243442,yd,yd,null,SCM_IMPL
300000154525516,MT,Mnth,null,JOHN.DUNBAR
300000154525551,YR,Year,null,JOHN.DUNBAR
300000156397636,mp,mp,null,SCM_IMPL
300000047284442,zzy,GB,null,SCM_IMPL
300000047284448,zzw,fl oz,null,SCM_IMPL
300000047284454,zzu,Ea,null,SCM_IMPL
300000047284463,zzr,lb,null,SCM_IMPL
300000047284466,zzq,MB,null,SCM_IMPL
300000047284468,zzo,m,null,SCM_IMPL
300000047284470,zzm,ft,null,SCM_IMPL
300000047284472,zzk,km,null,SCM_IMPL
300000047284474,zzi,Ca,null,SCM_IMPL
300000047284475,zzh,Dz,null,SCM_IMPL
300000047284477,zzf,Day,null,SCM_IMPL
300000047284479,zzd,Sec,null,SCM_IMPL
300000047284481,zzb,L,null,SCM_IMPL
300000047284483,zzZ,m3,null,SCM_IMPL
300000047284485,zzX,kg,null,SCM_IMPL
300000047284487,zzV,g,null,SCM_IMPL
300000152242634,GHz,GHz,null,SCM_IMPL
300000156397637,px,px,null,SCM_IMPL
300000181137759,ALB,ALB,null,SCM_IMPL
300000183670797,BI,Biannual,null,SCM_IMPL
300000184239498,CM2,CM2,null,SCM_IMPL
300000184239499,KM2,KM2,null,SCM_IMPL
300000181250601,NM,Nm,null,SCM_IMPL
300000181852006,Lab,Lab,null,SCM_IMPL
300000183776823,cSt,cSt,null,SCM_IMPL
300000181736376,Gal,Gal,null,SCM_IMPL
300000181852003,Brx,Brx,null,SCM_IMPL
300000181852009,PU,PU,null,SCM_IMPL
300000182345261,V,V,null,SCM_IMPL
300000184239493,M2,M2,null,SCM_IMPL
300000184239500,IN2,IN2,null,SCM_IMPL
300000184239501,FT2,FT2,null,SCM_IMPL
300000184239502,MI2,MI2,null,SCM_IMPL
300000183776821,KHz,KHz,null,SCM_IMPL
300000194250217,ns,ns,null,SCM_IMPL
300000194348369,MM2,MM2,null,SCM_IMPL
300000194348441,dl,dl,null,SCM_IMPL
300000187673023,mmi,μm,null,SCM_IMPL
300000187673052,eV,eV,null,SCM_IMPL
300000187673055,amp,amp,null,SCM_IMPL
300000194250215,cg,cg,null,SCM_IMPL
300000194348371,HA,HA,null,SCM_IMPL
300000194348404,mm3,mm3,null,SCM_IMPL
300000194348409,hl,hl,null,SCM_IMPL
300000194348462,mA,mA,null,SCM_IMPL
300000194348406,cm3,cm3,null,SCM_IMPL
300000247034269,BD,Bundel,null,Implementation.user
300000247034279,CEA,CEach,null,Implementation.user
300000219374969,zzK,Pk,null,SCM_IMPL
300000246943032,XEA,XEA-1,null,XYZ.Media.User
300000205276834,PLT,PLT,null,SCM_IMPL
300000219400882,W,Watts,null,SCM_IMPL
300000219400885,lm,Lumen,null,SCM_IMPL
300000246942612,EA,XEA,null,XYZ.Media.User
