PRC_BU_ID,GENERATE_ORDERS_AUTOMATIC,GEN_ORDER_FOR_NEG_REQS_FLAG,CREATED_BY
300000132179374,Y,Y,PRC_IMPL
300000048608425,Y,Y,PRC_IMPL
300000047568131,Y,Y,PRC_IMPL
300000075888561,Y,Y,PRC_IMPL
300000093962136,Y,Y,PRC_IMPL
300000105578322,Y,Y,PRC_IMPL
300000136439946,Y,Y,PRC_IMPL
300000047498175,N,Y,PRC_IMPL
300000047826657,N,Y,PRC_IMPL
300000078974743,Y,Y,PRC_IMPL
300000048608417,Y,Y,PRC_IMPL
300000048716580,Y,Y,PRC_IMPL
300000046987012,Y,Y,FIN_IMPL
300000047826669,Y,Y,PRC_IMPL
300000048716576,Y,Y,PRC_IMPL
300000048608429,Y,Y,PRC_IMPL
300000123827898,Y,N,PRC_IMPL
300000047826661,Y,Y,PRC_IMPL
300000049671153,Y,Y,PRC_IMPL
300000132179348,Y,Y,PRC_IMPL
300000048716584,Y,Y,PRC_IMPL
300000105578390,Y,Y,PRC_IMPL
300000180010546,Y,Y,PRC_IMPL
300000047826665,Y,Y,PRC_IMPL
300000186345961,Y,Y,PRC_IMPL
300000217229393,Y,N,PRC_IMPL
300000242998906,Y,N,SCM_IMPL
300000246738350,N,N,Implementation.user
300000219208529,Y,Y,PRC_IMPL
300000116771605,Y,N,SCM_IMPL
300000246907510,Y,N,Implementation.user
