PRC_BU_ID,SECURITY_DIMENSION,USAGE,CONTENT_ZONE_NAME,CONTENT_ZONE_ID,CREATION_DATE,LAST_UPDATE_DATE,CREATED_BY
300000093962136,SECURED_BY_BU,REQUISITIONING,University US  Req Content Zon,300000095585168,2015-01-15T22:17:52.287+00:00,2015-01-15T22:18:41.719+00:00,ron.pines
300000048608417,SECURED_BY_BU,REQUISITIONING,Italy Req Content Zone,300000115688140,2015-10-20T19:35:13.000+00:00,2015-10-20T19:35:49.044+00:00,PATRIZIA.SERINI
300000048716576,SECURED_BY_BU,REQUISITIONING,Spain Req Content Zone,300000131571181,2016-08-25T20:13:56.981+00:00,2016-08-25T20:14:48.192+00:00,MARCOS.VARELA
300000048608429,SECURED_BY_BU,REQUISITIONING,Netherlands Req Content Zone,300000132147396,2016-09-23T19:43:27.000+00:00,2016-09-23T19:44:02.667+00:00,CHRISTIAAN.DERODE
300000048608429,AVAIL_ALL_WORKERS,PROCUREMENT,Netherlands Procurement,300000132147401,2016-09-23T19:44:06.396+00:00,2016-09-23T19:44:30.110+00:00,CHRISTIAAN.DERODE
300000105578390,SECURED_BY_BU,REQUISITIONING,Switzerland Req Zone,300000176073093,2018-10-29T19:54:08.000+00:00,2018-10-29T19:54:48.137+00:00,Martina.Hingis
300000046987012,AVAIL_ALL_WORKERS,PROCUREMENT,US1 Procurement,300000047378450,2013-11-04T16:44:30.000+00:00,2013-11-04T16:45:09.270+00:00,CALVIN.ROTH
300000046987012,AVAIL_ALL_REQ_BUS,REQUISITIONING,US1 Req Content Zone,300000047378452,2013-11-04T16:45:13.279+00:00,2022-08-30T07:12:24.446+00:00,CALVIN.ROTH
300000047826669,AVAIL_ALL_WORKERS,PROCUREMENT,Japan Procurement,300000101073152,2015-03-31T16:48:07.000+00:00,2015-03-31T16:48:55.594+00:00,MAKOTO.KIKUCHI
300000047498175,AVAIL_ALL_WORKERS,PROCUREMENT,UK Procurement,300000047837120,2013-11-22T17:49:13.000+00:00,2013-11-22T17:49:43.354+00:00,LIZ.MORGAN
300000047498175,SECURED_BY_BU,REQUISITIONING,UK Req Content Zone,300000047837122,2013-11-22T17:49:49.144+00:00,2013-11-22T17:50:46.320+00:00,LIZ.MORGAN
300000047568131,AVAIL_ALL_WORKERS,PROCUREMENT,France Procurement ,300000055053809,2014-01-31T00:24:23.000+00:00,2014-01-31T00:24:46.142+00:00,MARC.GRANDE
300000093962136,AVAIL_ALL_WORKERS,PROCUREMENT,University US Procurement,300000095585166,2015-01-15T22:16:49.000+00:00,2015-01-15T22:17:28.737+00:00,ron.pines
300000048608417,AVAIL_ALL_WORKERS,PROCUREMENT,Italy Procurement,300000115688143,2015-10-20T19:35:54.294+00:00,2015-10-20T19:36:22.316+00:00,PATRIZIA.SERINI
300000078974743,AVAIL_ALL_WORKERS,PROCUREMENT,Healthcare Procurement,300000116348131,2015-12-02T16:16:40.972+00:00,2015-12-02T16:17:14.992+00:00,camille.fredricks
300000132179374,AVAIL_ALL_WORKERS,PROCUREMENT,Fin Svcs UK Procurement,300000136466915,2016-12-07T16:38:56.000+00:00,2016-12-07T16:39:25.794+00:00,LIZ.BATES
300000132179374,SECURED_BY_BU,REQUISITIONING,Fin Svcs UK Req Content Zone,300000136466917,2016-12-07T16:39:30.957+00:00,2016-12-07T16:40:10.113+00:00,LIZ.BATES
300000132179348,AVAIL_ALL_WORKERS,PROCUREMENT,Fin Svcs US Procurement,300000136466931,2016-12-07T16:45:13.000+00:00,2016-12-07T16:45:38.582+00:00,CALVIN.BURROWS
300000132179348,SECURED_BY_BU,REQUISITIONING,Fin Svcs US Req Content Zone,300000136466933,2016-12-07T16:45:43.508+00:00,2016-12-07T16:46:15.169+00:00,CALVIN.BURROWS
300000123827898,SECURED_BY_BU,REQUISITIONING,Turkey Req Zone,300000167760255,2018-06-01T14:58:57.000+00:00,2018-06-01T14:59:30.463+00:00,Melis.Goker
300000123827898,AVAIL_ALL_WORKERS,PROCUREMENT,Turkey Proc Zone,300000167760258,2018-06-01T14:59:34.676+00:00,2018-06-01T15:00:02.324+00:00,Melis.Goker
300000048716580,SECURED_BY_BU,REQUISITIONING,Poland Req Zone,300000173063651,2018-09-04T19:29:26.670+00:00,2018-09-04T19:30:06.366+00:00,Izaura.Stankiewicz
300000105578390,AVAIL_ALL_WORKERS,PROCUREMENT,Switzerland Proc Zone,300000176073096,2018-10-29T19:54:52.753+00:00,2018-10-29T19:55:16.731+00:00,Martina.Hingis
300000075888561,SECURED_BY_BU,REQUISITIONING,Progress US Req Content Zone,300000076247215,2014-07-03T18:03:06.000+00:00,2014-07-03T18:03:48.081+00:00,eleanor.white
300000075888561,AVAIL_ALL_WORKERS,PROCUREMENT,Progress US Procurement,300000076247220,2014-07-03T18:04:00.048+00:00,2014-07-03T18:04:30.188+00:00,eleanor.white
300000047826669,SECURED_BY_BU,REQUISITIONING,Japan Req Content Zone,300000101073154,2015-03-31T16:49:01.254+00:00,2015-03-31T16:49:58.897+00:00,MAKOTO.KIKUCHI
300000078974743,SECURED_BY_BU,REQUISITIONING,Healthcare Req Content Zone,300000116348126,2015-12-02T16:15:57.000+00:00,2015-12-02T16:16:36.066+00:00,camille.fredricks
300000048716576,AVAIL_ALL_WORKERS,PROCUREMENT,Spain Procurement,300000131571179,2016-08-25T20:13:25.000+00:00,2016-08-25T20:13:51.473+00:00,MARCOS.VARELA
300000049671153,SECURED_BY_BU,REQUISITIONING,Canada Req Content Zone,300000132147381,2016-09-23T19:38:57.000+00:00,2016-09-23T19:39:31.318+00:00,CINDY.BROWN
300000049671153,AVAIL_ALL_WORKERS,PROCUREMENT,Canada Procurement,300000132147386,2016-09-23T19:39:38.214+00:00,2016-09-23T19:40:04.001+00:00,CINDY.BROWN
300000105578322,AVAIL_ALL_WORKERS,PROCUREMENT,Belgium Procurement,300000132398442,2016-09-29T20:09:20.000+00:00,2016-09-29T20:09:45.137+00:00,CAROLINE.ROUGET
300000136439946,SECURED_BY_BU,REQUISITIONING,US INS Req Content Zone,300000136833996,2016-12-22T22:09:04.000+00:00,2016-12-22T22:09:48.921+00:00,CALVIN.INGALL
300000136439946,AVAIL_ALL_WORKERS,PROCUREMENT,US INS Procurement,300000136833999,2016-12-22T22:09:52.300+00:00,2016-12-22T22:10:17.493+00:00,CALVIN.INGALL
300000048608425,SECURED_BY_BU,REQUISITIONING,Germany Req Zone,300000167712935,2018-05-30T16:42:39.000+00:00,2018-05-30T16:43:23.681+00:00,KARIN.WEIMER
300000048608425,AVAIL_ALL_WORKERS,PROCUREMENT,Germany Proc Zone,300000167712940,2018-05-30T16:43:30.159+00:00,2018-05-30T16:44:10.196+00:00,KARIN.WEIMER
300000047568131,SECURED_BY_BU,REQUISITIONING,France Req Content Zone,300000051066391,2014-01-21T22:11:09.000+00:00,2014-01-21T22:11:48.599+00:00,MARC.GRANDE
300000047826657,SECURED_BY_BU,REQUISITIONING,China Req Content Zone,300000075704544,2014-05-23T18:32:43.000+00:00,2014-05-23T18:33:21.986+00:00,YULAN.LIN
300000047826657,AVAIL_ALL_WORKERS,PROCUREMENT,China Procurement,300000075704551,2014-05-23T18:34:24.099+00:00,2014-05-23T18:34:54.165+00:00,YULAN.LIN
300000047826661,AVAIL_ALL_WORKERS,PROCUREMENT,Australia Procurement,300000130893200,2016-07-22T16:07:26.000+00:00,2016-07-22T16:07:59.816+00:00,JO.ROTH
300000047826661,SECURED_BY_BU,REQUISITIONING,Australia Req Content Zone,300000130893202,2016-07-22T16:08:05.721+00:00,2016-07-22T16:08:46.430+00:00,JO.ROTH
300000105578322,SECURED_BY_BU,REQUISITIONING,Belgium Req Content Zone,300000132398444,2016-09-29T20:09:51.563+00:00,2016-09-29T20:10:31.761+00:00,CAROLINE.ROUGET
300000048716584,SECURED_BY_BU,REQUISITIONING,Sweden Req Content Zone,300000137803930,2017-01-30T21:51:39.000+00:00,2017-01-30T21:52:15.595+00:00,ANNA.HOLM
300000048716584,AVAIL_ALL_WORKERS,PROCUREMENT,Sweden Procurement,300000137803935,2017-01-30T21:52:21.850+00:00,2017-01-30T21:52:58.001+00:00,ANNA.HOLM
300000048716580,AVAIL_ALL_WORKERS,PROCUREMENT,Poland Proc Zone,300000173063649,2018-09-04T19:28:56.000+00:00,2018-09-04T19:29:19.394+00:00,Izaura.Stankiewicz
300000046987012,SECURED_BY_WORKER,REQUISITIONING,US1 Content Zone w Master Item,300000175357232,2018-10-05T15:16:29.222+00:00,2018-10-05T15:18:02.837+00:00,CALVIN.ROTH
300000180010546,SECURED_BY_BU,REQUISITIONING,Supremo US Req Content Zone,300000180065980,2019-02-05T22:34:33.000+00:00,2019-03-06T18:10:58.101+00:00,laura.petrova
300000180010546,AVAIL_ALL_WORKERS,PROCUREMENT,Supremo US Procurement,300000180065989,2019-02-05T22:35:23.681+00:00,2019-03-06T18:11:15.542+00:00,laura.petrova
300000047826665,SECURED_BY_BU,REQUISITIONING,India Req Content Zone,300000185729575,2019-07-30T17:05:55.000+00:00,2019-07-30T17:06:33.814+00:00,anu.rathi
300000047826665,AVAIL_ALL_WORKERS,PROCUREMENT,India Procurement Content Zone,300000185729583,2019-07-30T17:06:36.760+00:00,2019-07-30T17:06:59.745+00:00,anu.rathi
300000186345961,AVAIL_ALL_WORKERS,PROCUREMENT,Supremo US Procurement,300000188091000,2019-10-14T17:25:00.532+00:00,2019-10-14T17:25:25.302+00:00,Franz.Josi
300000186345961,SECURED_BY_BU,REQUISITIONING,Supremo CH Req Content Zone,300000188090991,2019-10-14T17:23:34.000+00:00,2019-10-14T17:24:51.171+00:00,Franz.Josi
300000180010546,SECURED_BY_WORKER,REQUISITIONING,Supremo US Req w Master Items,300000195058227,2020-03-03T17:01:52.000+00:00,2020-03-03T17:03:02.302+00:00,laura.petrova
