PO_HEADER_ID,SHIPMENT_HEADER_ID,DESTINATION_TYPE_CODE,SUBINVENTORY,PO_LINE_ID,USER_ENTERED_FLAG,TRANSACTION_ID,TRANSACTION_TYPE,INSPECTION_STATUS_CODE,INSPECTION_QUALITY_CODE,CREATION_DATE,CREATED_BY
,534650,RECEIVING,,,Y,791928,RECEIVE,NOT INSPECTED,,2022-01-20T10:45:37.000+00:00,SCM_IMPL
,534650,INVENTORY,Inspection,,N,791929,DELIVER,NOT INSPECTED,,2022-01-20T10:45:37.000+00:00,SCM_IMPL
,535649,RECEIVING,,,Y,792928,RECEIVE,NOT INSPECTED,,2022-01-21T12:12:49.000+00:00,SR9_IMPL
300000240753248,536649,RECEIVING,,300000240753250,Y,793928,RECEIVE,NOT INSPECTED,,2022-01-21T14:48:31.000+00:00,SR9_IMPL
300000240753248,536649,INVENTORY,Staging,300000240753250,N,793929,DELIVER,NOT INSPECTED,,2022-01-21T14:48:31.000+00:00,SR9_IMPL
300000241240813,537649,RECEIVING,,300000241240814,N,794928,RECEIVE,NOT INSPECTED,,2022-01-29T12:04:04.000+00:00,SCM_IMPL
300000241240813,537649,DROP SHIP,,300000241240814,N,794929,DELIVER,NOT INSPECTED,,2022-01-29T12:04:04.000+00:00,SCM_IMPL
300000241240967,538649,RECEIVING,,300000241240968,N,795928,RECEIVE,NOT INSPECTED,,2022-01-29T18:09:44.000+00:00,SCM_IMPL
300000241240967,538649,DROP SHIP,,300000241240968,N,795929,DELIVER,NOT INSPECTED,,2022-01-29T18:09:45.000+00:00,SCM_IMPL
,540649,RECEIVING,,,Y,796928,RECEIVE,NOT INSPECTED,,2022-02-03T09:32:26.000+00:00,SCM_IMPL
,541649,RECEIVING,,,Y,796929,RECEIVE,NOT INSPECTED,,2022-02-03T09:54:54.000+00:00,SCM_IMPL
,541649,INVENTORY,Stores,,Y,797928,DELIVER,NOT INSPECTED,,2022-02-03T11:35:53.000+00:00,SR9_IMPL
300000241475568,542649,RECEIVING,,300000241475569,N,798928,RECEIVE,NOT INSPECTED,,2022-02-03T12:48:35.000+00:00,SCM_IMPL
300000241475568,542649,DROP SHIP,,300000241475569,N,798929,DELIVER,NOT INSPECTED,,2022-02-03T12:48:35.000+00:00,SCM_IMPL
,543650,RECEIVING,,,Y,799928,RECEIVE,NOT INSPECTED,,2022-02-04T05:20:10.000+00:00,SCM_IMPL
,543650,INVENTORY,Stores,,Y,799929,DELIVER,NOT INSPECTED,,2022-02-04T05:21:01.000+00:00,SCM_IMPL
,545649,RECEIVING,,,Y,799930,RECEIVE,NOT INSPECTED,,2022-02-04T05:42:40.000+00:00,SCM_IMPL
,545649,INVENTORY,Inspection,,Y,799931,DELIVER,NOT INSPECTED,,2022-02-04T05:43:25.000+00:00,SCM_IMPL
,540649,INVENTORY,Stores,,Y,799932,DELIVER,NOT INSPECTED,,2022-02-04T07:42:37.000+00:00,SCM_IMPL
,547650,RECEIVING,,,Y,800928,RECEIVE,NOT INSPECTED,,2022-02-04T15:16:47.000+00:00,SCM_IMPL
,547650,INVENTORY,Stores,,Y,801928,DELIVER,NOT INSPECTED,,2022-02-04T15:17:55.000+00:00,SCM_IMPL
,548650,RECEIVING,,,Y,802928,RECEIVE,NOT INSPECTED,,2022-02-07T09:24:19.000+00:00,SCM_IMPL
,548650,INVENTORY,Stores,,Y,802929,DELIVER,NOT INSPECTED,,2022-02-07T09:28:20.000+00:00,SCM_IMPL
300000241525133,549649,RECEIVING,,300000241525134,Y,803928,RECEIVE,NOT INSPECTED,,2022-02-07T12:04:53.000+00:00,SCM_IMPL
300000241525133,549649,INVENTORY,Stores,300000241525134,N,803929,DELIVER,NOT INSPECTED,,2022-02-07T12:04:53.000+00:00,SCM_IMPL
,550650,RECEIVING,,,Y,804928,RECEIVE,NOT INSPECTED,,2022-02-09T06:59:17.000+00:00,SCM_IMPL
,550650,INVENTORY,Stores,,Y,804929,DELIVER,NOT INSPECTED,,2022-02-09T07:02:28.000+00:00,SCM_IMPL
300000241853651,551649,RECEIVING,,300000241853652,N,805928,RECEIVE,NOT INSPECTED,,2022-02-11T05:33:02.000+00:00,SCM_IMPL
300000241853651,551649,DROP SHIP,,300000241853652,N,805929,DELIVER,NOT INSPECTED,,2022-02-11T05:33:02.000+00:00,SCM_IMPL
300000241834430,552649,RECEIVING,,300000241834431,N,806928,RECEIVE,NOT INSPECTED,,2022-02-11T10:14:06.000+00:00,SCM_IMPL
300000241834430,552649,DROP SHIP,,300000241834431,N,806929,DELIVER,NOT INSPECTED,,2022-02-11T10:14:06.000+00:00,SCM_IMPL
300000241914334,553649,RECEIVING,,300000241914335,Y,807928,RECEIVE,NOT INSPECTED,,2022-02-14T05:32:57.000+00:00,CALVIN.ROTH
300000241914334,553649,EXPENSE,,300000241914335,N,807929,DELIVER,NOT INSPECTED,,2022-02-14T05:32:57.000+00:00,CALVIN.ROTH
300000242052133,554649,RECEIVING,,300000242052134,Y,808928,RECEIVE,NOT INSPECTED,,2022-02-14T07:43:23.000+00:00,CALVIN.ROTH
300000242052133,554649,EXPENSE,,300000242052134,N,808929,DELIVER,NOT INSPECTED,,2022-02-14T07:43:23.000+00:00,CALVIN.ROTH
300000242059926,555649,RECEIVING,,300000242059927,Y,809928,RECEIVE,NOT INSPECTED,,2022-02-14T08:49:44.000+00:00,CALVIN.ROTH
300000242059926,555649,EXPENSE,,300000242059927,N,809929,DELIVER,NOT INSPECTED,,2022-02-14T08:49:44.000+00:00,CALVIN.ROTH
300000242065672,556649,RECEIVING,,300000242065673,Y,810928,RECEIVE,NOT INSPECTED,,2022-02-14T09:56:13.000+00:00,SCM_IMPL
300000242065672,556649,INVENTORY,Stores,300000242065673,N,810929,DELIVER,NOT INSPECTED,,2022-02-14T09:56:13.000+00:00,SCM_IMPL
300000242067307,557649,RECEIVING,,300000242067308,N,811928,RECEIVE,NOT INSPECTED,,2022-02-14T11:41:48.000+00:00,SCM_IMPL
300000242067307,557649,DROP SHIP,,300000242067308,N,811929,DELIVER,NOT INSPECTED,,2022-02-14T11:41:48.000+00:00,SCM_IMPL
300000242073295,558649,RECEIVING,,300000242073296,N,811930,RECEIVE,NOT INSPECTED,,2022-02-14T12:17:57.000+00:00,SCM_IMPL
300000242073295,558649,DROP SHIP,,300000242073296,N,811931,DELIVER,NOT INSPECTED,,2022-02-14T12:17:57.000+00:00,SCM_IMPL
300000242077553,559649,RECEIVING,,300000242077554,N,812928,RECEIVE,NOT INSPECTED,,2022-02-14T13:35:30.000+00:00,SCM_IMPL
300000242077553,559649,DROP SHIP,,300000242077554,N,812929,DELIVER,NOT INSPECTED,,2022-02-14T13:35:30.000+00:00,SCM_IMPL
300000242077893,560649,RECEIVING,,300000242077894,N,813928,RECEIVE,NOT INSPECTED,,2022-02-14T14:20:12.000+00:00,SCM_IMPL
300000242077893,560649,DROP SHIP,,300000242077894,N,813929,DELIVER,NOT INSPECTED,,2022-02-14T14:20:13.000+00:00,SCM_IMPL
300000242083643,561649,RECEIVING,,300000242083644,N,814928,RECEIVE,NOT INSPECTED,,2022-02-14T15:35:01.000+00:00,SCM_IMPL
300000242083643,561649,DROP SHIP,,300000242083644,N,814929,DELIVER,NOT INSPECTED,,2022-02-14T15:35:01.000+00:00,SCM_IMPL
300000242083730,562649,RECEIVING,,300000242083731,Y,814930,RECEIVE,NOT INSPECTED,,2022-02-14T16:07:02.000+00:00,CALVIN.ROTH
300000242083730,562649,EXPENSE,,300000242083731,N,814931,DELIVER,NOT INSPECTED,,2022-02-14T16:07:02.000+00:00,CALVIN.ROTH
300000242084190,563649,RECEIVING,,300000242084191,Y,815928,RECEIVE,NOT INSPECTED,,2022-02-15T04:49:44.000+00:00,SCM_IMPL
300000242084190,563649,INVENTORY,Stores,300000242084191,N,815929,DELIVER,NOT INSPECTED,,2022-02-15T04:49:44.000+00:00,SCM_IMPL
300000242132173,564649,RECEIVING,,300000242132174,N,816928,RECEIVE,NOT INSPECTED,,2022-02-15T12:13:45.000+00:00,SCM_IMPL
300000242132173,564649,DROP SHIP,,300000242132174,N,816929,DELIVER,NOT INSPECTED,,2022-02-15T12:13:45.000+00:00,SCM_IMPL
300000242143468,565649,RECEIVING,,300000242143469,Y,817928,RECEIVE,NOT INSPECTED,,2022-02-16T05:31:25.000+00:00,SCM_IMPL
300000242143468,565649,INVENTORY,Stores,300000242143469,N,817929,DELIVER,NOT INSPECTED,,2022-02-16T05:31:25.000+00:00,SCM_IMPL
300000242176643,566649,RECEIVING,,300000242176644,Y,818928,RECEIVE,NOT INSPECTED,,2022-02-16T07:12:39.000+00:00,SCM_IMPL
300000242176643,566649,INVENTORY,Stores,300000242176644,N,818929,DELIVER,NOT INSPECTED,,2022-02-16T07:12:40.000+00:00,SCM_IMPL
300000242176653,567649,RECEIVING,,300000242176654,Y,818930,RECEIVE,NOT INSPECTED,,2022-02-16T07:13:54.000+00:00,SCM_IMPL
300000242176653,567649,INVENTORY,Stores,300000242176654,N,818931,DELIVER,NOT INSPECTED,,2022-02-16T07:13:54.000+00:00,SCM_IMPL
300000242176663,568649,RECEIVING,,300000242176664,Y,819928,RECEIVE,NOT INSPECTED,,2022-02-16T07:17:22.000+00:00,SCM_IMPL
300000242176663,568649,INVENTORY,Stores,300000242176664,N,819929,DELIVER,NOT INSPECTED,,2022-02-16T07:17:22.000+00:00,SCM_IMPL
300000242192445,569649,RECEIVING,,300000242192446,Y,820928,RECEIVE,NOT INSPECTED,,2022-02-16T13:24:24.000+00:00,SCM_IMPL
300000242192445,569649,INVENTORY,Stores,300000242192446,N,820929,DELIVER,NOT INSPECTED,,2022-02-16T13:24:24.000+00:00,SCM_IMPL
300000242241995,570649,RECEIVING,,300000242241996,Y,821928,RECEIVE,NOT INSPECTED,,2022-02-17T12:37:52.000+00:00,SCM_IMPL
300000242241995,570649,INVENTORY,Stores,300000242241996,N,821929,DELIVER,NOT INSPECTED,,2022-02-17T12:37:52.000+00:00,SCM_IMPL
300000242242177,570650,RECEIVING,,300000242242178,Y,821930,RECEIVE,NOT INSPECTED,,2022-02-17T12:53:18.000+00:00,SCM_IMPL
300000242242177,570650,INVENTORY,Stores,300000242242178,N,821931,DELIVER,NOT INSPECTED,,2022-02-17T12:53:18.000+00:00,SCM_IMPL
300000242246515,570651,RECEIVING,,300000242246516,Y,821932,RECEIVE,NOT INSPECTED,,2022-02-17T13:20:20.000+00:00,SCM_IMPL
300000242246515,570651,INVENTORY,Stores,300000242246516,N,821933,DELIVER,NOT INSPECTED,,2022-02-17T13:20:20.000+00:00,SCM_IMPL
300000242253429,570652,RECEIVING,,300000242253430,Y,821934,RECEIVE,NOT INSPECTED,,2022-02-17T14:46:54.000+00:00,SCM_IMPL
300000242253429,570652,INVENTORY,Stores,300000242253430,N,821935,DELIVER,NOT INSPECTED,,2022-02-17T14:46:54.000+00:00,SCM_IMPL
300000242242227,570653,RECEIVING,,300000242242228,Y,821936,RECEIVE,NOT INSPECTED,,2022-02-17T14:48:49.000+00:00,CALVIN.ROTH
300000242242227,570653,EXPENSE,,300000242242228,N,821937,DELIVER,NOT INSPECTED,,2022-02-17T14:48:49.000+00:00,CALVIN.ROTH
300000242247143,570654,RECEIVING,,300000242247144,Y,821938,RECEIVE,NOT INSPECTED,,2022-02-17T14:55:36.000+00:00,CALVIN.ROTH
300000242247143,570654,EXPENSE,,300000242247144,N,821939,DELIVER,NOT INSPECTED,,2022-02-17T14:55:36.000+00:00,CALVIN.ROTH
300000242253507,571649,RECEIVING,,300000242253508,Y,822928,RECEIVE,NOT INSPECTED,,2022-02-17T15:01:19.000+00:00,CALVIN.ROTH
300000242253507,571649,EXPENSE,,300000242253508,N,822929,DELIVER,NOT INSPECTED,,2022-02-17T15:01:19.000+00:00,CALVIN.ROTH
300000242253538,571650,RECEIVING,,300000242253539,Y,822930,RECEIVE,NOT INSPECTED,,2022-02-17T15:36:05.000+00:00,CALVIN.ROTH
300000242253538,571650,EXPENSE,,300000242253539,N,822931,DELIVER,NOT INSPECTED,,2022-02-17T15:36:05.000+00:00,CALVIN.ROTH
300000242253575,570655,RECEIVING,,300000242253576,Y,821940,RECEIVE,NOT INSPECTED,,2022-02-17T15:51:18.000+00:00,CALVIN.ROTH
300000242253575,570655,EXPENSE,,300000242253576,N,821941,DELIVER,NOT INSPECTED,,2022-02-17T15:51:18.000+00:00,CALVIN.ROTH
300000242253603,571651,RECEIVING,,300000242253604,Y,822932,RECEIVE,NOT INSPECTED,,2022-02-17T15:59:11.000+00:00,CALVIN.ROTH
300000242253603,571651,EXPENSE,,300000242253604,N,822933,DELIVER,NOT INSPECTED,,2022-02-17T15:59:11.000+00:00,CALVIN.ROTH
300000242253615,571652,RECEIVING,,300000242253616,Y,822934,RECEIVE,NOT INSPECTED,,2022-02-17T16:09:46.000+00:00,CALVIN.ROTH
300000242253615,571652,EXPENSE,,300000242253616,N,822935,DELIVER,NOT INSPECTED,,2022-02-17T16:09:46.000+00:00,CALVIN.ROTH
300000242253664,570656,RECEIVING,,300000242253665,Y,821942,RECEIVE,NOT INSPECTED,,2022-02-17T16:19:25.000+00:00,CALVIN.ROTH
300000242253664,570656,EXPENSE,,300000242253665,N,821943,DELIVER,NOT INSPECTED,,2022-02-17T16:19:25.000+00:00,CALVIN.ROTH
300000242263778,572649,RECEIVING,,300000242263779,Y,823928,RECEIVE,NOT INSPECTED,,2022-02-18T05:16:07.000+00:00,CALVIN.ROTH
300000242263778,572649,EXPENSE,,300000242263779,N,823929,DELIVER,NOT INSPECTED,,2022-02-18T05:16:08.000+00:00,CALVIN.ROTH
300000242263798,572650,RECEIVING,,300000242263799,Y,823930,RECEIVE,NOT INSPECTED,,2022-02-18T05:25:53.000+00:00,CALVIN.ROTH
300000242263798,572650,EXPENSE,,300000242263799,N,823931,DELIVER,NOT INSPECTED,,2022-02-18T05:25:53.000+00:00,CALVIN.ROTH
300000242263839,571653,RECEIVING,,300000242263840,Y,824928,RECEIVE,NOT INSPECTED,,2022-02-18T05:46:38.000+00:00,CALVIN.ROTH
300000242263839,571653,EXPENSE,,300000242263840,N,824929,DELIVER,NOT INSPECTED,,2022-02-18T05:46:38.000+00:00,CALVIN.ROTH
300000242264013,572651,RECEIVING,,300000242264014,Y,823932,RECEIVE,NOT INSPECTED,,2022-02-18T06:08:10.000+00:00,CALVIN.ROTH
300000242264013,572651,EXPENSE,,300000242264014,N,823933,DELIVER,NOT INSPECTED,,2022-02-18T06:08:10.000+00:00,CALVIN.ROTH
300000242264197,572652,RECEIVING,,300000242264198,Y,823934,RECEIVE,NOT INSPECTED,,2022-02-18T06:26:25.000+00:00,SCM_IMPL
300000242264197,572652,INVENTORY,Stores,300000242264198,N,823935,DELIVER,NOT INSPECTED,,2022-02-18T06:26:25.000+00:00,SCM_IMPL
300000191632251,573649,RECEIVING,,300000191632252,Y,825928,RECEIVE,NOT INSPECTED,,2022-02-18T10:12:48.000+00:00,CALVIN.ROTH
300000191632251,573649,EXPENSE,,300000191632252,N,825929,DELIVER,NOT INSPECTED,,2022-02-18T10:12:48.000+00:00,CALVIN.ROTH
300000242292299,573650,RECEIVING,,300000242292300,Y,825930,RECEIVE,NOT INSPECTED,,2022-02-18T11:14:37.000+00:00,CALVIN.ROTH
300000242292299,573650,EXPENSE,,300000242292300,N,825931,DELIVER,NOT INSPECTED,,2022-02-18T11:14:37.000+00:00,CALVIN.ROTH
300000242292335,573651,RECEIVING,,300000242292336,Y,825932,RECEIVE,NOT INSPECTED,,2022-02-18T11:23:13.000+00:00,CALVIN.ROTH
300000242292335,573651,EXPENSE,,300000242292336,N,825933,DELIVER,NOT INSPECTED,,2022-02-18T11:23:13.000+00:00,CALVIN.ROTH
300000242298374,573652,RECEIVING,,300000242298375,Y,825934,RECEIVE,NOT INSPECTED,,2022-02-18T11:30:38.000+00:00,CALVIN.ROTH
300000242298374,573652,EXPENSE,,300000242298375,N,825935,DELIVER,NOT INSPECTED,,2022-02-18T11:30:38.000+00:00,CALVIN.ROTH
300000242478678,574649,RECEIVING,,300000242478679,Y,826928,RECEIVE,NOT INSPECTED,,2022-02-22T10:00:35.000+00:00,SCM_IMPL
300000242478678,574649,INVENTORY,Stores,300000242478679,N,826929,DELIVER,NOT INSPECTED,,2022-02-22T10:00:35.000+00:00,SCM_IMPL
300000242478713,575649,RECEIVING,,300000242478714,Y,826930,RECEIVE,NOT INSPECTED,,2022-02-22T10:23:42.000+00:00,SR9_IMPL
300000242478713,575649,INVENTORY,Stores,300000242478714,N,826931,DELIVER,NOT INSPECTED,,2022-02-22T10:23:42.000+00:00,SR9_IMPL
300000242478893,575650,RECEIVING,,300000242478894,Y,827928,RECEIVE,NOT INSPECTED,,2022-02-22T10:41:25.000+00:00,SCM_IMPL
300000242478893,575650,INVENTORY,Stores,300000242478894,N,827929,DELIVER,NOT INSPECTED,,2022-02-22T10:41:25.000+00:00,SCM_IMPL
300000242499396,576649,RECEIVING,,300000242499397,Y,828928,RECEIVE,NOT INSPECTED,,2022-02-22T17:51:11.000+00:00,SR9_IMPL
300000242499396,576649,INVENTORY,Stores,300000242499397,N,828929,DELIVER,NOT INSPECTED,,2022-02-22T17:51:11.000+00:00,SR9_IMPL
300000242499719,577649,RECEIVING,,300000242499720,Y,829928,RECEIVE,NOT INSPECTED,,2022-02-23T04:42:13.000+00:00,SR9_IMPL
300000242499719,577649,INVENTORY,Stores,300000242499720,N,829929,DELIVER,NOT INSPECTED,,2022-02-23T04:42:13.000+00:00,SR9_IMPL
300000242499850,577650,RECEIVING,,300000242499851,Y,830928,RECEIVE,NOT INSPECTED,,2022-02-23T04:59:20.000+00:00,SR9_IMPL
300000242499850,577650,INVENTORY,Stores,300000242499851,N,830929,DELIVER,NOT INSPECTED,,2022-02-23T04:59:20.000+00:00,SR9_IMPL
300000242541721,578649,RECEIVING,,300000242541722,Y,831928,RECEIVE,NOT INSPECTED,,2022-02-23T17:59:04.000+00:00,CALVIN.ROTH
300000242541721,578649,EXPENSE,,300000242541722,N,831929,DELIVER,NOT INSPECTED,,2022-02-23T17:59:05.000+00:00,CALVIN.ROTH
300000242541788,579649,RECEIVING,,300000242541789,Y,832928,RECEIVE,NOT INSPECTED,,2022-02-23T18:15:16.000+00:00,CALVIN.ROTH
300000242541788,579649,EXPENSE,,300000242541789,N,832929,DELIVER,NOT INSPECTED,,2022-02-23T18:15:16.000+00:00,CALVIN.ROTH
,580650,RECEIVING,,,Y,833928,RECEIVE,NOT INSPECTED,,2022-02-24T04:52:10.000+00:00,SR9_IMPL
,580650,INVENTORY,Staging,,N,833929,DELIVER,NOT INSPECTED,,2022-02-24T04:52:11.000+00:00,SR9_IMPL
300000242542260,580651,RECEIVING,,300000242542261,Y,834928,RECEIVE,NOT INSPECTED,,2022-02-24T05:41:10.000+00:00,CALVIN.ROTH
300000242542260,580651,EXPENSE,,300000242542261,N,834929,DELIVER,NOT INSPECTED,,2022-02-24T05:41:10.000+00:00,CALVIN.ROTH
,581649,RECEIVING,,,Y,833930,RECEIVE,NOT INSPECTED,,2022-02-24T05:42:05.000+00:00,SR9_IMPL
,581649,INVENTORY,Stores,,Y,833931,DELIVER,NOT INSPECTED,,2022-02-24T05:43:09.000+00:00,SR9_IMPL
300000242577371,581650,RECEIVING,,300000242577372,Y,835928,RECEIVE,NOT INSPECTED,,2022-02-24T06:37:27.000+00:00,CALVIN.ROTH
300000242577371,581650,EXPENSE,,300000242577372,N,835929,DELIVER,NOT INSPECTED,,2022-02-24T06:37:27.000+00:00,CALVIN.ROTH
300000242577421,581651,RECEIVING,,300000242577422,Y,836928,RECEIVE,NOT INSPECTED,,2022-02-24T06:51:26.000+00:00,CALVIN.ROTH
300000242577421,581651,EXPENSE,,300000242577422,N,836929,DELIVER,NOT INSPECTED,,2022-02-24T06:51:26.000+00:00,CALVIN.ROTH
300000242577458,582649,RECEIVING,,300000242577459,Y,837928,RECEIVE,NOT INSPECTED,,2022-02-24T07:04:30.000+00:00,CALVIN.ROTH
300000242577458,582649,EXPENSE,,300000242577459,N,837929,DELIVER,NOT INSPECTED,,2022-02-24T07:04:30.000+00:00,CALVIN.ROTH
300000242577569,583649,RECEIVING,,300000242577570,Y,838928,RECEIVE,NOT INSPECTED,,2022-02-24T07:27:58.000+00:00,CALVIN.ROTH
300000242577569,583649,EXPENSE,,300000242577570,N,838929,DELIVER,NOT INSPECTED,,2022-02-24T07:27:58.000+00:00,CALVIN.ROTH
300000242577584,582650,RECEIVING,,300000242577585,Y,837930,RECEIVE,NOT INSPECTED,,2022-02-24T07:28:02.000+00:00,CALVIN.ROTH
300000242577584,582650,EXPENSE,,300000242577585,N,837931,DELIVER,NOT INSPECTED,,2022-02-24T07:28:02.000+00:00,CALVIN.ROTH
300000242577658,582651,RECEIVING,,300000242577659,Y,837932,RECEIVE,NOT INSPECTED,,2022-02-24T07:42:33.000+00:00,CALVIN.ROTH
300000242577658,582651,EXPENSE,,300000242577659,N,837933,DELIVER,NOT INSPECTED,,2022-02-24T07:42:33.000+00:00,CALVIN.ROTH
300000242577705,584649,RECEIVING,,300000242577706,Y,838930,RECEIVE,NOT INSPECTED,,2022-02-24T07:53:45.000+00:00,CALVIN.ROTH
300000242577705,584649,EXPENSE,,300000242577706,N,838931,DELIVER,NOT INSPECTED,,2022-02-24T07:53:45.000+00:00,CALVIN.ROTH
300000242577742,585649,RECEIVING,,300000242577743,Y,838932,RECEIVE,NOT INSPECTED,,2022-02-24T07:58:20.000+00:00,CALVIN.ROTH
300000242577742,585649,EXPENSE,,300000242577743,N,838933,DELIVER,NOT INSPECTED,,2022-02-24T07:58:20.000+00:00,CALVIN.ROTH
300000242577797,585650,RECEIVING,,300000242577798,Y,838934,RECEIVE,NOT INSPECTED,,2022-02-24T08:16:27.000+00:00,CALVIN.ROTH
300000242577797,585650,EXPENSE,,300000242577798,N,838935,DELIVER,NOT INSPECTED,,2022-02-24T08:16:27.000+00:00,CALVIN.ROTH
300000242577841,586649,RECEIVING,,300000242577842,Y,839928,RECEIVE,NOT INSPECTED,,2022-02-24T08:25:29.000+00:00,CALVIN.ROTH
300000242577841,586649,EXPENSE,,300000242577842,N,839929,DELIVER,NOT INSPECTED,,2022-02-24T08:25:29.000+00:00,CALVIN.ROTH
300000242577886,585651,RECEIVING,,300000242577887,Y,840928,RECEIVE,NOT INSPECTED,,2022-02-24T08:49:49.000+00:00,CALVIN.ROTH
300000242577886,585651,EXPENSE,,300000242577887,N,840929,DELIVER,NOT INSPECTED,,2022-02-24T08:49:49.000+00:00,CALVIN.ROTH
300000242577940,587649,RECEIVING,,300000242577941,Y,839930,RECEIVE,NOT INSPECTED,,2022-02-24T09:29:42.000+00:00,CALVIN.ROTH
300000242577940,587649,EXPENSE,,300000242577941,N,839931,DELIVER,NOT INSPECTED,,2022-02-24T09:29:42.000+00:00,CALVIN.ROTH
300000242578073,587650,RECEIVING,,300000242578074,Y,839932,RECEIVE,NOT INSPECTED,,2022-02-24T10:29:45.000+00:00,CALVIN.ROTH
300000242578073,587650,EXPENSE,,300000242578074,N,839933,DELIVER,NOT INSPECTED,,2022-02-24T10:29:45.000+00:00,CALVIN.ROTH
,588649,RECEIVING,,,Y,841928,RECEIVE,NOT INSPECTED,,2022-02-25T04:29:13.000+00:00,SR9_IMPL
,588649,INVENTORY,Stores,,Y,841929,DELIVER,NOT INSPECTED,,2022-02-25T04:30:23.000+00:00,SR9_IMPL
300000242593559,588650,RECEIVING,,300000242593560,Y,842928,RECEIVE,NOT INSPECTED,,2022-02-25T05:40:22.000+00:00,SR9_IMPL
300000242593559,588650,INVENTORY,Quarantine,300000242593560,N,842929,DELIVER,NOT INSPECTED,,2022-02-25T05:40:22.000+00:00,SR9_IMPL
,588651,RECEIVING,,,Y,842930,RECEIVE,NOT INSPECTED,,2022-02-25T05:47:49.000+00:00,SR9_IMPL
,588651,INVENTORY,Completed,,Y,842931,DELIVER,NOT INSPECTED,,2022-02-25T05:48:34.000+00:00,SR9_IMPL
300000242593609,588652,RECEIVING,,300000242593611,Y,843928,RECEIVE,NOT INSPECTED,,2022-02-25T06:53:26.000+00:00,SR9_IMPL
300000242593609,588652,INVENTORY,Quarantine,300000242593611,N,843929,DELIVER,NOT INSPECTED,,2022-02-25T06:53:26.000+00:00,SR9_IMPL
300000242594003,589649,RECEIVING,,300000242594004,Y,844928,RECEIVE,NOT INSPECTED,,2022-02-25T13:39:28.000+00:00,CALVIN.ROTH
300000242594003,589649,EXPENSE,,300000242594004,N,844929,DELIVER,NOT INSPECTED,,2022-02-25T13:39:28.000+00:00,CALVIN.ROTH
300000242594086,590649,RECEIVING,,300000242594087,Y,845928,RECEIVE,NOT INSPECTED,,2022-02-25T14:44:18.000+00:00,CALVIN.ROTH
300000242594086,590649,EXPENSE,,300000242594087,N,845929,DELIVER,NOT INSPECTED,,2022-02-25T14:44:18.000+00:00,CALVIN.ROTH
300000242594145,591649,RECEIVING,,300000242594146,Y,846928,RECEIVE,NOT INSPECTED,,2022-02-25T15:18:13.000+00:00,CALVIN.ROTH
300000242594145,591649,EXPENSE,,300000242594146,N,846929,DELIVER,NOT INSPECTED,,2022-02-25T15:18:13.000+00:00,CALVIN.ROTH
300000242594288,592649,RECEIVING,,300000242594289,Y,847928,RECEIVE,NOT INSPECTED,,2022-02-28T04:17:06.000+00:00,CALVIN.ROTH
300000242594288,592649,EXPENSE,,300000242594289,N,847929,DELIVER,NOT INSPECTED,,2022-02-28T04:17:06.000+00:00,CALVIN.ROTH
300000242760475,593649,RECEIVING,,300000242760476,Y,848928,RECEIVE,NOT INSPECTED,,2022-02-28T06:19:09.000+00:00,CALVIN.ROTH
300000242760475,593649,EXPENSE,,300000242760476,N,848929,DELIVER,NOT INSPECTED,,2022-02-28T06:19:09.000+00:00,CALVIN.ROTH
300000242760528,594649,RECEIVING,,300000242760529,Y,848930,RECEIVE,NOT INSPECTED,,2022-02-28T06:30:38.000+00:00,CALVIN.ROTH
300000242760528,594649,EXPENSE,,300000242760529,N,848931,DELIVER,NOT INSPECTED,,2022-02-28T06:30:38.000+00:00,CALVIN.ROTH
300000242761017,595649,RECEIVING,,300000242761018,Y,848932,RECEIVE,NOT INSPECTED,,2022-02-28T08:35:51.000+00:00,CALVIN.ROTH
300000242761017,595649,EXPENSE,,300000242761018,N,848933,DELIVER,NOT INSPECTED,,2022-02-28T08:35:51.000+00:00,CALVIN.ROTH
300000242761041,595650,RECEIVING,,300000242761042,Y,848934,RECEIVE,NOT INSPECTED,,2022-02-28T08:45:31.000+00:00,CALVIN.ROTH
300000242761041,595650,EXPENSE,,300000242761042,N,848935,DELIVER,NOT INSPECTED,,2022-02-28T08:45:31.000+00:00,CALVIN.ROTH
300000242761102,595651,RECEIVING,,300000242761103,Y,848936,RECEIVE,NOT INSPECTED,,2022-02-28T08:58:41.000+00:00,CALVIN.ROTH
300000242761102,595651,EXPENSE,,300000242761103,N,848937,DELIVER,NOT INSPECTED,,2022-02-28T08:58:41.000+00:00,CALVIN.ROTH
300000242761123,595652,RECEIVING,,300000242761124,Y,848938,RECEIVE,NOT INSPECTED,,2022-02-28T09:08:04.000+00:00,CALVIN.ROTH
300000242761123,595652,EXPENSE,,300000242761124,N,848939,DELIVER,NOT INSPECTED,,2022-02-28T09:08:04.000+00:00,CALVIN.ROTH
300000242790911,596649,RECEIVING,,300000242790912,Y,849928,RECEIVE,NOT INSPECTED,,2022-03-02T09:36:55.000+00:00,CALVIN.ROTH
300000242790911,596649,EXPENSE,,300000242790912,N,849929,DELIVER,NOT INSPECTED,,2022-03-02T09:36:55.000+00:00,CALVIN.ROTH
300000242791032,597649,RECEIVING,,300000242791033,Y,849930,RECEIVE,NOT INSPECTED,,2022-03-02T11:21:49.000+00:00,CALVIN.ROTH
300000242791032,597649,EXPENSE,,300000242791033,N,849931,DELIVER,NOT INSPECTED,,2022-03-02T11:21:49.000+00:00,CALVIN.ROTH
300000242791234,598649,RECEIVING,,300000242791235,Y,850928,RECEIVE,NOT INSPECTED,,2022-03-02T13:33:08.000+00:00,CALVIN.ROTH
300000242791234,598649,EXPENSE,,300000242791235,N,850929,DELIVER,NOT INSPECTED,,2022-03-02T13:33:08.000+00:00,CALVIN.ROTH
300000242791334,599649,RECEIVING,,300000242791335,Y,850930,RECEIVE,NOT INSPECTED,,2022-03-02T14:45:48.000+00:00,CALVIN.ROTH
300000242791334,599649,EXPENSE,,300000242791335,N,850931,DELIVER,NOT INSPECTED,,2022-03-02T14:45:48.000+00:00,CALVIN.ROTH
300000242881442,600649,RECEIVING,,300000242881443,Y,850932,RECEIVE,NOT INSPECTED,,2022-03-02T15:57:35.000+00:00,CALVIN.ROTH
300000242881442,600649,EXPENSE,,300000242881443,N,850933,DELIVER,NOT INSPECTED,,2022-03-02T15:57:35.000+00:00,CALVIN.ROTH
300000242881554,601649,RECEIVING,,300000242881555,Y,851928,RECEIVE,NOT INSPECTED,,2022-03-02T16:55:21.000+00:00,CALVIN.ROTH
300000242881554,601649,EXPENSE,,300000242881555,N,851929,DELIVER,NOT INSPECTED,,2022-03-02T16:55:21.000+00:00,CALVIN.ROTH
300000242881671,601650,RECEIVING,,300000242881672,Y,852928,RECEIVE,NOT INSPECTED,,2022-03-02T19:11:38.000+00:00,CALVIN.ROTH
300000242881671,601650,EXPENSE,,300000242881672,N,852929,DELIVER,NOT INSPECTED,,2022-03-02T19:11:38.000+00:00,CALVIN.ROTH
300000242882091,601651,RECEIVING,,300000242882092,Y,853928,RECEIVE,NOT INSPECTED,,2022-03-03T06:16:53.000+00:00,CALVIN.ROTH
300000242882091,601651,EXPENSE,,300000242882092,N,853929,DELIVER,NOT INSPECTED,,2022-03-03T06:16:53.000+00:00,CALVIN.ROTH
300000242922623,602649,RECEIVING,,300000242922624,Y,854928,RECEIVE,NOT INSPECTED,,2022-03-04T10:54:14.000+00:00,CALVIN.ROTH
300000242922623,602649,EXPENSE,,300000242922624,N,854929,DELIVER,NOT INSPECTED,,2022-03-04T10:54:15.000+00:00,CALVIN.ROTH
300000242922645,603649,RECEIVING,,300000242922646,Y,855928,RECEIVE,NOT INSPECTED,,2022-03-04T11:10:20.000+00:00,CALVIN.ROTH
300000242922645,603649,EXPENSE,,300000242922646,N,855929,DELIVER,NOT INSPECTED,,2022-03-04T11:10:20.000+00:00,CALVIN.ROTH
300000242922772,602650,RECEIVING,,300000242922773,Y,854930,RECEIVE,NOT INSPECTED,,2022-03-04T12:26:04.000+00:00,CALVIN.ROTH
300000242922772,602650,EXPENSE,,300000242922773,N,854931,DELIVER,NOT INSPECTED,,2022-03-04T12:26:04.000+00:00,CALVIN.ROTH
300000242922976,604649,RECEIVING,,300000242922977,Y,856928,RECEIVE,NOT INSPECTED,,2022-03-07T07:28:15.000+00:00,CALVIN.ROTH
300000242922976,604649,EXPENSE,,300000242922977,N,856929,DELIVER,NOT INSPECTED,,2022-03-07T07:28:15.000+00:00,CALVIN.ROTH
300000242922999,605649,RECEIVING,,300000242923000,Y,857928,RECEIVE,NOT INSPECTED,,2022-03-07T07:33:13.000+00:00,CALVIN.ROTH
300000242922999,605649,EXPENSE,,300000242923000,N,857929,DELIVER,NOT INSPECTED,,2022-03-07T07:33:13.000+00:00,CALVIN.ROTH
300000242923132,604650,RECEIVING,,300000242923133,Y,858928,RECEIVE,NOT INSPECTED,,2022-03-07T08:51:42.000+00:00,CALVIN.ROTH
300000242923132,604650,EXPENSE,,300000242923133,N,858929,DELIVER,NOT INSPECTED,,2022-03-07T08:51:42.000+00:00,CALVIN.ROTH
300000242944887,606649,RECEIVING,,300000242944888,Y,859928,RECEIVE,NOT INSPECTED,,2022-03-10T18:43:28.000+00:00,CALVIN.ROTH
300000242944887,606649,EXPENSE,,300000242944888,N,859929,DELIVER,NOT INSPECTED,,2022-03-10T18:43:28.000+00:00,CALVIN.ROTH
300000242945347,607649,RECEIVING,,300000242945348,Y,860928,RECEIVE,NOT INSPECTED,,2022-03-11T21:12:30.000+00:00,CALVIN.ROTH
300000242945347,607649,EXPENSE,,300000242945348,N,860929,DELIVER,NOT INSPECTED,,2022-03-11T21:12:30.000+00:00,CALVIN.ROTH
300000244095678,608649,RECEIVING,,300000244095682,Y,861928,RECEIVE,NOT INSPECTED,,2022-04-28T09:18:29.000+00:00,SCM_IMPL
300000244095678,608649,INVENTORY,Stores,300000244095682,N,861929,DELIVER,NOT INSPECTED,,2022-04-28T09:18:30.000+00:00,SCM_IMPL
300000244273706,609649,RECEIVING,,300000244273707,Y,862928,RECEIVE,NOT INSPECTED,,2022-05-17T11:30:30.000+00:00,CALVIN.ROTH
300000244273706,609649,EXPENSE,,300000244273707,N,862929,DELIVER,NOT INSPECTED,,2022-05-17T11:30:30.000+00:00,CALVIN.ROTH
300000244273748,609650,RECEIVING,,300000244273749,Y,862930,RECEIVE,NOT INSPECTED,,2022-05-17T12:12:46.000+00:00,CALVIN.ROTH
300000244273748,609650,EXPENSE,,300000244273749,N,862931,DELIVER,NOT INSPECTED,,2022-05-17T12:12:46.000+00:00,CALVIN.ROTH
300000244273783,609651,RECEIVING,,300000244273784,Y,862932,RECEIVE,NOT INSPECTED,,2022-05-17T12:29:58.000+00:00,CALVIN.ROTH
300000244273783,609651,EXPENSE,,300000244273784,N,862933,DELIVER,NOT INSPECTED,,2022-05-17T12:29:58.000+00:00,CALVIN.ROTH
300000244273816,610649,RECEIVING,,300000244273817,Y,863928,RECEIVE,NOT INSPECTED,,2022-05-17T12:44:34.000+00:00,CALVIN.ROTH
300000244273816,610649,EXPENSE,,300000244273817,N,863929,DELIVER,NOT INSPECTED,,2022-05-17T12:44:34.000+00:00,CALVIN.ROTH
300000244403608,611649,RECEIVING,,300000244403609,Y,864928,RECEIVE,NOT INSPECTED,,2022-05-20T14:23:49.000+00:00,CALVIN.ROTH
300000244403608,611649,EXPENSE,,300000244403609,N,864929,DELIVER,NOT INSPECTED,,2022-05-20T14:23:49.000+00:00,CALVIN.ROTH
300000244403742,611650,RECEIVING,,300000244403743,Y,864930,RECEIVE,NOT INSPECTED,,2022-05-20T15:20:59.000+00:00,CALVIN.ROTH
300000244403742,611650,EXPENSE,,300000244403743,N,864931,DELIVER,NOT INSPECTED,,2022-05-20T15:20:59.000+00:00,CALVIN.ROTH
300000244403846,611651,RECEIVING,,300000244403847,Y,864932,RECEIVE,NOT INSPECTED,,2022-05-20T15:50:34.000+00:00,CALVIN.ROTH
300000244403846,611651,EXPENSE,,300000244403847,N,864933,DELIVER,NOT INSPECTED,,2022-05-20T15:50:34.000+00:00,CALVIN.ROTH
300000244484090,612649,RECEIVING,,300000244484091,Y,865928,RECEIVE,NOT INSPECTED,,2022-05-27T09:28:05.000+00:00,CALVIN.ROTH
300000244484090,612649,EXPENSE,,300000244484091,N,865929,DELIVER,NOT INSPECTED,,2022-05-27T09:28:05.000+00:00,CALVIN.ROTH
300000244484267,613649,RECEIVING,,300000244484268,Y,866928,RECEIVE,NOT INSPECTED,,2022-05-27T10:31:27.000+00:00,CALVIN.ROTH
300000244484267,613649,EXPENSE,,300000244484268,N,866929,DELIVER,NOT INSPECTED,,2022-05-27T10:31:28.000+00:00,CALVIN.ROTH
300000242479885,614649,RECEIVING,,300000242479886,Y,867928,RECEIVE,NOT INSPECTED,,2022-06-08T13:44:40.000+00:00,SCM_IMPL
300000242479885,614649,INVENTORY,Stores,300000242479886,N,867929,DELIVER,NOT INSPECTED,,2022-06-08T13:44:40.000+00:00,SCM_IMPL
300000244891618,615649,RECEIVING,,300000244891619,Y,868928,RECEIVE,NOT INSPECTED,,2022-06-20T13:25:59.000+00:00,CALVIN.ROTH
300000244891618,615649,EXPENSE,,300000244891619,N,868929,DELIVER,NOT INSPECTED,,2022-06-20T13:26:00.000+00:00,CALVIN.ROTH
300000244891699,616649,RECEIVING,,300000244891700,Y,869928,RECEIVE,NOT INSPECTED,,2022-06-20T14:19:58.000+00:00,CALVIN.ROTH
300000244891699,616649,EXPENSE,,300000244891700,N,869929,DELIVER,NOT INSPECTED,,2022-06-20T14:19:58.000+00:00,CALVIN.ROTH
300000244891740,615650,RECEIVING,,300000244891741,Y,868930,RECEIVE,NOT INSPECTED,,2022-06-20T14:46:42.000+00:00,CALVIN.ROTH
300000244891740,615650,EXPENSE,,300000244891741,N,868931,DELIVER,NOT INSPECTED,,2022-06-20T14:46:42.000+00:00,CALVIN.ROTH
300000244891795,615651,RECEIVING,,300000244891796,Y,868932,RECEIVE,NOT INSPECTED,,2022-06-20T17:17:14.000+00:00,CALVIN.ROTH
300000244891795,615651,EXPENSE,,300000244891796,N,868933,DELIVER,NOT INSPECTED,,2022-06-20T17:17:14.000+00:00,CALVIN.ROTH
300000244891889,616650,RECEIVING,,300000244891890,Y,869930,RECEIVE,NOT INSPECTED,,2022-06-20T18:45:01.000+00:00,CALVIN.ROTH
300000244891889,616650,EXPENSE,,300000244891890,N,869931,DELIVER,NOT INSPECTED,,2022-06-20T18:45:01.000+00:00,CALVIN.ROTH
300000244891974,615652,RECEIVING,,300000244891975,Y,868934,RECEIVE,NOT INSPECTED,,2022-06-20T19:57:41.000+00:00,CALVIN.ROTH
300000244891974,615652,EXPENSE,,300000244891975,N,868935,DELIVER,NOT INSPECTED,,2022-06-20T19:57:41.000+00:00,CALVIN.ROTH
300000244905414,616651,RECEIVING,,300000244905415,Y,869932,RECEIVE,NOT INSPECTED,,2022-06-21T12:49:10.000+00:00,CALVIN.ROTH
300000244905414,616651,EXPENSE,,300000244905415,N,869933,DELIVER,NOT INSPECTED,,2022-06-21T12:49:10.000+00:00,CALVIN.ROTH
300000244913603,615653,RECEIVING,,300000244913605,Y,868936,RECEIVE,NOT INSPECTED,,2022-06-22T08:33:56.000+00:00,CALVIN.ROTH
300000244913603,615653,EXPENSE,,300000244913605,N,868937,DELIVER,NOT INSPECTED,,2022-06-22T08:33:56.000+00:00,CALVIN.ROTH
300000244913909,615654,RECEIVING,,300000244913915,Y,868938,RECEIVE,NOT INSPECTED,,2022-06-22T09:43:24.000+00:00,CALVIN.ROTH
300000244913909,615654,EXPENSE,,300000244913915,N,868939,DELIVER,NOT INSPECTED,,2022-06-22T09:43:24.000+00:00,CALVIN.ROTH
300000244914151,615655,RECEIVING,,300000244914153,Y,868940,RECEIVE,NOT INSPECTED,,2022-06-22T09:54:33.000+00:00,CALVIN.ROTH
300000244914151,615655,EXPENSE,,300000244914153,N,868941,DELIVER,NOT INSPECTED,,2022-06-22T09:54:33.000+00:00,CALVIN.ROTH
300000244916426,615656,RECEIVING,,300000244916428,Y,868942,RECEIVE,NOT INSPECTED,,2022-06-22T10:13:52.000+00:00,CALVIN.ROTH
300000244916426,615656,EXPENSE,,300000244916428,N,868943,DELIVER,NOT INSPECTED,,2022-06-22T10:13:52.000+00:00,CALVIN.ROTH
300000244916743,615657,RECEIVING,,300000244916745,Y,868944,RECEIVE,NOT INSPECTED,,2022-06-22T11:44:00.000+00:00,CALVIN.ROTH
300000244916743,615657,EXPENSE,,300000244916745,N,868945,DELIVER,NOT INSPECTED,,2022-06-22T11:44:00.000+00:00,CALVIN.ROTH
300000244916788,615658,RECEIVING,,300000244916794,Y,868946,RECEIVE,NOT INSPECTED,,2022-06-22T12:35:28.000+00:00,CALVIN.ROTH
300000244916788,615658,EXPENSE,,300000244916794,N,868947,DELIVER,NOT INSPECTED,,2022-06-22T12:35:28.000+00:00,CALVIN.ROTH
300000244916787,616652,RECEIVING,,300000244916791,Y,869934,RECEIVE,NOT INSPECTED,,2022-06-22T12:36:08.000+00:00,CALVIN.ROTH
300000244916787,616652,EXPENSE,,300000244916791,N,869935,DELIVER,NOT INSPECTED,,2022-06-22T12:36:08.000+00:00,CALVIN.ROTH
300000244916803,615659,RECEIVING,,300000244916805,Y,868948,RECEIVE,NOT INSPECTED,,2022-06-22T12:37:55.000+00:00,CALVIN.ROTH
300000244916803,615659,EXPENSE,,300000244916805,N,868949,DELIVER,NOT INSPECTED,,2022-06-22T12:37:55.000+00:00,CALVIN.ROTH
300000242593861,615660,RECEIVING,,300000242593862,Y,868950,RECEIVE,NOT INSPECTED,,2022-06-22T12:58:53.000+00:00,CALVIN.ROTH
300000242593861,615660,EXPENSE,,300000242593862,N,868951,DELIVER,NOT INSPECTED,,2022-06-22T12:58:53.000+00:00,CALVIN.ROTH
300000244917041,615661,RECEIVING,,300000244917043,Y,868952,RECEIVE,NOT INSPECTED,,2022-06-22T15:31:52.000+00:00,CALVIN.ROTH
300000244917041,615661,EXPENSE,,300000244917043,N,868953,DELIVER,NOT INSPECTED,,2022-06-22T15:31:52.000+00:00,CALVIN.ROTH
300000244917070,616653,RECEIVING,,300000244917072,Y,869936,RECEIVE,NOT INSPECTED,,2022-06-22T16:12:12.000+00:00,CALVIN.ROTH
300000244917070,616653,EXPENSE,,300000244917072,N,869937,DELIVER,NOT INSPECTED,,2022-06-22T16:12:12.000+00:00,CALVIN.ROTH
300000244917099,616654,RECEIVING,,300000244917101,Y,869938,RECEIVE,NOT INSPECTED,,2022-06-22T18:42:40.000+00:00,CALVIN.ROTH
300000244917099,616654,EXPENSE,,300000244917101,N,869939,DELIVER,NOT INSPECTED,,2022-06-22T18:42:40.000+00:00,CALVIN.ROTH
300000244931203,617649,RECEIVING,,300000244931205,Y,868954,RECEIVE,NOT INSPECTED,,2022-06-24T11:24:29.000+00:00,SCM_IMPL
300000244931203,617649,RECEIVING,,300000244931205,Y,869940,ACCEPT,ACCEPTED,10,2022-06-24T11:25:47.000+00:00,SCM_IMPL
300000244931203,617649,INVENTORY,Stores,300000244931205,Y,869941,DELIVER,ACCEPTED,10,2022-06-24T11:26:38.000+00:00,SCM_IMPL
300000244958379,618649,RECEIVING,,300000244958381,Y,870928,RECEIVE,NOT INSPECTED,,2022-06-28T09:08:20.000+00:00,SCM_IMPL
300000244958379,618649,RECEIVING,,300000244958381,Y,870929,ACCEPT,ACCEPTED,,2022-06-28T09:13:21.000+00:00,SCM_IMPL
300000191632251,619649,RECEIVING,,300000191632255,Y,871928,RECEIVE,NOT INSPECTED,,2022-07-05T13:53:25.000+00:00,CALVIN.ROTH
300000191632251,619649,EXPENSE,,300000191632255,N,871929,DELIVER,NOT INSPECTED,,2022-07-05T13:53:26.000+00:00,CALVIN.ROTH
300000191632251,620649,RECEIVING,,300000191632255,Y,872928,RECEIVE,NOT INSPECTED,,2022-07-05T14:25:06.000+00:00,CALVIN.ROTH
300000191632251,620649,EXPENSE,,300000191632255,N,872929,DELIVER,NOT INSPECTED,,2022-07-05T14:25:06.000+00:00,CALVIN.ROTH
300000191632251,621649,RECEIVING,,300000191632255,Y,871930,RECEIVE,NOT INSPECTED,,2022-07-06T14:54:01.000+00:00,CALVIN.ROTH
300000191632251,621649,EXPENSE,,300000191632255,N,871931,DELIVER,NOT INSPECTED,,2022-07-06T14:54:01.000+00:00,CALVIN.ROTH
300000245095259,622649,RECEIVING,,300000245095260,N,873928,RECEIVE,NOT INSPECTED,,2022-07-14T06:03:51.000+00:00,SCM_IMPL
300000245095259,622649,DROP SHIP,,300000245095260,N,873929,DELIVER,NOT INSPECTED,,2022-07-14T06:03:51.000+00:00,SCM_IMPL
300000245776746,624649,RECEIVING,,300000245776747,N,874928,RECEIVE,NOT INSPECTED,,2022-07-22T09:50:36.000+00:00,SCM_IMPL
300000245776746,624649,DROP SHIP,,300000245776747,N,874929,DELIVER,NOT INSPECTED,,2022-07-22T09:50:36.000+00:00,SCM_IMPL
300000245777831,624650,RECEIVING,,300000245777832,N,874930,RECEIVE,NOT INSPECTED,,2022-07-22T10:51:51.000+00:00,SCM_IMPL
300000245777831,624650,DROP SHIP,,300000245777832,N,874931,DELIVER,NOT INSPECTED,,2022-07-22T10:51:51.000+00:00,SCM_IMPL
300000245777851,624651,RECEIVING,,300000245777852,N,874932,RECEIVE,NOT INSPECTED,,2022-07-22T10:53:31.000+00:00,SCM_IMPL
300000245777851,624651,DROP SHIP,,300000245777852,N,874933,DELIVER,NOT INSPECTED,,2022-07-22T10:53:31.000+00:00,SCM_IMPL
300000245777861,624652,RECEIVING,,300000245777862,N,874934,RECEIVE,NOT INSPECTED,,2022-07-22T10:54:15.000+00:00,SCM_IMPL
300000245777861,624652,DROP SHIP,,300000245777862,N,874935,DELIVER,NOT INSPECTED,,2022-07-22T10:54:15.000+00:00,SCM_IMPL
300000245778142,624653,RECEIVING,,300000245778143,N,874936,RECEIVE,NOT INSPECTED,,2022-07-22T11:19:47.000+00:00,SCM_IMPL
300000245778142,624653,DROP SHIP,,300000245778143,N,874937,DELIVER,NOT INSPECTED,,2022-07-22T11:19:47.000+00:00,SCM_IMPL
300000245780413,623650,RECEIVING,,300000245780414,N,875928,RECEIVE,NOT INSPECTED,,2022-07-22T11:30:03.000+00:00,SCM_IMPL
300000245780413,623650,DROP SHIP,,300000245780414,N,875929,DELIVER,NOT INSPECTED,,2022-07-22T11:30:03.000+00:00,SCM_IMPL
300000245780423,623651,RECEIVING,,300000245780424,N,875930,RECEIVE,NOT INSPECTED,,2022-07-22T11:31:42.000+00:00,SCM_IMPL
300000245780423,623651,DROP SHIP,,300000245780424,N,875931,DELIVER,NOT INSPECTED,,2022-07-22T11:31:42.000+00:00,SCM_IMPL
300000245780734,623652,RECEIVING,,300000245780735,N,875932,RECEIVE,NOT INSPECTED,,2022-07-22T12:00:10.000+00:00,SCM_IMPL
300000245780734,623652,DROP SHIP,,300000245780735,N,875933,DELIVER,NOT INSPECTED,,2022-07-22T12:00:10.000+00:00,SCM_IMPL
300000245780754,624654,RECEIVING,,300000245780755,N,874938,RECEIVE,NOT INSPECTED,,2022-07-22T12:02:52.000+00:00,SCM_IMPL
300000245780754,624654,DROP SHIP,,300000245780755,N,874939,DELIVER,NOT INSPECTED,,2022-07-22T12:02:52.000+00:00,SCM_IMPL
300000245781008,624655,RECEIVING,,300000245781009,N,874940,RECEIVE,NOT INSPECTED,,2022-07-22T12:33:32.000+00:00,SCM_IMPL
300000245781008,624655,DROP SHIP,,300000245781009,N,874941,DELIVER,NOT INSPECTED,,2022-07-22T12:33:32.000+00:00,SCM_IMPL
300000245785383,623653,RECEIVING,,300000245785384,N,875934,RECEIVE,NOT INSPECTED,,2022-07-22T13:24:44.000+00:00,SCM_IMPL
300000245785383,623653,DROP SHIP,,300000245785384,N,875935,DELIVER,NOT INSPECTED,,2022-07-22T13:24:44.000+00:00,SCM_IMPL
300000245817358,625649,RECEIVING,,300000245821360,Y,876928,RECEIVE,NOT INSPECTED,,2022-07-25T15:53:58.000+00:00,SCM_IMPL
300000245817358,625649,RECEIVING,,300000245821360,Y,876929,ACCEPT,ACCEPTED,10,2022-07-25T15:56:41.000+00:00,SCM_IMPL
300000245817358,625649,INVENTORY,Completed,300000245821360,Y,877928,DELIVER,ACCEPTED,10,2022-07-25T15:57:58.000+00:00,SCM_IMPL
300000245817358,625649,INVENTORY,,300000245821360,Y,876930,CORRECT,ACCEPTED,10,2022-07-25T15:59:32.000+00:00,SCM_IMPL
300000245817358,625649,RECEIVING,,300000245821360,Y,877929,CORRECT,ACCEPTED,10,2022-07-25T15:59:51.000+00:00,SCM_IMPL
300000245817358,625649,RECEIVING,,300000245821360,Y,876931,CORRECT,NOT INSPECTED,,2022-07-25T16:00:09.000+00:00,SCM_IMPL
300000245817358,625649,INVENTORY,,300000245821360,N,876932,RETURN TO RECEIVING,ACCEPTED,10,2022-07-25T16:12:21.000+00:00,SCM_IMPL
300000245817358,625649,RECEIVING,,300000245821360,Y,876933,RETURN TO VENDOR,ACCEPTED,10,2022-07-25T16:12:21.000+00:00,SCM_IMPL
300000245817358,625649,INVENTORY,,300000245821360,N,877930,RETURN TO RECEIVING,ACCEPTED,10,2022-07-25T16:39:38.000+00:00,SCM_IMPL
300000245817358,625649,RECEIVING,,300000245821360,Y,877931,RETURN TO VENDOR,ACCEPTED,10,2022-07-25T16:39:38.000+00:00,SCM_IMPL
300000245821693,626649,RECEIVING,,300000245821695,Y,878928,RECEIVE,NOT INSPECTED,,2022-07-26T05:17:15.000+00:00,SCM_IMPL
300000245821693,626649,RECEIVING,,300000245821695,Y,878929,ACCEPT,ACCEPTED,10,2022-07-26T05:18:53.000+00:00,SCM_IMPL
300000245821693,626649,INVENTORY,Staging,300000245821695,Y,878930,DELIVER,ACCEPTED,10,2022-07-26T05:19:40.000+00:00,SCM_IMPL
300000245821702,626650,RECEIVING,,300000245821704,Y,878931,RECEIVE,NOT INSPECTED,,2022-07-26T05:20:55.000+00:00,SCM_IMPL
300000245821702,626650,INVENTORY,Completed,300000245821704,N,878932,DELIVER,NOT INSPECTED,,2022-07-26T05:20:55.000+00:00,SCM_IMPL
300000245821693,626649,INVENTORY,,300000245821695,Y,878933,CORRECT,ACCEPTED,10,2022-07-26T05:22:41.000+00:00,SCM_IMPL
300000245821693,626649,RECEIVING,,300000245821695,Y,879928,CORRECT,ACCEPTED,10,2022-07-26T05:23:09.000+00:00,SCM_IMPL
300000245821693,626649,RECEIVING,,300000245821695,Y,878934,CORRECT,NOT INSPECTED,,2022-07-26T05:23:28.000+00:00,SCM_IMPL
300000245821702,626650,INVENTORY,,300000245821704,N,878935,RETURN TO RECEIVING,NOT INSPECTED,,2022-07-26T05:24:57.000+00:00,SCM_IMPL
300000245821702,626650,RECEIVING,,300000245821704,Y,878936,RETURN TO VENDOR,NOT INSPECTED,,2022-07-26T05:24:57.000+00:00,SCM_IMPL
300000191632251,627649,RECEIVING,,300000191632255,Y,880928,RECEIVE,NOT INSPECTED,,2022-07-28T06:15:03.000+00:00,CALVIN.ROTH
300000191632251,627649,EXPENSE,,300000191632255,N,880929,DELIVER,NOT INSPECTED,,2022-07-28T06:15:03.000+00:00,CALVIN.ROTH
300000191632251,628649,RECEIVING,,300000191632255,Y,881928,RECEIVE,NOT INSPECTED,,2022-07-28T09:52:36.000+00:00,CALVIN.ROTH
300000191632251,628649,EXPENSE,,300000191632255,N,881929,DELIVER,NOT INSPECTED,,2022-07-28T09:52:36.000+00:00,CALVIN.ROTH
300000245890821,628650,RECEIVING,,300000245890822,Y,881930,RECEIVE,NOT INSPECTED,,2022-07-28T10:12:48.000+00:00,CALVIN.ROTH
300000245890821,628650,INVENTORY,Stores,300000245890822,N,881931,DELIVER,NOT INSPECTED,,2022-07-28T10:12:48.000+00:00,CALVIN.ROTH
300000245890996,627650,RECEIVING,,300000245890997,Y,880930,RECEIVE,NOT INSPECTED,,2022-07-28T10:33:22.000+00:00,CALVIN.ROTH
300000245890996,627650,INVENTORY,Stores,300000245890997,N,880931,DELIVER,NOT INSPECTED,,2022-07-28T10:33:22.000+00:00,CALVIN.ROTH
300000245891201,627651,RECEIVING,,300000245891202,Y,880932,RECEIVE,NOT INSPECTED,,2022-07-28T10:52:08.000+00:00,CALVIN.ROTH
300000245891201,627651,INVENTORY,Stores,300000245891202,N,880933,DELIVER,NOT INSPECTED,,2022-07-28T10:52:08.000+00:00,CALVIN.ROTH
300000191632251,628651,RECEIVING,,300000191632255,Y,881932,RECEIVE,NOT INSPECTED,,2022-07-28T10:53:46.000+00:00,CALVIN.ROTH
300000191632251,628651,EXPENSE,,300000191632255,N,881933,DELIVER,NOT INSPECTED,,2022-07-28T10:53:46.000+00:00,CALVIN.ROTH
300000245894825,627652,RECEIVING,,300000245894826,Y,880934,RECEIVE,NOT INSPECTED,,2022-07-28T11:31:03.000+00:00,CALVIN.ROTH
300000245894825,627652,INVENTORY,Stores,300000245894826,N,880935,DELIVER,NOT INSPECTED,,2022-07-28T11:31:03.000+00:00,CALVIN.ROTH
300000245894825,628652,RECEIVING,,300000245894826,Y,881934,RECEIVE,NOT INSPECTED,,2022-07-28T12:08:55.000+00:00,CALVIN.ROTH
300000245894825,628652,INVENTORY,Stores,300000245894826,N,881935,DELIVER,NOT INSPECTED,,2022-07-28T12:08:55.000+00:00,CALVIN.ROTH
300000245895117,628653,RECEIVING,,300000245895118,Y,881936,RECEIVE,NOT INSPECTED,,2022-07-28T12:31:41.000+00:00,CALVIN.ROTH
300000245895117,628653,INVENTORY,Stores,300000245895118,N,881937,DELIVER,NOT INSPECTED,,2022-07-28T12:31:41.000+00:00,CALVIN.ROTH
300000191632251,627653,RECEIVING,,300000191632255,Y,880936,RECEIVE,NOT INSPECTED,,2022-07-28T12:32:37.000+00:00,CALVIN.ROTH
300000191632251,627653,EXPENSE,,300000191632255,N,880937,DELIVER,NOT INSPECTED,,2022-07-28T12:32:37.000+00:00,CALVIN.ROTH
300000245895117,628654,RECEIVING,,300000245895118,Y,881938,RECEIVE,NOT INSPECTED,,2022-07-28T12:34:01.000+00:00,CALVIN.ROTH
300000245895117,628654,INVENTORY,Stores,300000245895118,N,881939,DELIVER,NOT INSPECTED,,2022-07-28T12:34:01.000+00:00,CALVIN.ROTH
300000191632251,628655,RECEIVING,,300000191632255,Y,881940,RECEIVE,NOT INSPECTED,,2022-07-28T12:53:54.000+00:00,CALVIN.ROTH
300000191632251,628655,EXPENSE,,300000191632255,N,881941,DELIVER,NOT INSPECTED,,2022-07-28T12:53:54.000+00:00,CALVIN.ROTH
300000245974526,629649,RECEIVING,,300000245974527,Y,882928,RECEIVE,NOT INSPECTED,,2022-08-04T05:43:00.000+00:00,CALVIN.ROTH
300000245974526,629649,EXPENSE,,300000245974527,N,882929,DELIVER,NOT INSPECTED,,2022-08-04T05:43:00.000+00:00,CALVIN.ROTH
300000191632251,629650,RECEIVING,,300000191632255,Y,882930,RECEIVE,NOT INSPECTED,,2022-08-04T10:38:58.000+00:00,CALVIN.ROTH
300000191632251,629650,EXPENSE,,300000191632255,N,882931,DELIVER,NOT INSPECTED,,2022-08-04T10:38:59.000+00:00,CALVIN.ROTH
300000191632251,630649,RECEIVING,,300000191632255,Y,883928,RECEIVE,NOT INSPECTED,,2022-08-04T11:01:44.000+00:00,CALVIN.ROTH
300000191632251,630649,EXPENSE,,300000191632255,N,883929,DELIVER,NOT INSPECTED,,2022-08-04T11:01:44.000+00:00,CALVIN.ROTH
300000245975217,629651,RECEIVING,,300000245975218,Y,882932,RECEIVE,NOT INSPECTED,,2022-08-05T00:25:09.000+00:00,CALVIN.ROTH
300000245975217,629651,EXPENSE,,300000245975218,N,882933,DELIVER,NOT INSPECTED,,2022-08-05T00:25:09.000+00:00,CALVIN.ROTH
300000245975237,630650,RECEIVING,,300000245975238,Y,883930,RECEIVE,NOT INSPECTED,,2022-08-05T00:43:02.000+00:00,CALVIN.ROTH
300000245975237,630650,EXPENSE,,300000245975238,N,883931,DELIVER,NOT INSPECTED,,2022-08-05T00:43:02.000+00:00,CALVIN.ROTH
300000245975295,630651,RECEIVING,,300000245975296,Y,883932,RECEIVE,NOT INSPECTED,,2022-08-05T05:18:20.000+00:00,CALVIN.ROTH
300000245975295,630651,EXPENSE,,300000245975296,N,883933,DELIVER,NOT INSPECTED,,2022-08-05T05:18:20.000+00:00,CALVIN.ROTH
300000107416112,623649,RECEIVING,,300000107416114,Y,883934,RECEIVE,NOT INSPECTED,,2022-08-05T05:37:05.000+00:00,CALVIN.ROTH
300000107416112,623649,EXPENSE,,300000107416114,N,883935,DELIVER,NOT INSPECTED,,2022-08-05T05:37:05.000+00:00,CALVIN.ROTH
300000245975324,629652,RECEIVING,,300000245975325,Y,882934,RECEIVE,NOT INSPECTED,,2022-08-05T05:41:58.000+00:00,CALVIN.ROTH
300000245975324,629652,EXPENSE,,300000245975325,N,882935,DELIVER,NOT INSPECTED,,2022-08-05T05:41:58.000+00:00,CALVIN.ROTH
300000130065116,630652,RECEIVING,,300000130065117,Y,883936,RECEIVE,NOT INSPECTED,,2022-08-05T05:54:58.000+00:00,CALVIN.ROTH
300000130065116,630652,EXPENSE,,300000130065117,N,883937,DELIVER,NOT INSPECTED,,2022-08-05T05:54:58.000+00:00,CALVIN.ROTH
300000178114026,629653,RECEIVING,,300000178114027,Y,882936,RECEIVE,NOT INSPECTED,,2022-08-05T06:31:18.000+00:00,CALVIN.ROTH
300000178114026,629653,EXPENSE,,300000178114027,N,882937,DELIVER,NOT INSPECTED,,2022-08-05T06:31:18.000+00:00,CALVIN.ROTH
300000245992418,629654,RECEIVING,,300000245992419,Y,882938,RECEIVE,NOT INSPECTED,,2022-08-05T06:44:56.000+00:00,CALVIN.ROTH
300000245992418,629654,EXPENSE,,300000245992419,N,882939,DELIVER,NOT INSPECTED,,2022-08-05T06:44:56.000+00:00,CALVIN.ROTH
300000245992455,630653,RECEIVING,,300000245992456,Y,883938,RECEIVE,NOT INSPECTED,,2022-08-05T07:19:54.000+00:00,CALVIN.ROTH
300000245992455,630653,EXPENSE,,300000245992456,N,883939,DELIVER,NOT INSPECTED,,2022-08-05T07:19:54.000+00:00,CALVIN.ROTH
300000245992489,630654,RECEIVING,,300000245992490,Y,883940,RECEIVE,NOT INSPECTED,,2022-08-05T07:29:28.000+00:00,CALVIN.ROTH
300000245992489,630654,EXPENSE,,300000245992490,N,883941,DELIVER,NOT INSPECTED,,2022-08-05T07:29:28.000+00:00,CALVIN.ROTH
300000245992525,630655,RECEIVING,,300000245992526,Y,883942,RECEIVE,NOT INSPECTED,,2022-08-05T07:46:09.000+00:00,CALVIN.ROTH
300000245992525,630655,EXPENSE,,300000245992526,N,883943,DELIVER,NOT INSPECTED,,2022-08-05T07:46:09.000+00:00,CALVIN.ROTH
300000245992622,630656,RECEIVING,,300000245992623,Y,883944,RECEIVE,NOT INSPECTED,,2022-08-05T08:31:24.000+00:00,CALVIN.ROTH
300000245992622,630656,EXPENSE,,300000245992623,N,883945,DELIVER,NOT INSPECTED,,2022-08-05T08:31:24.000+00:00,CALVIN.ROTH
300000245992668,630657,RECEIVING,,300000245992669,Y,883946,RECEIVE,NOT INSPECTED,,2022-08-05T08:49:33.000+00:00,CALVIN.ROTH
300000245992668,630657,EXPENSE,,300000245992669,N,883947,DELIVER,NOT INSPECTED,,2022-08-05T08:49:33.000+00:00,CALVIN.ROTH
300000245992712,630658,RECEIVING,,300000245992713,Y,883948,RECEIVE,NOT INSPECTED,,2022-08-05T09:05:29.000+00:00,CALVIN.ROTH
300000245992712,630658,EXPENSE,,300000245992713,N,883949,DELIVER,NOT INSPECTED,,2022-08-05T09:05:29.000+00:00,CALVIN.ROTH
300000245992757,630659,RECEIVING,,300000245992758,Y,883950,RECEIVE,NOT INSPECTED,,2022-08-05T09:16:38.000+00:00,CALVIN.ROTH
300000245992757,630659,EXPENSE,,300000245992758,N,883951,DELIVER,NOT INSPECTED,,2022-08-05T09:16:38.000+00:00,CALVIN.ROTH
300000245992739,630660,RECEIVING,,300000245992740,Y,883952,RECEIVE,NOT INSPECTED,,2022-08-05T09:21:05.000+00:00,CALVIN.ROTH
300000245992739,630660,EXPENSE,,300000245992740,N,883953,DELIVER,NOT INSPECTED,,2022-08-05T09:21:05.000+00:00,CALVIN.ROTH
300000245992851,630661,RECEIVING,,300000245992852,Y,883954,RECEIVE,NOT INSPECTED,,2022-08-05T09:58:45.000+00:00,CALVIN.ROTH
300000245992851,630661,EXPENSE,,300000245992852,N,883955,DELIVER,NOT INSPECTED,,2022-08-05T09:58:45.000+00:00,CALVIN.ROTH
300000245992893,630662,RECEIVING,,300000245992894,Y,883956,RECEIVE,NOT INSPECTED,,2022-08-05T10:11:56.000+00:00,CALVIN.ROTH
300000245992893,630662,EXPENSE,,300000245992894,N,883957,DELIVER,NOT INSPECTED,,2022-08-05T10:11:56.000+00:00,CALVIN.ROTH
300000233236928,630663,RECEIVING,,300000233236929,Y,883958,RECEIVE,NOT INSPECTED,,2022-08-05T12:17:01.000+00:00,CALVIN.ROTH
300000233236928,630663,EXPENSE,,300000233236929,N,883959,DELIVER,NOT INSPECTED,,2022-08-05T12:17:01.000+00:00,CALVIN.ROTH
300000233301251,630664,RECEIVING,,300000233301252,Y,883960,RECEIVE,NOT INSPECTED,,2022-08-05T13:49:26.000+00:00,CALVIN.ROTH
300000233301251,630664,EXPENSE,,300000233301252,N,883961,DELIVER,NOT INSPECTED,,2022-08-05T13:49:26.000+00:00,CALVIN.ROTH
300000233236973,630665,RECEIVING,,300000233236974,Y,883962,RECEIVE,NOT INSPECTED,,2022-08-05T13:58:11.000+00:00,CALVIN.ROTH
300000233236973,630665,EXPENSE,,300000233236974,N,883963,DELIVER,NOT INSPECTED,,2022-08-05T13:58:11.000+00:00,CALVIN.ROTH
300000233301210,629655,RECEIVING,,300000233301211,Y,882940,RECEIVE,NOT INSPECTED,,2022-08-05T14:09:41.000+00:00,CALVIN.ROTH
300000233301210,629655,EXPENSE,,300000233301211,N,882941,DELIVER,NOT INSPECTED,,2022-08-05T14:09:41.000+00:00,CALVIN.ROTH
300000245993266,631649,RECEIVING,,300000245993267,Y,884928,RECEIVE,NOT INSPECTED,,2022-08-08T07:11:36.000+00:00,CALVIN.ROTH
300000245993266,631649,EXPENSE,,300000245993267,N,884929,DELIVER,NOT INSPECTED,,2022-08-08T07:11:36.000+00:00,CALVIN.ROTH
300000191632251,632649,RECEIVING,,300000191632258,Y,885928,RECEIVE,NOT INSPECTED,,2022-08-19T05:16:01.000+00:00,CALVIN.ROTH
300000191632251,632649,EXPENSE,,300000191632258,N,885929,DELIVER,NOT INSPECTED,,2022-08-19T05:16:01.000+00:00,CALVIN.ROTH
300000191632251,633649,RECEIVING,,300000191632258,Y,886928,RECEIVE,NOT INSPECTED,,2022-08-19T07:08:08.000+00:00,CALVIN.ROTH
300000191632251,633649,EXPENSE,,300000191632258,N,886929,DELIVER,NOT INSPECTED,,2022-08-19T07:08:08.000+00:00,CALVIN.ROTH
300000191632251,633650,RECEIVING,,300000191632258,Y,886930,RECEIVE,NOT INSPECTED,,2022-08-19T07:14:56.000+00:00,CALVIN.ROTH
300000191632251,633650,EXPENSE,,300000191632258,N,886931,DELIVER,NOT INSPECTED,,2022-08-19T07:14:56.000+00:00,CALVIN.ROTH
300000191632251,632650,RECEIVING,,300000191632258,Y,885930,RECEIVE,NOT INSPECTED,,2022-08-19T07:32:37.000+00:00,CALVIN.ROTH
300000191632251,632650,EXPENSE,,300000191632258,N,885931,DELIVER,NOT INSPECTED,,2022-08-19T07:32:37.000+00:00,CALVIN.ROTH
300000246092457,634649,RECEIVING,,300000246092459,Y,887928,RECEIVE,NOT INSPECTED,,2022-08-22T14:36:08.000+00:00,SCM_IMPL
300000246092457,634649,INVENTORY,Stores,300000246092459,N,887929,DELIVER,NOT INSPECTED,,2022-08-22T14:36:08.000+00:00,SCM_IMPL
300000191632251,635649,RECEIVING,,300000191632258,Y,888928,RECEIVE,NOT INSPECTED,,2022-08-23T10:15:07.000+00:00,CALVIN.ROTH
300000191632251,635649,EXPENSE,,300000191632258,N,888929,DELIVER,NOT INSPECTED,,2022-08-23T10:15:07.000+00:00,CALVIN.ROTH
300000191632251,634650,RECEIVING,,300000191632258,Y,887930,RECEIVE,NOT INSPECTED,,2022-08-23T10:40:24.000+00:00,CALVIN.ROTH
300000191632251,634650,EXPENSE,,300000191632258,N,887931,DELIVER,NOT INSPECTED,,2022-08-23T10:40:24.000+00:00,CALVIN.ROTH
300000191632251,634651,RECEIVING,,300000191632258,Y,887932,RECEIVE,NOT INSPECTED,,2022-08-23T10:54:34.000+00:00,CALVIN.ROTH
300000191632251,634651,EXPENSE,,300000191632258,N,887933,DELIVER,NOT INSPECTED,,2022-08-23T10:54:34.000+00:00,CALVIN.ROTH
300000191632251,635650,RECEIVING,,300000191632258,Y,888930,RECEIVE,NOT INSPECTED,,2022-08-23T11:49:01.000+00:00,CALVIN.ROTH
300000191632251,635650,EXPENSE,,300000191632258,N,888931,DELIVER,NOT INSPECTED,,2022-08-23T11:49:01.000+00:00,CALVIN.ROTH
300000191632251,635651,RECEIVING,,300000191632258,Y,888932,RECEIVE,NOT INSPECTED,,2022-08-23T12:35:49.000+00:00,CALVIN.ROTH
300000191632251,635651,EXPENSE,,300000191632258,N,888933,DELIVER,NOT INSPECTED,,2022-08-23T12:35:49.000+00:00,CALVIN.ROTH
300000191632251,634652,RECEIVING,,300000191632258,Y,887934,RECEIVE,NOT INSPECTED,,2022-08-24T04:02:02.000+00:00,CALVIN.ROTH
300000191632251,634652,EXPENSE,,300000191632258,N,887935,DELIVER,NOT INSPECTED,,2022-08-24T04:02:02.000+00:00,CALVIN.ROTH
300000191632251,634653,RECEIVING,,300000191632261,Y,887936,RECEIVE,NOT INSPECTED,,2022-08-24T06:42:54.000+00:00,CALVIN.ROTH
300000191632251,634653,EXPENSE,,300000191632261,N,887937,DELIVER,NOT INSPECTED,,2022-08-24T06:42:54.000+00:00,CALVIN.ROTH
300000191632251,635652,RECEIVING,,300000191632261,Y,888934,RECEIVE,NOT INSPECTED,,2022-08-24T09:30:33.000+00:00,CALVIN.ROTH
300000191632251,635652,EXPENSE,,300000191632261,N,888935,DELIVER,NOT INSPECTED,,2022-08-24T09:30:33.000+00:00,CALVIN.ROTH
300000246182840,634654,RECEIVING,,300000246182841,Y,887938,RECEIVE,NOT INSPECTED,,2022-08-24T12:29:17.000+00:00,CALVIN.ROTH
300000246182840,634654,EXPENSE,,300000246182841,N,887939,DELIVER,NOT INSPECTED,,2022-08-24T12:29:17.000+00:00,CALVIN.ROTH
300000246182991,634655,RECEIVING,,300000246182992,Y,887940,RECEIVE,NOT INSPECTED,,2022-08-26T10:55:53.000+00:00,CALVIN.ROTH
300000246182991,634655,EXPENSE,,300000246182992,N,887941,DELIVER,NOT INSPECTED,,2022-08-26T10:55:53.000+00:00,CALVIN.ROTH
300000246294382,636649,RECEIVING,,300000246294383,Y,889928,RECEIVE,NOT INSPECTED,,2022-09-06T12:23:04.000+00:00,SCM_IMPL
300000246294382,636649,INVENTORY,Stores,300000246294383,N,889929,DELIVER,NOT INSPECTED,,2022-09-06T12:23:04.000+00:00,SCM_IMPL
300000246294382,636649,INVENTORY,,300000246294383,Y,890928,CORRECT,NOT INSPECTED,,2022-09-06T12:25:37.000+00:00,SCM_IMPL
300000246294382,636649,RECEIVING,,300000246294383,Y,889930,CORRECT,NOT INSPECTED,,2022-09-06T12:26:01.000+00:00,SCM_IMPL
300000246397706,637649,RECEIVING,,300000246397719,Y,891928,RECEIVE,NOT INSPECTED,,2022-09-07T17:48:15.000+00:00,CALVIN.ROTH
300000246397706,637649,EXPENSE,,300000246397719,N,891929,DELIVER,NOT INSPECTED,,2022-09-07T17:48:15.000+00:00,CALVIN.ROTH
300000246397706,637649,EXPENSE,,300000246397719,Y,892928,CORRECT,NOT INSPECTED,,2022-09-07T17:52:55.000+00:00,CALVIN.ROTH
300000246397706,637649,RECEIVING,,300000246397719,Y,891930,CORRECT,NOT INSPECTED,,2022-09-07T17:55:16.000+00:00,CALVIN.ROTH
300000246397778,637650,RECEIVING,,300000246397786,Y,891931,RECEIVE,NOT INSPECTED,,2022-09-07T18:11:34.000+00:00,CALVIN.ROTH
300000246397778,637650,EXPENSE,,300000246397786,N,891932,DELIVER,NOT INSPECTED,,2022-09-07T18:11:34.000+00:00,CALVIN.ROTH
300000246397820,638649,RECEIVING,,300000246397822,Y,892929,RECEIVE,NOT INSPECTED,,2022-09-07T18:28:42.000+00:00,CALVIN.ROTH
300000246397820,638649,EXPENSE,,300000246397822,N,892930,DELIVER,NOT INSPECTED,,2022-09-07T18:28:42.000+00:00,CALVIN.ROTH
300000246397820,638649,EXPENSE,,300000246397822,Y,892931,CORRECT,NOT INSPECTED,,2022-09-07T18:35:13.000+00:00,CALVIN.ROTH
300000246397820,638649,RECEIVING,,300000246397822,Y,891933,CORRECT,NOT INSPECTED,,2022-09-07T18:35:32.000+00:00,CALVIN.ROTH
300000246397915,637651,RECEIVING,,300000246397917,Y,891934,RECEIVE,NOT INSPECTED,,2022-09-07T19:10:08.000+00:00,CALVIN.ROTH
300000246397915,637651,EXPENSE,,300000246397917,N,891935,DELIVER,NOT INSPECTED,,2022-09-07T19:10:08.000+00:00,CALVIN.ROTH
300000246397915,637651,EXPENSE,,300000246397917,Y,892932,CORRECT,NOT INSPECTED,,2022-09-07T19:19:41.000+00:00,CALVIN.ROTH
300000246397915,637651,RECEIVING,,300000246397917,Y,891936,CORRECT,NOT INSPECTED,,2022-09-07T19:20:00.000+00:00,CALVIN.ROTH
300000246397937,638650,RECEIVING,,300000246397944,Y,892933,RECEIVE,NOT INSPECTED,,2022-09-07T19:30:09.000+00:00,CALVIN.ROTH
300000246397937,638650,EXPENSE,,300000246397944,N,892934,DELIVER,NOT INSPECTED,,2022-09-07T19:30:09.000+00:00,CALVIN.ROTH
300000246397937,638650,EXPENSE,,300000246397944,Y,892935,CORRECT,NOT INSPECTED,,2022-09-07T19:31:22.000+00:00,CALVIN.ROTH
300000246397937,638650,RECEIVING,,300000246397944,Y,891937,CORRECT,NOT INSPECTED,,2022-09-07T19:31:40.000+00:00,CALVIN.ROTH
300000246509221,639649,RECEIVING,,300000246509287,Y,893928,RECEIVE,NOT INSPECTED,,2022-09-15T11:01:57.000+00:00,SCM_IMPL
300000246509221,639649,INVENTORY,Stores,300000246509287,Y,894928,DELIVER,NOT INSPECTED,,2022-09-15T11:02:55.000+00:00,SCM_IMPL
300000246512410,639650,RECEIVING,,300000246512453,Y,893929,RECEIVE,NOT INSPECTED,,2022-09-15T11:08:54.000+00:00,SCM_IMPL
300000246512410,639650,RECEIVING,,300000246512453,Y,894929,ACCEPT,ACCEPTED,10,2022-09-15T11:09:29.000+00:00,SCM_IMPL
300000246512410,639650,INVENTORY,Stores,300000246512453,Y,893930,DELIVER,ACCEPTED,10,2022-09-15T11:10:04.000+00:00,SCM_IMPL
300000246513139,640649,RECEIVING,,300000246513262,Y,894930,RECEIVE,NOT INSPECTED,,2022-09-15T11:15:56.000+00:00,SCM_IMPL
300000246513139,640649,INVENTORY,Stores,300000246513262,N,894931,DELIVER,NOT INSPECTED,,2022-09-15T11:15:56.000+00:00,SCM_IMPL
300000246962943,641649,RECEIVING,,300000246962944,Y,895928,RECEIVE,NOT INSPECTED,,2022-09-28T10:24:32.000+00:00,Implementation.user
300000246962943,641649,EXPENSE,,300000246962944,N,895929,DELIVER,NOT INSPECTED,,2022-09-28T10:24:32.000+00:00,Implementation.user
300000246963114,641650,RECEIVING,,300000246963116,Y,895930,RECEIVE,NOT INSPECTED,,2022-09-28T11:23:50.000+00:00,Implementation.user
300000246963114,641650,EXPENSE,,300000246963116,N,895931,DELIVER,NOT INSPECTED,,2022-09-28T11:23:50.000+00:00,Implementation.user
300000246971352,642649,RECEIVING,,300000246971354,Y,896928,RECEIVE,NOT INSPECTED,,2022-09-29T05:32:20.000+00:00,Implementation.user
300000246971352,642649,EXPENSE,,300000246971354,N,896929,DELIVER,NOT INSPECTED,,2022-09-29T05:32:20.000+00:00,Implementation.user
300000246980614,643649,RECEIVING,,300000246980616,Y,896930,RECEIVE,NOT INSPECTED,,2022-09-29T07:51:24.000+00:00,Implementation.user
300000246980614,643649,EXPENSE,,300000246980616,N,896931,DELIVER,NOT INSPECTED,,2022-09-29T07:51:24.000+00:00,Implementation.user
300000246981068,644649,RECEIVING,,300000246981069,Y,896932,RECEIVE,NOT INSPECTED,,2022-09-29T09:17:01.000+00:00,Implementation.user
300000246981068,644649,EXPENSE,,300000246981069,N,896933,DELIVER,NOT INSPECTED,,2022-09-29T09:17:01.000+00:00,Implementation.user
300000246988161,641651,RECEIVING,,300000246988163,Y,895932,RECEIVE,NOT INSPECTED,,2022-09-30T03:50:56.000+00:00,Implementation.user
300000246988161,641651,EXPENSE,,300000246988163,N,895933,DELIVER,NOT INSPECTED,,2022-09-30T03:50:56.000+00:00,Implementation.user
300000246998703,641652,RECEIVING,,300000246998705,Y,895934,RECEIVE,NOT INSPECTED,,2022-09-30T08:07:55.000+00:00,Implementation.user
300000246998703,641652,EXPENSE,,300000246998705,N,895935,DELIVER,NOT INSPECTED,,2022-09-30T08:07:55.000+00:00,Implementation.user
300000246998703,641652,RECEIVING,,300000246998708,Y,895936,RECEIVE,NOT INSPECTED,,2022-09-30T08:07:55.000+00:00,Implementation.user
300000246998703,641652,EXPENSE,,300000246998708,N,895937,DELIVER,NOT INSPECTED,,2022-09-30T08:07:55.000+00:00,Implementation.user
300000246998703,641652,RECEIVING,,300000246998708,Y,895938,RECEIVE,NOT INSPECTED,,2022-09-30T08:07:55.000+00:00,Implementation.user
300000246998703,641652,EXPENSE,,300000246998708,N,895939,DELIVER,NOT INSPECTED,,2022-09-30T08:07:55.000+00:00,Implementation.user
300000247046531,645649,RECEIVING,,300000247046532,Y,897928,RECEIVE,NOT INSPECTED,,2022-10-03T13:01:12.000+00:00,SCM_IMPL
300000247046531,645649,INVENTORY,Stores,300000247046532,N,897929,DELIVER,NOT INSPECTED,,2022-10-03T13:01:12.000+00:00,SCM_IMPL
300000247046703,646649,RECEIVING,,300000247046704,Y,898928,RECEIVE,NOT INSPECTED,,2022-10-03T13:19:30.000+00:00,SCM_IMPL
300000247046703,646649,INVENTORY,Stores,300000247046704,N,898929,DELIVER,NOT INSPECTED,,2022-10-03T13:19:30.000+00:00,SCM_IMPL
300000247067101,645650,RECEIVING,,300000247067103,Y,897930,RECEIVE,NOT INSPECTED,,2022-10-06T07:07:06.000+00:00,Implementation.user
300000247067101,645650,RECEIVING,,300000247067103,Y,898930,RETURN TO VENDOR,NOT INSPECTED,,2022-10-06T07:10:19.000+00:00,Implementation.user
300000247084122,646650,RECEIVING,,300000247084124,Y,898931,RECEIVE,NOT INSPECTED,,2022-10-06T11:51:49.000+00:00,Implementation.user
300000247084122,646650,EXPENSE,,300000247084124,N,898932,DELIVER,NOT INSPECTED,,2022-10-06T11:51:50.000+00:00,Implementation.user
300000247084139,645651,RECEIVING,,300000247084141,Y,897931,RECEIVE,NOT INSPECTED,,2022-10-06T11:58:53.000+00:00,Implementation.user
300000247084139,645651,EXPENSE,,300000247084141,N,897932,DELIVER,NOT INSPECTED,,2022-10-06T11:58:53.000+00:00,Implementation.user
300000247084243,645652,RECEIVING,,300000247084244,Y,897933,RECEIVE,NOT INSPECTED,,2022-10-06T12:52:59.000+00:00,Implementation.user
300000247084243,645652,EXPENSE,,300000247084244,N,897934,DELIVER,NOT INSPECTED,,2022-10-06T12:52:59.000+00:00,Implementation.user
300000247148040,647649,RECEIVING,,300000247148045,Y,899928,RECEIVE,NOT INSPECTED,,2022-10-11T06:58:18.000+00:00,Implementation.user
300000247148040,647649,EXPENSE,,300000247148045,N,899929,DELIVER,NOT INSPECTED,,2022-10-11T06:58:18.000+00:00,Implementation.user
300000247148097,648649,RECEIVING,,300000247148099,Y,900928,RECEIVE,NOT INSPECTED,,2022-10-12T06:51:15.000+00:00,Implementation.user
300000247148097,648649,EXPENSE,,300000247148099,N,900929,DELIVER,NOT INSPECTED,,2022-10-12T06:51:15.000+00:00,Implementation.user
300000247269143,648650,RECEIVING,,300000247269145,Y,901928,RECEIVE,NOT INSPECTED,,2022-10-13T07:37:45.000+00:00,Implementation.user
300000247268708,648651,RECEIVING,,300000247268710,Y,901929,RECEIVE,NOT INSPECTED,,2022-10-13T09:01:25.000+00:00,Implementation.user
300000247268708,648651,INVENTORY,SUB_STORE,300000247268710,N,901930,DELIVER,NOT INSPECTED,,2022-10-13T09:01:25.000+00:00,Implementation.user
300000247269274,648652,RECEIVING,,300000247269276,Y,901931,RECEIVE,NOT INSPECTED,,2022-10-13T09:52:02.000+00:00,Implementation.user
300000247269274,648652,EXPENSE,,300000247269276,N,901932,DELIVER,NOT INSPECTED,,2022-10-13T09:52:02.000+00:00,Implementation.user
300000247452217,649649,RECEIVING,,300000247452219,Y,902928,RECEIVE,NOT INSPECTED,,2022-10-14T10:15:55.000+00:00,Implementation.user
300000247452217,649649,EXPENSE,,300000247452219,N,902929,DELIVER,NOT INSPECTED,,2022-10-14T10:15:55.000+00:00,Implementation.user
300000247675487,650649,RECEIVING,,300000247675489,Y,903928,RECEIVE,NOT INSPECTED,,2022-10-17T06:07:05.000+00:00,Implementation.user
300000247675487,650649,RECEIVING,,300000247675489,Y,904928,ACCEPT,ACCEPTED,20,2022-10-17T06:08:53.000+00:00,Implementation.user
300000247675487,650649,EXPENSE,,300000247675489,Y,905928,DELIVER,ACCEPTED,20,2022-10-17T06:18:18.000+00:00,Implementation.user
300000247675686,651649,RECEIVING,,300000247675706,Y,905929,RECEIVE,NOT INSPECTED,,2022-10-17T06:40:35.000+00:00,Implementation.user
300000247675686,651649,EXPENSE,,300000247675706,N,905930,DELIVER,NOT INSPECTED,,2022-10-17T06:40:35.000+00:00,Implementation.user
300000247675738,651650,RECEIVING,,300000247675740,Y,905931,RECEIVE,NOT INSPECTED,,2022-10-17T07:54:19.000+00:00,Implementation.user
300000247675738,651650,RECEIVING,,300000247675740,Y,906928,ACCEPT,ACCEPTED,40,2022-10-17T07:55:58.000+00:00,Implementation.user
300000247675738,651650,EXPENSE,,300000247675740,Y,906929,DELIVER,ACCEPTED,40,2022-10-17T08:01:40.000+00:00,Implementation.user
300000247675738,651650,RECEIVING,,300000247675740,Y,905932,RETURN TO VENDOR,NOT INSPECTED,,2022-10-17T08:25:55.000+00:00,Implementation.user
300000247710385,651651,RECEIVING,,300000247710388,Y,905933,RECEIVE,NOT INSPECTED,,2022-10-17T10:01:51.000+00:00,Implementation.user
300000247710385,651651,RECEIVING,,300000247710388,Y,906930,ACCEPT,ACCEPTED,,2022-10-17T10:03:31.000+00:00,Implementation.user
300000247710385,651651,EXPENSE,,300000247710388,Y,906931,DELIVER,ACCEPTED,,2022-10-17T10:05:44.000+00:00,Implementation.user
300000247710447,651652,RECEIVING,,300000247710474,Y,905934,RECEIVE,NOT INSPECTED,,2022-10-17T10:58:34.000+00:00,Implementation.user
300000247710447,651652,EXPENSE,,300000247710474,N,905935,DELIVER,NOT INSPECTED,,2022-10-17T10:58:34.000+00:00,Implementation.user
300000247710447,651652,EXPENSE,,300000247710474,Y,905936,CORRECT,NOT INSPECTED,,2022-10-17T11:00:53.000+00:00,Implementation.user
300000247710447,651652,RECEIVING,,300000247710474,Y,905937,CORRECT,NOT INSPECTED,,2022-10-17T11:00:53.000+00:00,Implementation.user
300000247722613,650650,RECEIVING,,300000247722615,Y,906932,RECEIVE,NOT INSPECTED,,2022-10-18T08:30:45.000+00:00,Implementation.user
300000247722613,650650,EXPENSE,,300000247722615,N,906933,DELIVER,NOT INSPECTED,,2022-10-18T08:30:45.000+00:00,Implementation.user
300000247726706,651653,RECEIVING,Staging1,300000247726711,Y,905938,RECEIVE,NOT INSPECTED,,2022-10-18T09:55:39.000+00:00,Implementation.user
300000247726722,650651,RECEIVING,,300000247726723,Y,906934,RECEIVE,NOT INSPECTED,,2022-10-18T10:22:22.000+00:00,Implementation.user
300000247726722,650651,EXPENSE,,300000247726723,N,906935,DELIVER,NOT INSPECTED,,2022-10-18T10:22:22.000+00:00,Implementation.user
300000247722613,650650,EXPENSE,,300000247722615,N,906936,RETURN TO RECEIVING,NOT INSPECTED,,2022-10-18T11:36:25.000+00:00,Implementation.user
300000247722613,650650,RECEIVING,,300000247722615,Y,906937,RETURN TO VENDOR,NOT INSPECTED,,2022-10-18T11:36:26.000+00:00,Implementation.user
300000247115571,650652,RECEIVING,,300000247115573,Y,906938,RECEIVE,NOT INSPECTED,,2022-10-18T11:39:38.000+00:00,Implementation.user
300000247736492,650653,RECEIVING,,300000247736494,Y,906939,RECEIVE,NOT INSPECTED,,2022-10-18T12:02:59.000+00:00,Implementation.user
300000247736715,650654,RECEIVING,,300000247736717,Y,906940,RECEIVE,NOT INSPECTED,,2022-10-18T12:38:41.000+00:00,Implementation.user
300000247736715,650654,INVENTORY,SUB_INV2,300000247736717,N,906941,DELIVER,NOT INSPECTED,,2022-10-18T12:38:41.000+00:00,Implementation.user
300000247737128,651654,RECEIVING,,300000247737130,Y,905939,RECEIVE,NOT INSPECTED,,2022-10-18T14:26:29.000+00:00,Implementation.user
300000247737326,650655,RECEIVING,,300000247737328,Y,906942,RECEIVE,NOT INSPECTED,,2022-10-18T15:36:28.000+00:00,Implementation.user
300000247737326,650655,INVENTORY,SUB_INV2,300000247737328,N,906943,DELIVER,NOT INSPECTED,,2022-10-18T15:36:28.000+00:00,Implementation.user
300000247737340,650656,RECEIVING,,300000247737342,Y,906944,RECEIVE,NOT INSPECTED,,2022-10-18T15:43:31.000+00:00,Implementation.user
300000247744695,651655,RECEIVING,,300000247744697,Y,905940,RECEIVE,NOT INSPECTED,,2022-10-18T16:34:47.000+00:00,Implementation.user
300000247748080,650657,RECEIVING,,300000247748081,Y,906945,RECEIVE,NOT INSPECTED,,2022-10-20T08:20:26.000+00:00,Implementation.user
300000247748080,650657,INVENTORY,SUB_INV3,300000247748081,Y,905941,DELIVER,NOT INSPECTED,,2022-10-20T08:37:53.000+00:00,Implementation.user
300000247764444,651656,RECEIVING,,300000247764445,Y,905942,RECEIVE,NOT INSPECTED,,2022-10-20T08:39:39.000+00:00,Implementation.user
300000247764444,651656,EXPENSE,,300000247764445,N,905943,DELIVER,NOT INSPECTED,,2022-10-20T08:39:39.000+00:00,Implementation.user
300000247748080,650657,INVENTORY,,300000247748081,N,905944,RETURN TO RECEIVING,NOT INSPECTED,,2022-10-20T10:40:17.000+00:00,Implementation.user
300000247748080,650657,RECEIVING,,300000247748081,Y,905945,RETURN TO VENDOR,NOT INSPECTED,,2022-10-20T10:40:18.000+00:00,Implementation.user
300000247795663,652649,RECEIVING,,300000247795664,Y,907928,RECEIVE,NOT INSPECTED,,2022-10-26T13:23:55.000+00:00,SCM_IMPL
300000247795663,652649,INVENTORY,Stores,300000247795664,Y,907929,DELIVER,NOT INSPECTED,,2022-10-26T13:26:36.000+00:00,SCM_IMPL
300000247744695,651655,INVENTORY,SUB_INV2,300000247744697,Y,908928,DELIVER,NOT INSPECTED,,2022-10-28T06:11:35.000+00:00,Implementation.user
